video_name,total_ratings_count,valid_ratings_count,unset_count,final_rate1,final_rate2,final_rate3,final_rate4,final_rate5,final_rate6,final_rate7,final_rate8,final_rate9,final_rate10,final_rate11,final_rate12,final_rate13,final_rate14,final_rate15,final_rate16,final_rate17,final_rate18,final_rate19,final_rate20,final_rate21,final_rate22,final_rate23,final_rate24,final_rate25,final_rate26,final_rate27,final_rate28,final_rate29,final_rate30,final_rate31,final_rate32,final_rate33,final_rate34,final_rate35,final_rate36,final_rate37,final_rate38,final_rate39,final_rate40,final_rate41,final_rate42,final_rate43,final_rate44,final_rate45,final_rate46,final_rate47,final_rate48,final_rate49,final_rate50,final_rate51,final_rate52,final_rate53,final_rate54,final_rate55,final_rate56,final_rate57,final_rate58,final_rate59,final_rate60,final_rate61
amt_gaming_vqa_dataset/Godofwar_1,61,60,1,73,37,85,89,81,84,84,71,82,75,72,100,unset,64,78,76,69,67,100,78,72,87,51,81,44,60,9,100,54,87,79,81,72,68,84,53,91,74,50,58,81,64,81,87,78,87,67,78,100,78,97,68,73,72,87,71,52,67,91,8,79
amt_gaming_vqa_dataset/MLBtheshow_2160p_10000k_hevcnvenc,61,57,4,72,82,68,88,70,100,75,55,unset,54,71,74,85,74,80,61,22,69,87,0,72,94,72,unset,57,67,95,100,54,87,62,71,93,68,94,53,90,64,88,72,88,85,unset,86,87,94,66,86,78,86,unset,94,95,76,83,96,64,84,85,100,73
amt_gaming_vqa_dataset/t18jJAKEmlg_StarCraft_23-26_720p_1300k_av1,61,61,0,40,16,72,35,32,50,11,14,36,17,28,33,45,22,55,30,75,32,71,53,28,93,50,50,64,50,40,50,46,50,50,32,71,75,15,39,67,22,83,76,24,37,33,47,78,65,31,81,74,16,52,20,29,19,29,41,42,73,80,7,22
amt_gaming_vqa_dataset/t18jJAKEmlg_StarCraft_23-26,61,59,2,30,54,67,44,41,44,31,14,26,18,28,78,63,57,77,61,68,29,71,59,58,59,65,49,77,60,6,unset,44,67,61,54,66,73,24,36,51,22,unset,63,5,59,54,48,78,81,53,79,75,72,44,62,29,50,42,14,38,59,70,40,71
amt_gaming_vqa_dataset/MLBtheshow_720p_600k_hevcnvenc,61,61,0,27,45,59,23,63,54,11,11,13,0,49,13,18,45,31,0,16,23,49,0,27,21,27,27,14,43,50,27,38,60,53,47,78,67,25,55,27,22,100,39,24,40,26,23,31,56,12,79,14,37,86,3,22,39,14,51,25,52,28,56,26
amt_gaming_vqa_dataset/MLBtheshow_720p_3500k_hevcnvenc,61,61,0,72,80,57,70,72,63,73,70,84,75,70,73,78,84,68,60,72,55,92,0,72,80,54,87,23,71,96,93,52,71,71,50,97,66,58,39,85,61,80,60,76,82,79,78,78,70,69,85,34,64,95,65,92,87,81,89,44,92,72,100,72
amt_gaming_vqa_dataset/MLBtheshow_720p_1500k_hevcnvenc,61,61,0,58,21,75,27,72,90,46,42,64,68,54,65,67,63,40,52,28,40,87,1,59,72,73,87,31,50,97,64,38,46,61,48,91,68,30,50,65,69,87,63,54,50,45,46,68,70,46,93,17,50,96,70,73,87,25,30,52,72,56,96,54
amt_gaming_vqa_dataset/MLBtheshow_480p_800k_hevcnvenc,61,61,0,28,38,82,40,67,53,72,22,17,7,49,25,56,30,22,33,10,29,50,3,29,22,57,49,13,57,93,47,39,41,61,28,93,84,14,50,49,33,89,65,26,69,26,32,31,73,46,75,70,30,78,49,29,36,21,20,23,61,15,71,34
amt_gaming_vqa_dataset/MLBtheshow_2160p_6000k_hevcnvenc,61,57,4,72,unset,80,89,71,100,65,71,unset,54,71,68,87,76,80,79,77,70,78,0,71,93,62,88,56,73,98,87,47,67,71,73,89,67,93,53,92,57,98,57,77,87,unset,87,78,70,59,88,29,89,unset,70,92,87,70,88,61,94,58,100,72
amt_gaming_vqa_dataset/MLBtheshow_2160p_1500k_hevcnvenc,61,57,4,42,56,78,33,72,28,39,25,unset,30,28,45,74,unset,41,34,73,50,68,0,59,88,80,51,14,63,74,59,36,66,58,44,89,76,37,53,51,25,92,57,33,69,unset,41,31,70,31,87,9,58,unset,16,30,49,12,23,35,56,55,95,21
amt_gaming_vqa_dataset/MLBtheshow_1080p_800k_hevcnvenc,61,60,1,28,18,77,17,49,61,33,14,15,31,28,0,unset,29,26,12,54,40,44,0,7,44,60,49,17,56,79,22,29,22,39,34,56,71,43,54,10,24,88,59,25,50,22,31,31,70,24,79,53,36,88,16,28,36,11,63,20,75,51,58,37
amt_gaming_vqa_dataset/t18jJAKEmlg_StarCraft_23-26_720p_500k_av1,61,61,0,28,8,77,16,40,0,12,14,18,0,0,3,36,13,21,5,75,31,59,54,0,25,75,51,84,42,30,17,33,30,50,50,62,64,10,37,0,18,83,77,14,32,38,8,40,65,23,50,55,20,34,0,28,18,10,70,38,50,59,29,0
amt_gaming_vqa_dataset/MLBtheshow_1080p_6000k_hevcnvenc,61,60,1,72,75,68,89,65,66,59,68,86,64,71,97,75,77,78,64,79,65,100,6,71,87,68,86,59,59,79,88,58,82,72,71,76,72,72,52,75,70,76,82,83,87,73,89,83,79,73,90,84,80,97,90,unset,87,77,74,77,85,87,92,78
amt_gaming_vqa_dataset/MLBtheshow_1080p_2000k_hevcnvenc,61,61,0,72,16,74,55,77,75,53,76,87,43,72,73,73,78,69,55,49,55,67,0,60,84,55,87,69,75,79,79,42,50,71,52,93,64,64,49,83,69,78,80,60,83,46,45,69,71,43,77,63,60,89,92,72,87,40,89,34,81,52,96,56
amt_gaming_vqa_dataset/MLBtheshow_720p_5000k_h264nvenc,61,61,0,74,73,64,46,75,65,70,71,83,75,71,78,68,94,86,36,87,46,87,68,72,93,75,69,59,66,95,87,35,69,80,78,98,83,32,49,76,78,93,68,63,87,66,49,88,81,75,84,100,70,97,84,77,81,70,70,47,71,69,93,38
amt_gaming_vqa_dataset/MLBtheshow_720p_2500k_h264nvenc,61,61,0,72,62,91,36,72,43,28,58,72,67,56,50,72,44,72,26,80,53,49,76,72,62,72,61,31,60,92,87,35,50,62,67,91,67,50,35,71,43,65,75,66,45,44,38,69,71,53,90,100,71,95,44,74,39,20,49,19,56,85,93,62
amt_gaming_vqa_dataset/MLBtheshow_720p_1000k_h264nvenc,61,61,0,29,7,81,10,39,0,0,17,30,12,0,0,35,12,22,16,54,30,39,53,0,25,15,39,5,40,72,13,43,31,43,30,88,73,24,39,0,16,97,64,24,27,26,11,18,41,21,82,100,28,59,0,31,18,14,10,10,42,28,70,25
amt_gaming_vqa_dataset/MLBtheshow_480p_1000k_h264nvenc,61,61,0,29,15,87,10,64,0,32,21,21,19,29,8,20,21,31,29,64,31,34,48,30,28,76,64,13,42,90,50,64,25,54,48,93,67,8,52,50,18,77,79,30,59,28,29,26,47,24,82,75,38,74,58,27,40,13,21,16,29,49,78,33
amt_gaming_vqa_dataset/MLBtheshow_2160p_8500k_h264nvenc,61,59,2,72,76,78,70,71,100,77,59,unset,42,70,64,76,80,78,48,68,56,70,23,70,94,59,87,46,65,96,86,59,61,60,82,96,73,57,40,87,75,77,63,56,78,50,47,71,96,66,72,70,75,unset,79,59,78,27,74,35,51,74,93,31
amt_gaming_vqa_dataset/MLBtheshow_2160p_5000k_h264nvenc,61,59,2,71,18,65,22,53,23,21,22,unset,0,50,31,77,26,50,16,75,51,41,56,51,43,42,40,43,41,77,22,30,69,50,54,70,68,22,55,48,37,87,76,34,31,unset,41,22,57,21,88,100,30,78,0,58,50,9,50,21,50,30,75,16
amt_gaming_vqa_dataset/t18jJAKEmlg_StarCraft_23-26_720p_3000k_av1,61,61,0,29,41,76,68,31,66,12,19,65,56,28,68,55,24,74,54,72,31,55,44,31,94,89,51,83,58,94,89,26,33,62,49,71,61,71,52,37,22,77,81,39,61,33,38,69,55,23,84,84,35,59,65,29,37,28,97,42,62,50,18,54
amt_gaming_vqa_dataset/t18jJAKEmlg_StarCraft_23-26_720p_1000k_h264_nvenc,61,60,1,28,7,65,8,24,0,19,32,17,0,25,12,24,22,21,40,70,24,50,60,7,59,60,unset,56,39,74,36,41,29,50,33,78,69,9,35,0,34,17,67,0,31,25,8,41,50,14,84,100,15,49,0,15,18,22,26,27,4,71,48,28
amt_gaming_vqa_dataset/MLBtheshow_1080p_5300k_h264nvenc,61,60,1,72,74,80,78,62,95,63,62,32,62,59,67,65,73,78,56,71,59,78,69,71,71,60,88,40,78,65,86,36,72,81,56,61,61,69,30,59,76,69,16,54,83,72,48,78,85,68,88,84,84,97,91,unset,41,60,92,29,72,91,100,49
amt_gaming_vqa_dataset/AGXB0DUZ9rw_CallofDutyMobile_0-00_1080p_2300k_h264_nvenc,61,58,3,50,13,73,17,48,72,30,27,unset,11,49,45,44,43,41,26,72,29,53,55,35,50,62,71,22,50,51,87,29,50,unset,33,90,68,25,39,51,35,65,unset,37,40,26,43,35,70,32,85,84,41,42,29,30,73,14,51,18,43,56,67,20
amt_gaming_vqa_dataset/Godofwar_1_1080p_1500k_av1,61,60,1,29,29,77,29,40,unset,59,45,54,20,29,36,73,17,40,22,63,25,50,46,29,64,39,36,55,54,59,85,13,38,40,68,56,58,43,52,55,30,70,71,46,54,47,46,41,71,41,77,59,35,79,53,51,38,37,37,20,47,52,73,57
amt_gaming_vqa_dataset/oiFIE3f5_vM_Minecraft_11-50_480p_1000k_h264_nvenc,61,60,1,28,72,74,16,60,7,27,36,18,0,28,1,30,23,2,5,69,26,7,44,27,68,43,41,20,28,93,59,14,10,39,26,55,54,9,32,11,42,72,65,19,30,37,13,27,67,20,72,75,29,unset,30,21,22,17,13,9,2,50,10,20
amt_gaming_vqa_dataset/oiFIE3f5_vM_Minecraft_11-50_480p_1000k_av1,61,61,0,41,55,60,32,59,62,20,41,25,15,8,7,27,18,25,11,75,23,8,54,28,69,74,23,13,32,95,87,30,19,29,36,86,57,13,32,49,30,69,73,21,31,59,13,31,63,42,77,100,28,43,28,28,45,12,10,25,36,51,28,23
amt_gaming_vqa_dataset/oiFIE3f5_vM_Minecraft_11-50,61,58,3,51,44,74,32,52,70,21,54,29,42,26,54,22,11,34,24,58,38,10,56,27,94,29,unset,18,33,5,unset,45,17,21,30,92,66,28,53,63,39,unset,68,31,31,65,48,35,78,66,70,79,18,74,60,59,59,22,10,38,8,51,0,30
amt_gaming_vqa_dataset/AGXB0DUZ9rw_CallofDutyMobile_0-00_1080p_800k_hevc_nvenc,61,52,9,50,22,unset,50,57,62,29,43,unset,37,59,65,54,56,52,27,unset,43,59,unset,50,50,77,51,57,44,50,37,30,60,71,57,69,unset,26,unset,50,40,62,76,47,45,unset,49,59,55,44,85,unset,38,unset,53,50,50,34,70,34,30,63,96,53
amt_gaming_vqa_dataset/AGXB0DUZ9rw_CallofDutyMobile_0-00_1080p_6000k_hevc_nvenc,61,51,10,71,29,unset,48,61,unset,63,42,unset,39,50,66,76,55,51,54,unset,52,65,unset,60,50,67,88,32,49,29,99,35,69,81,57,93,unset,40,unset,70,55,58,62,63,59,unset,85,60,84,60,78,unset,79,unset,80,71,68,81,90,44,57,49,29,69
amt_gaming_vqa_dataset/AGXB0DUZ9rw_CallofDutyMobile_0-00_1080p_2000k_hevc_nvenc,61,52,9,51,45,unset,49,58,72,59,47,unset,74,59,57,69,55,60,42,unset,45,69,unset,51,60,63,69,54,47,63,87,37,59,71,83,72,unset,45,unset,48,62,88,42,50,50,unset,86,60,67,54,87,unset,79,unset,70,55,47,59,59,60,42,66,96,69
amt_gaming_vqa_dataset/AGXB0DUZ9rw_CallofDutyMobile_0-00_1080p_5300k_h264_nvenc,61,56,5,50,unset,76,37,73,49,60,59,unset,43,59,69,77,68,78,57,78,50,74,60,71,59,78,69,54,46,70,87,41,72,unset,58,73,72,26,50,70,50,79,78,71,40,unset,69,69,63,51,77,100,68,unset,75,43,54,77,72,53,66,50,98,59
amt_gaming_vqa_dataset/AGXB0DUZ9rw_CallofDutyMobile_0-00_1080p_10000k_h264_nvenc,61,60,1,71,22,76,61,61,70,68,41,59,25,59,75,67,75,71,47,73,46,71,77,49,97,37,60,58,42,96,100,28,67,67,55,72,71,50,61,49,51,67,62,55,64,74,86,69,88,65,88,57,77,unset,55,45,55,61,49,65,59,41,71,69
amt_gaming_vqa_dataset/t18jJAKEmlg_StarCraft_23-26_720p_2500k_h264_nvenc,61,60,1,28,74,69,39,11,61,25,22,43,30,41,28,unset,35,52,40,70,44,50,73,49,85,57,60,82,50,93,59,34,50,42,51,63,68,29,55,51,22,90,68,8,59,34,32,78,71,32,50,100,24,61,0,45,17,30,74,36,96,82,14,32
amt_gaming_vqa_dataset/AGXB0DUZ9rw_CallofDutyMobile_0-00_1080p_500k_av1,61,61,0,50,14,66,19,61,46,36,36,28,16,49,71,62,78,31,44,57,45,59,60,59,50,40,41,23,35,61,68,19,41,70,52,97,67,14,66,50,42,70,39,45,59,33,50,31,70,22,83,83,46,49,58,52,50,59,50,23,70,54,93,53
amt_gaming_vqa_dataset/AGXB0DUZ9rw_CallofDutyMobile_0-00_1080p_5000k_av1,61,60,1,59,75,74,74,71,81,47,37,47,8,50,82,74,72,50,53,75,53,71,69,50,95,21,unset,63,50,51,100,35,71,63,59,39,71,45,68,69,43,90,59,66,58,71,49,50,70,50,81,72,72,72,70,59,44,69,51,55,58,53,70,67
amt_gaming_vqa_dataset/AGXB0DUZ9rw_CallofDutyMobile_0-00_1080p_1500k_av1,61,61,0,52,18,71,59,73,77,50,51,78,15,57,65,78,63,31,61,70,46,61,68,61,66,84,50,45,50,94,88,36,64,50,53,70,69,28,56,70,44,69,67,71,50,78,50,69,70,59,80,72,78,61,74,59,50,70,61,52,71,48,96,59
amt_gaming_vqa_dataset/AGXB0DUZ9rw_CallofDutyMobile_0-00,61,57,4,52,46,73,37,75,100,42,30,78,36,52,76,69,unset,59,62,73,54,70,68,59,unset,74,29,58,55,4,unset,39,71,81,82,100,77,40,67,65,68,28,65,63,41,75,68,78,71,67,unset,80,71,45,75,71,78,70,10,52,58,51,51,63
amt_gaming_vqa_dataset/t18jJAKEmlg_StarCraft_23-26_720p_600k_hevc_nvenc,61,55,6,8,19,unset,4,27,24,16,19,20,13,0,12,24,15,21,5,unset,33,41,unset,7,26,45,21,77,40,92,13,20,18,50,31,61,unset,13,unset,0,7,88,40,3,50,22,10,28,45,24,71,unset,29,39,29,28,18,13,58,22,52,48,29,26
amt_gaming_vqa_dataset/t18jJAKEmlg_StarCraft_23-26_720p_3500k_hevc_nvenc,61,55,6,51,63,unset,68,32,65,15,15,22,65,27,38,55,31,90,45,unset,42,65,unset,30,86,38,41,79,59,96,89,37,37,81,50,61,unset,41,unset,67,14,60,38,0,59,72,50,36,73,38,82,unset,31,43,43,48,41,70,89,54,44,70,47,57
amt_gaming_vqa_dataset/t18jJAKEmlg_StarCraft_23-26_720p_1500k_hevc_nvenc,61,55,6,25,29,unset,30,28,66,26,44,35,15,8,41,35,31,78,55,unset,36,59,unset,28,80,91,60,77,56,82,87,36,53,60,50,72,unset,14,unset,39,58,91,74,19,41,31,49,69,69,24,80,unset,53,63,14,27,17,38,73,29,56,57,17,25
amt_gaming_vqa_dataset/t18jJAKEmlg_StarCraft_23-26_720p_5000k_h264_nvenc,61,61,0,50,27,70,66,30,56,10,25,27,83,29,39,75,55,72,46,69,39,68,67,52,84,76,32,55,58,93,72,31,59,79,52,81,56,17,52,50,50,63,41,35,66,46,49,59,74,28,82,96,41,54,48,28,38,30,51,34,76,54,51,65
amt_gaming_vqa_dataset/MLBtheshow_2160p_25000k_h264nvenc,61,55,6,73,85,75,90,73,100,63,60,unset,77,71,100,65,65,79,86,75,72,88,59,59,69,79,unset,65,63,unset,100,46,70,71,73,71,65,69,52,68,57,unset,71,68,63,unset,86,80,71,70,unset,63,89,97,94,72,72,84,92,66,73,50,99,65
amt_gaming_vqa_dataset/oiFIE3f5_vM_Minecraft_11-50_480p_800k_hevc_nvenc,61,55,6,28,24,unset,40,50,71,33,24,23,0,28,39,22,30,16,17,unset,18,8,unset,31,50,19,50,12,31,92,36,25,22,28,28,73,unset,12,unset,49,42,77,48,22,30,37,30,26,71,27,80,unset,31,43,49,42,26,20,6,11,19,48,51,18
amt_gaming_vqa_dataset/MLBtheshow_1080p_2300k_h264nvenc,61,60,1,73,79,69,21,73,44,15,49,86,0,50,33,28,36,30,13,84,50,59,60,49,50,34,87,13,51,81,18,28,50,50,50,98,66,50,51,9,17,81,60,28,29,36,28,31,59,28,80,100,46,55,4,unset,31,11,48,22,61,68,86,20
amt_gaming_vqa_dataset/Godofwar_1_1080p_10000k_h264nvenc,61,59,2,71,86,72,89,48,unset,80,77,91,83,71,87,64,82,78,37,75,60,97,62,72,95,85,70,59,53,93,100,59,69,82,80,61,68,63,50,72,80,76,75,82,70,83,86,69,71,74,87,90,72,97,63,71,47,85,unset,41,67,94,77,76
amt_gaming_vqa_dataset/Godofwar_1_720p_5000k_h264nvenc,61,61,0,71,79,66,70,61,90,70,58,40,82,60,85,78,80,77,33,73,34,68,58,64,81,60,88,86,53,93,100,48,70,64,76,88,66,51,52,70,68,65,24,63,69,63,86,50,83,59,89,85,72,96,76,71,73,60,74,34,71,87,72,74
amt_gaming_vqa_dataset/Godofwar_1_720p_2500k_h264nvenc,61,61,0,50,24,76,77,60,78,70,27,40,32,49,30,65,55,41,10,66,39,56,41,30,85,86,50,81,46,97,86,39,37,50,54,61,56,59,52,59,39,60,77,48,78,36,50,59,80,28,83,66,30,96,54,53,41,42,50,33,51,51,61,59
amt_gaming_vqa_dataset/Godofwar_1_720p_1000k_h264nvenc,61,61,0,0,36,62,0,39,0,6,11,3,0,0,0,15,10,2,0,72,14,13,24,0,19,29,51,16,23,90,21,9,9,8,33,63,68,62,53,0,14,70,59,18,16,14,9,22,29,13,83,68,20,17,0,6,13,13,12,0,9,31,69,12
amt_gaming_vqa_dataset/Godofwar_1_480p_1000k_h264nvenc,61,61,0,29,8,77,6,22,46,11,22,9,4,7,3,27,28,19,0,72,31,27,22,0,46,54,41,59,25,37,37,16,14,29,32,73,60,35,50,0,12,61,69,18,36,17,18,27,50,10,65,100,21,31,92,29,36,12,29,12,16,29,55,33
amt_gaming_vqa_dataset/Godofwar_1_2160p_8500k_h264nvenc,61,58,3,60,79,75,58,40,74,62,30,78,72,50,81,73,71,37,21,82,51,41,61,51,83,66,81,70,50,unset,93,34,56,50,59,68,55,47,55,unset,33,unset,37,46,50,37,39,69,70,33,72,100,58,71,53,71,59,49,49,14,79,71,86,43
amt_gaming_vqa_dataset/Godofwar_1_2160p_5000k_h264nvenc,61,60,1,27,27,71,0,1,0,11,17,unset,0,21,28,15,20,32,0,74,29,8,30,50,50,18,32,14,39,41,69,29,37,8,28,80,57,27,51,21,18,44,64,24,31,26,37,21,71,18,85,70,28,30,3,42,9,16,25,15,17,53,71,22
amt_gaming_vqa_dataset/Godofwar_1_2160p_25000k_h264nvenc,61,55,6,72,63,84,93,50,71,74,32,unset,84,72,74,77,80,50,37,79,66,75,62,71,85,69,unset,77,94,unset,100,54,82,59,81,56,68,80,51,83,73,unset,57,77,69,76,90,50,80,75,unset,82,75,96,100,72,83,87,unset,39,71,89,71,80
amt_gaming_vqa_dataset/Godofwar_1_1080p_5300k_h264nvenc,61,60,1,60,46,87,89,42,100,64,67,78,80,71,72,78,78,52,49,62,46,71,69,59,80,80,87,77,50,95,88,65,59,41,78,64,56,76,52,unset,70,72,65,81,60,63,50,50,81,66,79,71,43,96,50,60,73,58,52,39,64,52,63,71
amt_gaming_vqa_dataset/Godofwar_1_720p_500k_av1,61,61,0,27,11,77,15,28,0,11,23,25,0,0,0,23,12,9,6,40,26,23,21,0,23,12,71,44,25,11,18,26,9,28,29,60,52,9,62,0,19,72,70,27,31,14,21,16,45,21,84,77,24,12,3,6,3,17,19,13,28,70,70,21
amt_gaming_vqa_dataset/Godofwar_1_1080p_6000k_hevcnvenc,61,61,0,71,55,69,88,56,58,78,81,91,83,71,94,76,65,51,43,62,64,83,0,74,86,36,78,78,49,90,85,50,52,67,80,92,69,66,57,89,73,59,45,76,78,82,86,78,82,71,81,82,76,96,87,72,87,83,63,37,80,91,79,76
amt_gaming_vqa_dataset/Godofwar_1_720p_3000k_av1,61,60,1,60,82,68,53,50,89,38,69,87,75,59,66,54,64,50,29,57,38,75,56,50,93,41,49,81,51,59,100,37,45,61,79,63,58,65,53,unset,70,70,41,67,87,82,50,59,69,67,85,95,57,96,94,69,65,25,94,22,79,92,71,68
amt_gaming_vqa_dataset/Godofwar_1_720p_1300k_av1,61,61,0,49,16,70,47,40,55,48,17,25,65,6,36,54,44,53,24,75,23,41,51,39,80,75,71,77,29,94,78,37,39,45,52,71,54,28,50,92,44,72,58,30,69,37,30,26,81,31,74,62,30,68,70,51,42,19,56,23,42,86,87,32
amt_gaming_vqa_dataset/Godofwar_1_480p_1000k_av1,61,61,0,28,47,75,52,31,57,33,20,21,30,8,4,27,30,12,6,66,10,27,30,6,77,37,40,74,29,82,87,23,16,50,30,62,58,27,54,67,34,71,42,23,53,26,36,13,69,19,69,69,21,59,90,29,26,17,62,10,30,47,72,36
amt_gaming_vqa_dataset/Godofwar_1_2160p_5000k_av1,61,59,2,72,45,79,89,51,100,72,61,87,87,69,58,83,unset,69,37,78,64,59,71,70,94,24,80,68,65,21,100,37,69,41,85,21,63,87,50,unset,62,73,41,75,59,68,87,87,71,57,80,49,61,97,63,72,82,87,94,35,71,91,91,71
amt_gaming_vqa_dataset/Godofwar_1_2160p_1000k_av1,61,60,1,50,34,62,32,40,67,27,28,34,18,6,29,20,26,41,25,69,39,41,47,24,71,59,unset,53,49,3,73,27,30,29,45,31,57,65,53,66,33,80,57,32,50,36,34,50,83,21,76,67,56,50,90,50,92,41,61,20,35,83,71,32
amt_gaming_vqa_dataset/Godofwar_1_2160p_10000k_av1,61,60,1,71,78,70,78,50,unset,66,64,92,74,71,100,66,81,57,73,65,69,79,65,57,96,51,50,83,58,8,100,36,77,60,81,54,72,87,52,69,68,72,68,74,73,78,88,73,71,73,84,64,71,96,88,70,91,84,94,66,72,85,84,79
amt_gaming_vqa_dataset/Godofwar_1_1080p_500k_av1,61,61,0,27,5,74,7,21,36,10,6,22,0,7,4,15,17,13,18,64,20,27,70,0,44,68,40,17,28,39,37,20,10,40,33,70,60,15,50,0,18,71,77,10,50,16,9,31,70,20,78,98,19,7,22,17,31,16,32,15,28,51,70,27
amt_gaming_vqa_dataset/Godofwar_1_1080p_5000k_av1,61,61,0,73,64,80,89,39,92,79,34,84,85,49,82,73,55,78,54,68,62,87,79,71,94,66,88,87,51,30,100,45,88,71,81,51,59,67,54,78,80,38,62,78,78,76,78,80,92,70,85,74,66,95,88,71,55,81,72,36,72,84,91,78
amt_gaming_vqa_dataset/Godofwar_1_1080p_2000k_hevcnvenc,61,61,0,50,34,81,89,38,63,45,59,70,61,50,53,82,55,52,25,68,37,65,0,53,61,43,85,88,47,71,78,54,56,61,71,69,72,27,53,69,47,48,87,32,68,51,70,59,70,68,84,87,38,72,48,52,50,50,51,14,49,88,72,47
amt_gaming_vqa_dataset/Godofwar_1_1080p_2300k_h264nvenc,61,60,1,27,46,77,0,11,46,23,26,24,0,27,12,15,unset,14,12,51,33,9,29,27,23,15,51,45,38,21,50,24,14,40,51,65,57,35,53,9,11,49,77,13,31,15,30,29,71,18,84,75,30,96,15,29,32,12,22,25,16,54,72,22
amt_gaming_vqa_dataset/Godofwar_1_1080p_800k_hevcnvenc,61,60,1,28,11,67,22,39,35,27,25,17,10,0,9,24,22,50,3,74,16,41,10,2,18,39,unset,58,30,50,34,21,13,28,55,60,65,25,51,55,18,64,45,27,41,23,26,31,86,16,87,17,10,36,56,41,13,12,30,0,29,50,92,27
amt_gaming_vqa_dataset/MLBtheshow_1080p_5000k_av1,61,60,1,73,27,69,99,73,90,72,68,87,65,72,93,84,unset,70,61,54,71,96,69,71,99,23,88,86,72,93,100,65,73,91,73,93,74,78,39,80,77,79,78,75,83,74,86,78,78,73,91,78,91,87,74,87,82,84,50,60,91,71,99,74
amt_gaming_vqa_dataset/Godofwar_1_2160p_10000k_hevcnvenc,61,58,3,60,81,52,100,61,97,73,72,unset,74,72,100,75,78,77,62,55,57,88,6,60,94,65,88,67,45,8,100,56,71,50,82,71,67,90,53,70,76,71,63,81,74,unset,87,69,86,71,77,14,65,unset,97,72,66,87,79,61,69,92,78,76
amt_gaming_vqa_dataset/MLBtheshow_720p_500k_av1,61,61,0,50,13,82,15,71,0,38,57,18,27,41,14,26,18,31,30,56,32,44,47,51,21,50,51,43,50,61,27,38,20,71,35,78,65,45,34,22,33,77,77,57,63,34,31,40,50,22,81,77,35,78,44,29,22,11,52,18,55,41,87,32
amt_gaming_vqa_dataset/MLBtheshow_720p_3000k_av1,61,59,2,72,74,74,89,84,78,63,71,87,74,50,77,85,unset,98,83,71,55,85,61,71,95,86,unset,68,72,93,93,55,64,71,70,80,69,29,51,74,72,85,42,67,72,70,87,78,96,69,88,100,87,90,74,94,79,68,93,61,59,70,98,77
amt_gaming_vqa_dataset/MLBtheshow_720p_1300k_av1,61,61,0,72,76,76,55,76,100,48,44,78,59,71,64,83,45,30,57,68,51,77,55,31,84,65,78,71,63,90,73,45,66,93,44,78,87,49,39,96,63,62,68,67,83,29,49,87,71,29,94,78,72,87,67,79,45,50,79,61,84,71,94,73
amt_gaming_vqa_dataset/MLBtheshow_480p_1000k_av1,61,61,0,71,21,81,38,53,51,44,61,37,19,60,26,45,70,51,46,69,36,64,64,59,73,71,88,46,59,92,68,55,50,53,52,99,67,33,52,50,22,86,39,61,58,46,41,40,81,31,78,100,34,69,93,58,66,31,21,36,71,49,87,55
amt_gaming_vqa_dataset/MLBtheshow_2160p_5000k_av1,61,61,0,73,67,81,63,86,78,69,31,83,72,71,74,65,55,50,79,78,71,87,69,72,88,17,88,57,70,6,88,47,71,81,86,11,68,87,30,76,43,70,77,73,69,72,87,82,78,74,69,70,87,70,84,72,93,75,76,66,87,73,100,71
amt_gaming_vqa_dataset/MLBtheshow_2160p_1000k_av1,61,60,1,60,46,74,42,69,50,37,44,26,19,59,43,77,79,41,53,74,45,77,61,51,59,77,88,17,64,16,50,unset,49,71,55,99,70,37,39,91,31,61,30,61,87,49,32,69,85,26,81,68,67,81,61,59,78,23,70,29,79,50,88,48
amt_gaming_vqa_dataset/MLBtheshow_2160p_10000k_av1,61,61,0,74,20,78,89,71,82,60,46,89,74,72,81,88,81,77,71,49,72,86,78,72,93,66,88,59,70,29,100,55,100,71,81,50,73,71,44,95,67,89,38,96,91,71,87,78,78,70,88,89,78,96,92,93,83,83,67,60,60,79,99,78
amt_gaming_vqa_dataset/MLBtheshow_1080p_500k_av1,61,60,1,40,82,72,58,72,60,37,19,30,28,51,32,26,15,23,53,76,38,58,51,50,45,58,29,15,52,96,50,unset,34,53,34,91,62,36,51,27,16,69,60,32,59,25,31,41,72,31,79,79,35,78,26,28,31,11,19,26,52,34,87,19
amt_gaming_vqa_dataset/MLBtheshow_1080p_10000k_h264nvenc,61,60,1,73,84,79,100,74,72,71,59,98,66,71,100,78,83,80,62,92,64,90,81,71,94,58,87,45,73,unset,94,46,70,90,83,95,61,86,53,90,79,87,61,88,92,89,88,78,87,73,86,76,84,94,70,72,82,70,64,52,91,71,100,73
amt_gaming_vqa_dataset/MLBtheshow_1080p_1500k_av1,61,61,0,72,38,74,89,59,67,67,43,86,76,49,55,75,44,51,60,87,49,86,60,59,86,81,88,68,53,95,86,66,55,71,84,94,87,66,44,67,67,83,57,66,69,69,85,69,90,70,70,60,60,96,66,73,41,33,71,28,79,51,83,61
amt_gaming_vqa_dataset/Godofwar_1_720p_1500k_hevcnvenc,61,61,0,29,27,71,38,39,28,31,41,37,66,59,29,63,32,41,32,19,29,58,0,0,68,40,57,68,54,62,87,38,50,59,51,10,67,24,56,66,44,35,43,39,59,41,44,35,71,34,94,12,41,97,75,41,41,20,68,22,53,90,79,41
amt_gaming_vqa_dataset/Godofwar_1_2160p_6000k_hevcnvenc,61,57,4,60,76,83,73,49,85,68,50,unset,65,unset,100,95,63,41,61,73,71,75,0,69,87,75,88,67,66,50,100,32,70,71,71,58,70,26,54,47,62,72,62,85,72,unset,87,59,70,70,80,11,77,unset,69,71,59,87,87,42,75,90,70,77
amt_gaming_vqa_dataset/Godofwar_1_480p_800k_hevcnvenc,61,61,0,27,47,82,9,20,51,17,20,15,0,0,22,19,23,5,7,74,12,6,6,26,28,39,50,60,28,8,37,9,12,41,45,17,74,13,55,21,17,77,35,12,31,12,28,14,83,18,83,31,13,65,59,31,22,14,28,19,15,26,79,26
amt_gaming_vqa_dataset/Godofwar_1_2160p_1500k_hevcnvenc,61,58,3,50,8,75,46,21,50,61,16,unset,9,27,50,55,82,36,29,64,24,59,4,29,85,24,88,78,45,46,78,25,37,51,62,80,71,40,54,51,31,70,67,47,59,unset,49,50,71,34,93,11,30,unset,64,56,45,30,50,24,36,48,74,37
amt_gaming_vqa_dataset/Godofwar_1_720p_3500k_hevcnvenc,61,60,1,72,76,85,55,51,90,71,45,58,77,unset,92,73,82,78,26,78,47,69,5,50,86,70,50,77,92,71,100,43,50,71,57,61,70,66,57,82,46,49,63,68,70,59,82,78,71,62,80,3,69,97,66,60,53,72,92,38,62,89,72,75
amt_gaming_vqa_dataset/Godofwar_1_720p_600k_hevcnvenc,61,61,0,5,32,75,11,26,0,27,13,20,9,8,0,14,20,8,5,18,21,22,0,0,31,23,28,56,25,10,22,13,12,29,28,78,60,17,53,45,10,36,63,17,41,13,17,26,70,14,81,3,9,28,13,28,18,17,29,5,4,29,65,28
amt_gaming_vqa_dataset/MLBtheshow,61,59,2,93,46,81,100,73,100,69,68,92,65,72,88,82,66,59,74,82,54,91,79,70,93,69,82,78,73,8,63,64,89,72,87,90,69,87,37,100,54,unset,58,79,88,81,89,88,78,73,unset,84,92,94,87,93,87,85,54,60,95,90,100,71
amt_gaming_vqa_dataset/Fa9SqeDqwAI_FallGuys_4-51_1080p_5300k_h264_nvenc,47,47,0,72,71,82,74,91,78,83,86,92,60,72,78,66,71,100,89,93,73,77,74,100,70,91,67,60,49,68,82,49,75,67,78,66,59,79,34,79,73,71,63,67,50,75,62,70,36,97,,,,,,,,,,,,,,
amt_gaming_vqa_dataset/CpCJB7t7n8c_Cyberpunk2077_46-16_720p_3500k_hevc_nvenc,47,47,0,29,41,31,36,41,83,88,12,27,50,28,18,12,64,59,70,56,42,51,46,87,78,94,55,47,60,50,31,50,42,59,40,42,50,52,54,30,35,8,64,22,68,32,23,46,45,81,,,,,,,,,,,,,,
amt_gaming_vqa_dataset/CpCJB7t7n8c_Cyberpunk2077_46-16_720p_600k_hevc_nvenc,47,47,0,27,41,7,21,28,24,9,22,22,26,29,0,8,16,50,36,37,49,57,34,26,35,53,37,21,21,24,33,38,5,50,31,16,33,50,16,16,34,29,40,23,71,34,13,23,52,83,,,,,,,,,,,,,,
amt_gaming_vqa_dataset/Fa9SqeDqwAI_FallGuys_4-51,47,41,6,unset,72,64,unset,68,46,87,unset,65,50,unset,79,72,70,93,85,78,80,19,92,unset,78,86,66,65,26,100,71,46,63,50,69,61,71,78,55,59,42,unset,96,40,43,69,45,77,46,23,,,,,,,,,,,,,,
amt_gaming_vqa_dataset/Fa9SqeDqwAI_FallGuys_4-51_1080p_1500k_av1,47,47,0,71,72,63,30,64,46,81,31,76,54,70,49,80,68,89,50,93,82,42,78,87,69,89,63,71,61,98,83,61,58,46,78,59,66,76,44,77,56,59,50,59,54,74,42,68,44,97,,,,,,,,,,,,,,
amt_gaming_vqa_dataset/Fa9SqeDqwAI_FallGuys_4-51_1080p_5000k_av1,47,46,1,71,70,75,77,66,75,82,unset,82,68,71,81,71,87,99,86,87,85,65,74,94,78,91,60,55,44,89,82,74,76,70,81,36,59,71,71,75,72,73,87,66,49,67,61,83,75,97,,,,,,,,,,,,,,
amt_gaming_vqa_dataset/Fa9SqeDqwAI_FallGuys_4-51_1080p_500k_av1,47,47,0,29,31,8,5,37,31,51,23,29,14,28,7,31,22,23,41,51,59,16,45,36,41,92,39,19,13,51,5,16,30,31,24,49,37,31,9,35,42,28,36,19,49,33,17,20,39,96,,,,,,,,,,,,,,
amt_gaming_vqa_dataset/Fa9SqeDqwAI_FallGuys_4-51_1080p_10000k_h264_nvenc,47,46,1,unset,63,85,89,96,65,88,70,90,60,72,89,78,72,99,86,93,84,60,76,100,82,58,70,62,53,97,86,76,71,78,82,67,55,75,70,64,79,71,59,79,45,64,44,73,54,97,,,,,,,,,,,,,,
amt_gaming_vqa_dataset/Fa9SqeDqwAI_FallGuys_4-51_1080p_2300k_h264_nvenc,47,45,2,unset,30,0,1,0,29,27,18,0,12,7,18,29,18,17,19,59,24,65,55,50,31,92,36,unset,10,28,8,28,14,22,11,16,39,28,8,28,30,8,13,13,50,29,11,25,54,27,,,,,,,,,,,,,,
amt_gaming_vqa_dataset/y_6wR3l2xR6rY_SonicDash_3-42_480p_1000k_av1,47,47,0,71,62,50,54,90,78,76,76,78,30,52,77,59,40,84,70,92,64,69,72,88,63,93,72,50,77,73,59,65,75,59,69,73,50,91,90,70,54,59,82,78,56,57,20,73,35,83,,,,,,,,,,,,,,
amt_gaming_vqa_dataset/Fa9SqeDqwAI_FallGuys_4-51_1080p_2000k_hevc_nvenc,47,47,0,71,71,46,39,65,51,70,29,60,41,60,81,57,45,93,87,87,81,58,71,60,57,91,69,71,76,100,68,35,38,50,69,58,50,82,56,49,49,50,78,35,50,53,27,56,46,97,,,,,,,,,,,,,,
amt_gaming_vqa_dataset/Fa9SqeDqwAI_FallGuys_4-51_1080p_6000k_hevc_nvenc,47,47,0,72,78,92,71,75,73,82,62,72,50,72,78,77,55,94,87,88,95,71,74,88,82,99,57,43,5,92,78,45,79,70,87,68,51,78,59,84,71,73,73,70,50,72,54,75,31,82,,,,,,,,,,,,,,
amt_gaming_vqa_dataset/Fa9SqeDqwAI_FallGuys_4-51_1080p_800k_hevc_nvenc,47,47,0,7,22,0,0,0,38,21,25,0,12,8,1,22,12,62,29,62,47,39,44,18,22,89,56,29,48,51,20,10,19,34,31,18,29,11,14,23,45,29,17,17,50,19,10,24,64,82,,,,,,,,,,,,,,
amt_gaming_vqa_dataset/CpCJB7t7n8c_Cyberpunk2077_46-16_720p_1500k_hevc_nvenc,47,46,1,29,36,14,29,21,49,88,unset,35,49,28,23,22,50,85,77,83,47,66,35,59,50,55,57,29,19,73,44,51,36,36,50,24,59,50,62,16,32,29,74,23,65,40,26,42,40,74,,,,,,,,,,,,,,
amt_gaming_vqa_dataset/y_6wR3l2xR6rY_SonicDash_3-42_480p_1000k_h264_nvenc,47,47,0,59,60,32,12,55,46,35,29,56,32,29,34,55,36,55,50,68,87,69,57,63,45,79,71,50,74,48,65,72,47,54,41,58,51,80,58,38,58,29,50,25,75,59,26,40,23,82,,,,,,,,,,,,,,
amt_gaming_vqa_dataset/y_6wR3l2xR6rY_SonicDash_3-42_480p_800k_hevc_nvenc,47,47,0,50,61,28,43,65,39,29,30,40,37,49,44,13,39,27,54,41,73,75,56,64,41,96,64,50,29,71,47,35,13,59,59,57,50,78,41,36,67,60,45,27,71,59,25,37,30,80,,,,,,,,,,,,,,
amt_gaming_vqa_dataset/y_6wR3l2xR6rY_SonicDash_3-13_480p_1000k_av1,47,47,0,72,61,76,88,73,87,27,85,62,60,50,60,54,51,93,67,93,72,67,76,91,54,97,76,49,18,67,59,64,2,73,78,71,50,89,54,70,78,71,71,32,80,57,27,41,35,79,,,,,,,,,,,,,,
amt_gaming_vqa_dataset/y_6wR3l2xR6rY_SonicDash_3-13_480p_1000k_h264_nvenc,47,47,0,60,51,30,32,76,50,51,45,45,40,58,28,69,41,50,47,83,58,70,77,59,50,72,66,61,42,65,73,40,16,60,36,55,45,92,52,58,59,58,40,24,60,45,22,31,29,78,,,,,,,,,,,,,,
amt_gaming_vqa_dataset/y_6wR3l2xR6rY_SonicDash_3-13_480p_800k_hevc_nvenc,47,47,0,71,71,37,90,67,51,51,54,45,50,49,63,49,40,22,51,88,68,54,46,69,63,91,69,60,51,90,59,46,34,66,59,60,42,83,43,67,59,58,59,54,66,56,24,41,57,96,,,,,,,,,,,,,,
amt_gaming_vqa_dataset/5162HItNstY_WorldofTanks_14-20,47,46,1,29,12,0,10,0,33,76,17,0,5,8,3,13,8,50,8,32,39,13,30,unset,8,38,44,30,19,7,9,37,40,33,22,38,30,50,11,6,28,9,17,13,50,29,27,5,45,79,,,,,,,,,,,,,,
amt_gaming_vqa_dataset/lxGvk91jPbc_IceAgeVillage_9-43_1080p_1500k_av1,47,47,0,75,73,77,89,98,64,87,69,83,81,73,78,86,86,69,68,83,73,8,57,78,83,89,50,62,8,71,95,55,87,78,78,68,50,91,50,71,76,71,87,83,49,77,73,79,67,50,,,,,,,,,,,,,,
amt_gaming_vqa_dataset/CpCJB7t7n8c_Cyberpunk2077_46-16_720p_5000k_h264_nvenc,47,47,0,31,42,37,56,49,65,42,16,68,50,9,55,29,50,55,71,50,46,81,33,87,68,75,70,40,37,50,41,38,38,58,50,35,70,83,93,18,35,8,78,35,60,27,34,38,61,81,,,,,,,,,,,,,,
amt_gaming_vqa_dataset/lxGvk91jPbc_IceAgeVillage_9-43_1080p_800k_hevc_nvenc,47,47,0,71,61,73,88,84,50,80,75,73,41,71,78,56,60,59,91,41,77,74,73,60,50,86,69,60,49,63,87,70,69,71,50,59,50,79,92,38,64,73,65,33,54,75,60,70,79,78,,,,,,,,,,,,,,
amt_gaming_vqa_dataset/5162HItNstY_WorldofTanks_14-20_480p_1000k_h264_nvenc,47,47,0,28,23,0,13,0,19,17,13,0,2,5,6,8,8,22,8,21,8,83,25,22,29,48,46,8,28,0,22,0,21,22,36,18,13,54,5,24,26,29,8,23,70,17,6,23,10,70,,,,,,,,,,,,,,
amt_gaming_vqa_dataset/lxGvk91jPbc_IceAgeVillage_9-43_1080p_5000k_av1,47,46,1,71,71,97,88,95,50,89,66,94,94,71,78,87,78,93,67,38,78,43,72,100,82,73,72,71,31,unset,98,76,85,68,87,70,59,89,71,90,71,60,82,89,50,81,67,78,54,80,,,,,,,,,,,,,,
amt_gaming_vqa_dataset/lxGvk91jPbc_IceAgeVillage_9-43_1080p_500k_av1,47,47,0,72,59,76,90,63,52,84,71,70,84,71,76,78,82,50,49,50,77,83,75,72,50,94,57,61,60,100,86,70,80,60,68,44,50,82,84,92,50,76,65,58,59,81,62,73,68,83,,,,,,,,,,,,,,
amt_gaming_vqa_dataset/lxGvk91jPbc_IceAgeVillage_9-43_1080p_10000k_h264_nvenc,47,46,1,72,69,74,91,97,60,88,68,93,91,73,89,unset,76,87,55,44,78,42,60,100,80,89,49,72,20,85,86,49,89,65,50,67,70,96,46,92,77,71,96,85,50,80,67,82,61,78,,,,,,,,,,,,,,
amt_gaming_vqa_dataset/lxGvk91jPbc_IceAgeVillage_9-43_1080p_2300k_h264_nvenc,47,47,0,72,50,69,91,89,78,91,65,73,87,72,68,69,68,64,49,36,87,43,80,69,78,99,68,61,37,54,87,79,73,72,64,61,59,80,60,86,83,73,71,41,50,87,60,78,78,73,,,,,,,,,,,,,,
amt_gaming_vqa_dataset/lxGvk91jPbc_IceAgeVillage_9-43_1080p_5300k_h264_nvenc,47,46,1,unset,60,69,89,100,79,88,75,99,89,72,77,78,76,87,65,36,78,59,61,87,85,75,75,57,16,68,84,71,92,71,82,65,71,93,79,91,67,71,78,78,49,78,67,77,67,73,,,,,,,,,,,,,,
amt_gaming_vqa_dataset/lxGvk91jPbc_IceAgeVillage_9-43_1080p_2000k_hevc_nvenc,47,47,0,71,72,78,89,92,59,87,55,98,90,100,76,71,62,87,71,60,82,44,72,69,71,98,52,63,30,53,97,71,92,60,69,71,55,98,93,89,72,71,78,64,60,79,60,71,40,40,,,,,,,,,,,,,,
amt_gaming_vqa_dataset/lxGvk91jPbc_IceAgeVillage_9-43_1080p_6000k_hevc_nvenc,47,47,0,71,50,89,92,99,85,87,74,100,90,71,74,64,96,93,56,35,78,72,74,93,85,94,40,59,30,81,87,70,86,70,82,68,59,79,70,89,78,71,75,82,50,76,67,86,82,80,,,,,,,,,,,,,,
amt_gaming_vqa_dataset/CMSt7Ye7BfA_StarCraft_0-01,47,45,2,30,41,8,43,20,24,19,37,51,31,20,18,28,22,55,46,78,78,67,89,unset,40,79,34,50,50,40,22,15,0,33,31,60,14,84,24,29,70,28,7,21,unset,27,29,34,43,73,,,,,,,,,,,,,,
amt_gaming_vqa_dataset/CpCJB7t7n8c_Cyberpunk2077_46-16_720p_2500k_h264_nvenc,47,47,0,27,40,31,55,39,62,68,12,40,31,0,22,30,64,84,52,56,49,57,27,100,50,87,42,23,59,96,43,50,41,40,31,22,54,89,53,28,48,22,72,22,77,28,23,35,36,69,,,,,,,,,,,,,,
amt_gaming_vqa_dataset/CMSt7Ye7BfA_StarCraft_0-01_480p_1000k_av1,47,47,0,27,41,19,28,0,23,12,29,4,8,29,17,26,14,72,67,73,49,60,55,94,35,63,36,30,28,0,12,19,0,55,33,30,27,12,7,13,55,28,13,23,50,18,34,15,80,78,,,,,,,,,,,,,,
amt_gaming_vqa_dataset/CMSt7Ye7BfA_StarCraft_0-01_480p_1000k_h264_nvenc,47,47,0,29,29,2,8,27,25,70,25,0,22,0,6,18,29,50,52,59,68,61,51,27,41,49,38,50,14,0,13,10,0,31,21,27,41,52,9,19,49,8,27,17,50,23,34,7,63,78,,,,,,,,,,,,,,
amt_gaming_vqa_dataset/CMSt7Ye7BfA_StarCraft_0-01_480p_800k_hevc_nvenc,47,47,0,6,29,17,64,0,27,34,34,21,23,8,12,22,16,50,63,59,72,61,33,27,37,57,41,50,51,35,30,13,16,41,27,35,39,30,8,12,49,29,41,14,49,22,36,17,68,68,,,,,,,,,,,,,,
amt_gaming_vqa_dataset/CpCJB7t7n8c_Cyberpunk2077_46-16,47,45,2,29,41,22,91,54,67,86,32,53,41,7,26,29,51,89,66,59,50,46,30,unset,59,71,67,56,51,unset,29,55,42,54,83,45,50,95,91,19,41,29,72,32,70,49,20,28,74,82,,,,,,,,,,,,,,
amt_gaming_vqa_dataset/CpCJB7t7n8c_Cyberpunk2077_46-16_720p_1300k_av1,47,46,1,29,41,13,23,55,83,87,unset,59,41,8,13,22,55,50,44,87,40,47,33,78,60,79,44,38,89,51,40,56,35,41,40,32,46,30,39,18,34,29,40,18,64,35,27,28,36,73,,,,,,,,,,,,,,
amt_gaming_vqa_dataset/CpCJB7t7n8c_Cyberpunk2077_46-16_720p_3000k_av1,47,47,0,29,32,41,33,43,87,76,27,47,41,8,48,21,48,95,62,88,45,70,36,86,50,89,71,50,32,61,40,29,28,50,59,55,51,94,58,30,49,8,83,14,68,40,28,62,31,82,,,,,,,,,,,,,,
amt_gaming_vqa_dataset/CpCJB7t7n8c_Cyberpunk2077_46-16_720p_500k_av1,47,47,0,8,22,3,31,17,33,54,18,26,20,8,3,8,34,50,29,50,48,37,33,27,29,71,58,29,62,31,22,27,31,29,31,16,41,62,61,13,50,21,17,20,71,32,9,16,53,75,,,,,,,,,,,,,,
amt_gaming_vqa_dataset/CpCJB7t7n8c_Cyberpunk2077_46-16_720p_1000k_h264_nvenc,47,47,0,8,30,10,33,0,32,56,15,18,22,29,6,30,10,45,27,54,45,76,27,50,40,42,68,30,21,41,26,24,31,31,50,14,30,79,30,17,34,22,36,17,50,31,24,23,15,74,,,,,,,,,,,,,,
amt_gaming_vqa_dataset/5162HItNstY_WorldofTanks_14-20_480p_1000k_av1,47,46,1,7,28,0,9,0,25,38,unset,0,4,29,0,0,14,43,8,29,31,10,30,69,10,47,41,21,43,0,20,1,28,12,31,19,40,4,13,10,22,30,8,18,50,17,10,11,33,28,,,,,,,,,,,,,,
amt_gaming_vqa_dataset/hsUX-McaNWg_WorldofTanks_0-19_1080p_2300k_h264_nvenc,47,46,1,29,1,23,0,22,55,68,unset,11,40,7,26,16,13,18,25,59,53,38,56,93,40,12,41,34,25,30,13,26,26,50,13,46,29,25,21,18,41,29,37,21,66,31,8,20,35,59,,,,,,,,,,,,,,
amt_gaming_vqa_dataset/5162HItNstY_WorldofTanks_14-20_480p_800k_hevc_nvenc,47,47,0,7,29,1,24,0,17,27,17,0,2,5,3,22,9,22,9,16,55,37,30,18,9,24,36,29,13,35,21,0,8,14,22,13,32,4,19,8,15,8,17,14,57,12,18,32,22,73,,,,,,,,,,,,,,
amt_gaming_vqa_dataset/MNZ_6Uih-2A_SubwaySurfers_0-01_720p_1500k_hevc_nvenc,47,47,0,7,40,8,23,0,38,23,14,27,12,28,10,28,40,87,42,77,57,46,36,88,37,36,39,40,16,0,43,7,20,31,32,41,50,82,26,22,36,9,45,22,58,30,25,34,14,69,,,,,,,,,,,,,,
amt_gaming_vqa_dataset/hsUX-McaNWg_WorldofTanks_0-19_1080p_800k_hevc_nvenc,47,46,1,50,12,35,9,62,45,70,16,30,50,8,24,22,50,68,50,unset,20,41,50,50,40,36,59,34,13,31,59,44,41,59,31,26,50,27,69,21,44,29,32,41,64,48,34,42,40,74,,,,,,,,,,,,,,
amt_gaming_vqa_dataset/MNZ_6Uih-2A_SubwaySurfers_0-01,47,45,2,50,29,17,22,70,21,50,26,2,33,8,7,unset,45,84,46,84,81,71,49,unset,50,63,64,50,51,28,50,65,35,59,69,32,50,47,40,29,37,29,50,25,50,37,35,33,36,21,,,,,,,,,,,,,,
amt_gaming_vqa_dataset/MNZ_6Uih-2A_SubwaySurfers_0-01_720p_1300k_av1,47,47,0,9,32,4,34,38,33,28,26,30,32,29,23,20,32,88,71,83,36,60,38,69,50,83,71,50,30,43,30,17,50,41,40,24,41,78,49,33,43,29,67,21,66,41,13,40,54,27,,,,,,,,,,,,,,
amt_gaming_vqa_dataset/MNZ_6Uih-2A_SubwaySurfers_0-01_720p_3000k_av1,47,46,1,29,31,59,0,59,40,79,30,37,30,41,35,8,41,73,35,73,55,66,47,93,44,unset,70,40,50,69,25,35,24,59,40,21,59,72,44,53,35,41,41,22,50,41,35,36,60,27,,,,,,,,,,,,,,
amt_gaming_vqa_dataset/MNZ_6Uih-2A_SubwaySurfers_0-01_720p_500k_av1,47,47,0,27,42,16,10,17,37,16,16,25,23,41,8,9,32,59,36,78,41,61,55,59,41,88,65,50,46,53,31,21,30,46,41,37,50,12,21,28,36,29,47,19,50,33,27,52,23,82,,,,,,,,,,,,,,
amt_gaming_vqa_dataset/MNZ_6Uih-2A_SubwaySurfers_0-01_720p_1000k_h264_nvenc,47,47,0,8,7,1,1,0,20,11,12,5,12,0,9,0,26,23,35,29,18,54,34,44,30,69,67,12,4,0,9,0,34,22,12,18,31,4,21,18,40,28,22,14,50,28,6,24,5,28,,,,,,,,,,,,,,
amt_gaming_vqa_dataset/MNZ_6Uih-2A_SubwaySurfers_0-01_720p_2500k_h264_nvenc,47,47,0,0,13,0,13,0,22,12,20,12,22,7,22,8,22,25,37,68,15,62,40,59,29,55,58,39,11,0,8,6,0,26,11,22,40,1,7,30,35,9,13,10,49,38,21,23,14,19,,,,,,,,,,,,,,
amt_gaming_vqa_dataset/MNZ_6Uih-2A_SubwaySurfers_0-01_720p_5000k_h264_nvenc,47,46,1,unset,41,37,29,0,35,33,18,21,51,29,33,31,41,54,41,73,54,66,35,93,36,59,38,49,29,20,50,3,55,36,35,34,50,76,35,40,35,59,32,21,50,36,36,54,13,78,,,,,,,,,,,,,,
amt_gaming_vqa_dataset/MNZ_6Uih-2A_SubwaySurfers_0-01_720p_3500k_hevc_nvenc,47,46,1,15,0,27,19,38,39,41,unset,59,50,9,27,43,45,59,35,54,54,54,43,100,55,49,70,50,85,5,30,44,63,59,50,34,50,48,33,58,32,29,55,32,50,43,49,45,30,75,,,,,,,,,,,,,,
amt_gaming_vqa_dataset/8Xg2xP7BHnY_SuperMarioRun_2-10_360p_800k_av1,47,47,0,72,78,85,86,100,61,84,81,93,51,72,77,68,65,87,67,41,67,69,48,100,78,88,70,71,7,68,87,67,79,68,59,41,66,77,93,72,58,72,87,77,50,80,62,85,59,93,,,,,,,,,,,,,,
amt_gaming_vqa_dataset/MNZ_6Uih-2A_SubwaySurfers_0-01_720p_600k_hevc_nvenc,47,47,0,29,32,4,33,12,33,32,21,4,24,8,37,25,29,63,32,83,54,42,40,59,40,88,70,42,39,12,22,1,35,54,31,22,51,55,51,36,39,27,41,17,49,23,27,24,19,78,,,,,,,,,,,,,,
amt_gaming_vqa_dataset/gaTwfvmMmXI_AngryBirds2_6-41,47,45,2,59,13,46,74,87,54,41,44,56,50,73,79,31,41,69,89,78,45,58,27,unset,71,unset,67,71,20,91,32,71,68,54,69,40,50,96,46,56,27,59,74,71,32,72,46,70,21,68,,,,,,,,,,,,,,
amt_gaming_vqa_dataset/gaTwfvmMmXI_AngryBirds2_6-41_480p_1000k_av1,47,47,0,71,22,46,89,83,50,40,27,43,50,70,90,54,44,87,62,59,45,40,31,87,59,46,45,72,36,96,49,69,73,59,78,35,50,79,58,36,26,60,68,62,42,75,41,70,37,96,,,,,,,,,,,,,,
amt_gaming_vqa_dataset/gaTwfvmMmXI_AngryBirds2_6-41_480p_1000k_h264_nvenc,47,46,1,60,40,40,91,71,71,80,45,34,40,50,77,45,47,89,91,87,46,39,30,59,50,74,46,70,87,100,50,65,78,46,73,43,50,50,78,31,26,75,64,59,unset,71,28,71,13,85,,,,,,,,,,,,,,
amt_gaming_vqa_dataset/gaTwfvmMmXI_AngryBirds2_6-41_480p_800k_hevc_nvenc,47,47,0,70,23,70,58,97,41,60,38,45,22,29,83,36,31,50,81,31,53,61,25,50,64,54,70,50,39,100,35,55,71,48,69,58,39,83,52,38,22,71,87,61,50,69,34,59,27,83,,,,,,,,,,,,,,
amt_gaming_vqa_dataset/tyAqDUG_75Q_Myst_2-20,47,44,3,6,22,18,6,7,30,29,unset,23,12,8,4,22,22,50,24,22,21,17,23,unset,41,20,35,18,43,20,18,0,40,31,31,31,30,5,5,23,25,28,31,24,unset,28,7,41,42,79,,,,,,,,,,,,,,
amt_gaming_vqa_dataset/tyAqDUG_75Q_Myst_2-20_480p_1000k_av1,47,47,0,31,22,0,10,0,19,20,22,16,3,6,13,13,31,59,29,22,45,41,26,68,29,60,54,9,1,34,17,37,22,30,35,18,22,12,14,13,28,28,37,31,50,25,4,28,20,31,,,,,,,,,,,,,,
amt_gaming_vqa_dataset/tyAqDUG_75Q_Myst_2-20_480p_1000k_h264_nvenc,47,47,0,5,32,0,6,0,19,26,15,8,12,8,3,8,4,44,22,31,26,44,25,50,17,63,45,18,96,0,13,22,35,59,31,17,29,3,5,10,23,28,22,21,44,19,0,19,19,74,,,,,,,,,,,,,,
amt_gaming_vqa_dataset/hsUX-McaNWg_WorldofTanks_0-19_1080p_6000k_hevc_nvenc,47,44,3,50,13,68,32,94,72,79,unset,82,86,42,67,67,59,93,30,unset,29,45,55,100,58,unset,74,31,21,69,44,63,54,49,69,64,71,78,91,70,38,43,68,68,65,53,53,64,25,28,,,,,,,,,,,,,,
amt_gaming_vqa_dataset/hsUX-McaNWg_WorldofTanks_0-19_1080p_2000k_hevc_nvenc,47,45,2,50,13,28,75,88,82,50,37,64,59,50,34,42,57,88,38,unset,41,58,42,87,49,77,54,21,0,53,53,35,42,60,50,49,63,83,40,47,41,29,68,32,unset,54,40,45,34,74,,,,,,,,,,,,,,
amt_gaming_vqa_dataset/hsUX-McaNWg_WorldofTanks_0-19_1080p_5300k_h264_nvenc,47,47,0,55,13,71,64,70,88,72,45,66,77,28,27,50,50,87,50,78,40,45,55,88,72,68,69,41,6,70,78,40,53,51,50,46,50,83,55,37,38,43,77,57,77,54,45,63,38,22,,,,,,,,,,,,,,
amt_gaming_vqa_dataset/hsUX-McaNWg_WorldofTanks_0-19_1080p_10000k_h264_nvenc,47,46,1,50,13,77,34,91,50,70,unset,85,50,50,19,68,73,93,66,84,53,71,56,94,63,67,74,41,50,84,69,65,54,59,59,26,54,78,43,39,55,50,83,68,58,53,52,61,54,22,,,,,,,,,,,,,,
amt_gaming_vqa_dataset/8Xg2xP7BHnY_SuperMarioRun_2-10_360p_800k_h264_nvenc,47,46,1,72,50,97,90,100,50,71,78,94,50,70,62,68,61,93,71,60,75,61,47,26,50,73,77,61,50,unset,35,72,77,60,78,59,59,86,77,73,41,71,78,49,50,72,51,79,49,94,,,,,,,,,,,,,,
amt_gaming_vqa_dataset/8Xg2xP7BHnY_SuperMarioRun_2-10_360p_600k_hevc_nvenc,47,47,0,72,73,83,88,94,50,77,75,77,59,73,75,62,55,59,51,48,75,52,49,73,82,50,77,63,38,62,85,70,63,65,50,57,62,96,92,78,50,70,78,76,49,78,60,74,60,97,,,,,,,,,,,,,,
amt_gaming_vqa_dataset/kpox-roUn2w_HalfLife2_11-30,47,45,2,28,50,61,16,0,63,24,18,30,8,8,8,17,45,50,47,31,62,55,35,unset,41,29,69,19,29,0,8,28,27,47,41,29,31,83,41,12,43,unset,38,20,77,23,23,26,50,22,,,,,,,,,,,,,,
amt_gaming_vqa_dataset/kpox-roUn2w_HalfLife2_11-30_480p_1000k_av1,47,47,0,29,50,26,31,7,60,30,17,22,10,0,7,15,46,79,52,35,44,57,30,60,41,26,69,29,42,29,30,29,43,37,41,35,45,10,35,10,35,29,40,18,78,35,22,31,26,65,,,,,,,,,,,,,,
amt_gaming_vqa_dataset/kpox-roUn2w_HalfLife2_11-30_480p_1000k_h264_nvenc,47,47,0,28,50,21,30,29,78,29,16,25,13,6,22,32,29,64,50,45,55,35,38,50,59,53,61,11,28,0,36,33,51,40,31,30,29,10,40,21,37,29,22,18,56,32,17,48,21,73,,,,,,,,,,,,,,
amt_gaming_vqa_dataset/kpox-roUn2w_HalfLife2_11-30_480p_800k_hevc_nvenc,47,47,0,29,49,26,29,28,48,36,13,30,33,8,30,8,59,19,71,31,81,59,31,45,34,61,70,29,29,50,7,28,37,39,31,13,35,49,15,29,34,29,36,20,50,33,53,34,45,78,,,,,,,,,,,,,,
amt_gaming_vqa_dataset/R1Ed38lenw0_AngryBirds2_0-01,47,45,2,50,41,37,53,65,63,86,unset,48,50,50,50,64,35,87,50,84,59,35,36,unset,50,72,57,67,21,94,58,68,63,60,50,45,51,50,50,39,31,50,73,38,50,67,43,74,37,78,,,,,,,,,,,,,,
amt_gaming_vqa_dataset/R1Ed38lenw0_AngryBirds2_0-01_480p_1000k_av1,47,47,0,60,80,55,72,61,64,79,55,37,51,59,49,55,50,79,77,55,70,65,36,73,49,67,57,63,27,71,44,65,77,41,40,42,50,55,51,26,32,51,65,28,50,71,36,81,39,93,,,,,,,,,,,,,,
amt_gaming_vqa_dataset/R1Ed38lenw0_AngryBirds2_0-01_480p_1000k_h264_nvenc,47,47,0,62,50,41,62,50,78,79,26,64,20,60,63,43,50,86,81,59,83,44,29,59,50,72,40,62,16,70,41,72,67,52,50,53,50,77,69,43,28,51,69,27,58,65,51,67,58,82,,,,,,,,,,,,,,
amt_gaming_vqa_dataset/R1Ed38lenw0_AngryBirds2_0-01_480p_800k_hevc_nvenc,47,47,0,59,49,32,67,59,72,72,38,66,50,60,73,56,40,50,91,66,56,66,32,50,68,50,56,65,58,87,30,36,55,35,69,66,53,88,41,28,29,50,59,36,65,64,60,66,8,78,,,,,,,,,,,,,,
amt_gaming_vqa_dataset/Fy7JTlGlcS0_SonicDash_1-16_360p_800k_av1,47,47,0,49,97,95,92,100,82,76,36,78,69,50,80,66,71,59,90,69,83,63,75,59,59,90,73,65,29,92,79,77,54,71,81,52,51,83,99,72,74,60,87,70,50,66,37,54,33,88,,,,,,,,,,,,,,
amt_gaming_vqa_dataset/Fy7JTlGlcS0_SonicDash_1-16_360p_800k_h264_nvenc,47,46,1,8,0,1,7,0,36,17,26,0,21,unset,0,0,29,22,36,31,9,69,42,18,29,49,65,50,8,0,32,0,16,19,31,24,30,10,17,17,39,6,12,21,44,26,13,30,17,74,,,,,,,,,,,,,,
amt_gaming_vqa_dataset/Fy7JTlGlcS0_SonicDash_1-16_360p_600k_hevc_nvenc,47,47,0,8,41,9,23,34,39,31,21,36,23,28,19,22,41,50,50,74,59,71,81,26,50,96,67,41,19,79,30,10,34,33,50,42,50,45,50,27,46,29,35,24,50,30,23,41,46,78,,,,,,,,,,,,,,
amt_gaming_vqa_dataset/hsUX-McaNWg_WorldofTanks_0-19,47,42,5,50,13,79,44,94,57,52,unset,74,79,unset,60,unset,63,93,49,87,47,67,49,unset,68,58,57,50,22,98,75,58,51,60,50,42,86,73,91,42,38,unset,74,24,36,66,53,46,72,21,,,,,,,,,,,,,,
amt_gaming_vqa_dataset/hsUX-McaNWg_WorldofTanks_0-19_1080p_1500k_av1,47,47,0,49,0,45,27,83,75,56,64,70,85,30,69,45,50,94,50,84,47,53,44,87,59,68,71,29,3,57,30,40,21,59,22,55,50,88,57,54,44,40,41,42,78,45,55,57,58,74,,,,,,,,,,,,,,
amt_gaming_vqa_dataset/hsUX-McaNWg_WorldofTanks_0-19_1080p_5000k_av1,47,46,1,48,21,76,65,unset,70,81,74,85,69,50,64,23,62,87,50,92,52,61,61,100,78,53,66,40,22,59,77,33,52,59,78,58,56,50,62,32,49,29,41,66,61,59,44,52,54,19,,,,,,,,,,,,,,
amt_gaming_vqa_dataset/hsUX-McaNWg_WorldofTanks_0-19_1080p_500k_av1,47,47,0,28,13,37,37,53,83,50,37,64,49,9,26,28,32,51,54,79,45,56,43,50,44,67,46,41,42,74,38,69,37,41,50,34,50,88,44,23,35,29,50,59,69,37,45,39,64,59,,,,,,,,,,,,,,
amt_gaming_vqa_dataset/lxGvk91jPbc_IceAgeVillage_9-43,47,46,1,71,72,76,100,100,80,94,79,93,99,72,90,80,79,87,89,36,81,73,72,unset,71,65,47,51,59,96,97,75,84,64,87,70,76,83,97,87,84,71,87,77,34,77,60,78,74,78,,,,,,,,,,,,,,
amt_gaming_vqa_dataset/tyAqDUG_75Q_Myst_2-20_480p_800k_hevc_nvenc,47,47,0,6,30,3,6,18,20,23,14,10,5,29,1,13,9,44,9,31,44,27,29,36,13,84,54,8,14,0,13,50,30,45,31,23,29,58,21,10,23,9,17,22,48,30,24,28,25,78,,,,,,,,,,,,,,
amt_gaming_vqa_dataset/kpox-roUn2w_HalfLife2_9-00_480p_800k_hevc_nvenc,47,47,0,31,27,15,1,77,33,78,24,38,16,17,44,27,46,33,23,59,47,60,66,50,50,56,29,48,45,47,41,26,50,33,50,0,64,25,30,29,63,11,59,28,20,29,17,60,62,71,,,,,,,,,,,,,,
amt_gaming_vqa_dataset/9SC_rTNEqJE_AngryBirds2_9-11_720p_5000k_h264_nvenc,47,47,0,60,59,93,79,61,43,83,40,37,45,71,100,79,58,57,70,57,70,80,59,46,59,69,41,79,93,62,33,73,70,77,61,92,80,100,50,58,79,69,56,72,78,74,55,74,70,59,,,,,,,,,,,,,,
amt_gaming_vqa_dataset/J7NB8OG-b6Q_Palworld_0-05_720p_1000k_h264_nvenc,47,46,1,25,8,0,20,72,12,10,9,39,unset,12,0,9,17,0,0,57,48,23,12,48,13,11,37,36,8,52,31,18,13,22,21,0,39,0,42,9,16,49,4,7,21,26,36,29,69,38,,,,,,,,,,,,,,
amt_gaming_vqa_dataset/J7NB8OG-b6Q_Palworld_0-05_720p_500k_av1,47,47,0,0,28,46,28,87,1,50,30,22,18,40,63,8,31,0,14,51,29,50,67,55,74,45,39,87,39,55,44,18,30,30,36,57,41,0,49,17,63,22,21,29,55,37,17,39,68,39,,,,,,,,,,,,,,
amt_gaming_vqa_dataset/J7NB8OG-b6Q_Palworld_0-05_720p_3000k_av1,47,47,0,1,50,76,58,74,36,28,26,59,26,61,79,41,64,43,42,77,50,100,72,45,68,51,50,57,92,65,39,56,50,50,50,70,52,93,59,41,26,68,50,30,43,36,40,50,65,64,,,,,,,,,,,,,,
amt_gaming_vqa_dataset/J7NB8OG-b6Q_Palworld_0-05_720p_1300k_av1,47,47,0,0,50,66,60,98,19,22,64,59,28,56,67,33,57,9,43,67,51,50,50,49,47,42,51,43,57,81,40,35,50,43,59,65,49,79,58,28,8,69,29,28,46,63,29,49,67,55,,,,,,,,,,,,,,
amt_gaming_vqa_dataset/J7NB8OG-b6Q_Palworld_0-05,47,45,2,0,51,73,49,98,22,71,19,75,46,68,74,55,57,8,42,80,39,unset,28,49,41,67,61,57,56,41,38,59,31,45,41,unset,47,70,50,44,34,72,77,29,59,69,37,54,68,50,,,,,,,,,,,,,,
amt_gaming_vqa_dataset/9SC_rTNEqJE_AngryBirds2_9-11_720p_600k_hevc_nvenc,47,47,0,50,61,64,59,64,65,72,35,13,30,60,71,12,48,54,56,57,50,21,35,44,17,74,37,41,15,46,47,41,50,45,46,66,49,100,50,39,72,51,25,60,55,54,39,50,67,50,,,,,,,,,,,,,,
amt_gaming_vqa_dataset/9SC_rTNEqJE_AngryBirds2_9-11_720p_3500k_hevc_nvenc,47,47,0,61,71,97,74,60,45,55,62,59,39,59,79,78,65,52,62,56,51,100,71,31,50,89,46,63,92,73,47,55,69,76,50,100,52,65,59,38,86,72,71,50,74,77,57,73,68,51,,,,,,,,,,,,,,
amt_gaming_vqa_dataset/9SC_rTNEqJE_AngryBirds2_9-11_720p_1500k_hevc_nvenc,47,47,0,60,71,76,75,76,88,79,29,40,65,78,95,91,50,71,73,43,37,79,43,43,37,85,36,52,11,68,40,57,50,73,58,91,59,100,50,63,73,86,42,52,64,76,56,80,69,66,,,,,,,,,,,,,,
amt_gaming_vqa_dataset/9SC_rTNEqJE_AngryBirds2_9-11_720p_2500k_h264_nvenc,47,47,0,51,71,94,70,70,75,69,51,86,27,67,92,88,50,49,71,56,51,78,87,40,59,59,41,41,90,64,48,36,68,72,50,82,52,65,50,58,82,87,40,52,59,73,52,87,66,61,,,,,,,,,,,,,,
amt_gaming_vqa_dataset/0O6Ic4Q-VS8_WarRobots_1-18_720p_2500k_h264_nvenc,47,47,0,70,49,68,63,97,19,70,37,21,56,45,73,14,60,50,23,57,30,68,26,39,40,54,41,53,53,54,43,68,51,35,59,49,51,48,51,38,38,46,36,29,40,71,39,60,71,65,,,,,,,,,,,,,,
amt_gaming_vqa_dataset/9SC_rTNEqJE_AngryBirds2_9-11_720p_1000k_h264_nvenc,47,46,1,62,60,80,69,75,63,50,17,39,unset,61,45,71,69,50,67,58,24,44,66,45,71,68,40,58,15,54,48,65,61,70,68,55,52,72,50,39,65,49,40,53,57,61,56,73,69,71,,,,,,,,,,,,,,
amt_gaming_vqa_dataset/9SC_rTNEqJE_AngryBirds2_9-11_720p_500k_av1,47,47,0,60,72,100,60,66,60,79,20,10,68,56,100,74,49,59,63,48,80,37,78,46,41,64,32,41,44,75,42,56,69,79,59,79,67,91,50,62,37,71,30,50,78,75,55,57,68,55,,,,,,,,,,,,,,
amt_gaming_vqa_dataset/9SC_rTNEqJE_AngryBirds2_9-11_720p_3000k_av1,47,47,0,62,70,62,69,62,70,79,45,35,70,66,100,93,67,72,76,62,87,100,50,47,62,67,37,44,80,72,48,67,50,79,60,91,59,100,57,59,45,65,31,44,60,75,40,85,68,77,,,,,,,,,,,,,,
amt_gaming_vqa_dataset/9SC_rTNEqJE_AngryBirds2_9-11_720p_1300k_av1,47,47,0,62,59,86,68,70,93,81,49,30,36,69,97,73,78,50,71,62,39,78,78,36,59,86,32,40,93,73,50,72,50,71,50,66,59,90,50,58,76,72,86,50,70,42,45,90,66,66,,,,,,,,,,,,,,
amt_gaming_vqa_dataset/9SC_rTNEqJE_AngryBirds2_9-11,47,46,1,60,60,100,76,86,87,86,34,42,38,72,64,87,60,71,72,54,88,unset,70,46,18,60,38,64,9,57,45,50,64,81,67,94,51,72,90,60,73,62,50,59,73,63,48,70,68,66,,,,,,,,,,,,,,
amt_gaming_vqa_dataset/0O6Ic4Q-VS8_WarRobots_1-18_720p_600k_hevc_nvenc,47,47,0,62,49,66,33,70,55,37,0,28,24,41,0,20,23,29,18,78,50,38,30,43,40,54,33,50,54,59,29,20,31,24,55,64,49,6,36,21,16,44,18,29,30,47,10,68,72,59,,,,,,,,,,,,,,
amt_gaming_vqa_dataset/0O6Ic4Q-VS8_WarRobots_1-18_720p_3500k_hevc_nvenc,47,47,0,52,50,88,58,97,33,68,35,30,26,64,89,17,65,66,29,77,24,74,63,33,45,50,53,68,44,73,44,56,50,71,55,93,76,86,50,37,74,55,68,52,32,74,23,79,70,59,,,,,,,,,,,,,,
amt_gaming_vqa_dataset/0O6Ic4Q-VS8_WarRobots_1-18_720p_1500k_hevc_nvenc,47,47,0,41,50,76,26,98,16,54,19,59,21,37,61,21,51,52,31,50,50,64,67,40,37,68,38,45,56,60,43,46,32,36,45,72,52,87,50,39,28,63,36,50,43,74,30,69,70,57,,,,,,,,,,,,,,
amt_gaming_vqa_dataset/J7NB8OG-b6Q_Palworld_0-05_720p_2500k_h264_nvenc,47,47,0,0,49,63,24,85,0,71,44,46,12,39,49,21,50,29,30,60,41,87,62,48,41,52,49,37,58,62,42,22,49,27,45,64,50,70,50,40,50,40,81,28,17,47,31,56,68,76,,,,,,,,,,,,,,
amt_gaming_vqa_dataset/J7NB8OG-b6Q_Palworld_0-05_720p_5000k_h264_nvenc,47,46,1,9,unset,66,63,97,33,52,17,30,29,67,62,38,68,8,42,69,50,94,41,45,71,55,48,67,36,61,49,49,50,23,45,34,49,69,71,71,50,77,67,50,45,53,40,51,67,61,,,,,,,,,,,,,,
amt_gaming_vqa_dataset/J7NB8OG-b6Q_Palworld_0-05_720p_1500k_hevc_nvenc,47,47,0,0,50,46,50,71,17,23,14,47,17,67,89,19,53,8,23,76,87,87,65,44,34,46,53,45,84,57,32,41,50,39,34,78,50,31,59,41,26,73,40,29,12,67,30,60,66,84,,,,,,,,,,,,,,
amt_gaming_vqa_dataset/J7NB8OG-b6Q_Palworld_0-05_720p_3500k_hevc_nvenc,47,47,0,9,51,49,72,79,47,72,51,77,12,53,59,15,48,29,28,41,50,100,69,46,32,53,54,43,55,62,30,22,50,36,51,63,55,67,69,28,26,70,70,29,26,67,38,66,65,54,,,,,,,,,,,,,,
amt_gaming_vqa_dataset/src4ZsbyOF8_CitiesSkylines_11-24,47,46,1,61,49,74,31,75,42,36,47,48,73,39,70,55,36,29,71,77,50,unset,64,44,31,47,29,44,65,54,52,43,31,56,50,53,48,95,29,24,50,50,50,41,25,33,28,55,70,76,,,,,,,,,,,,,,
amt_gaming_vqa_dataset/BVL2lHeHflA_EuroTruckSimulator2_24-00_1080p_800k_hevc_nvenc,47,47,0,100,8,61,4,97,2,18,12,29,14,16,8,3,52,29,20,53,24,17,35,36,32,32,27,50,8,51,48,27,51,26,37,0,50,0,29,21,14,35,18,27,30,28,38,43,87,50,,,,,,,,,,,,,,
amt_gaming_vqa_dataset/BVL2lHeHflA_EuroTruckSimulator2_24-00_1080p_6000k_hevc_nvenc,47,47,0,99,72,100,64,97,61,87,41,40,69,48,87,73,76,70,74,58,89,88,62,45,83,68,52,45,90,83,50,60,69,72,59,69,72,66,50,63,86,60,70,29,74,68,39,82,82,87,,,,,,,,,,,,,,
amt_gaming_vqa_dataset/BVL2lHeHflA_EuroTruckSimulator2_24-00_1080p_2000k_hevc_nvenc,47,47,0,100,60,98,36,98,39,79,40,30,71,22,91,54,78,71,78,60,90,87,62,46,60,83,65,63,46,47,41,31,69,79,62,69,64,34,60,70,83,68,50,72,69,52,46,78,87,87,,,,,,,,,,,,,,
amt_gaming_vqa_dataset/BVL2lHeHflA_EuroTruckSimulator2_24-00_1080p_5300k_h264_nvenc,47,45,2,82,unset,93,66,97,59,83,27,43,71,22,56,66,67,71,71,57,87,94,55,37,87,74,54,64,64,78,39,68,70,78,79,unset,83,21,50,41,74,86,49,72,66,57,50,79,82,72,,,,,,,,,,,,,,
amt_gaming_vqa_dataset/BVL2lHeHflA_EuroTruckSimulator2_24-00_1080p_2300k_h264_nvenc,47,47,0,100,28,18,29,97,3,52,26,18,22,29,0,3,32,43,28,57,60,37,50,43,31,60,30,46,10,47,37,20,50,58,22,0,59,0,49,22,24,58,44,47,8,37,46,36,87,47,,,,,,,,,,,,,,
amt_gaming_vqa_dataset/BVL2lHeHflA_EuroTruckSimulator2_24-00_1080p_10000k_h264_nvenc,47,44,3,100,unset,100,59,97,49,83,37,35,65,51,100,88,69,71,71,45,71,100,83,45,64,91,49,68,92,83,unset,73,69,76,62,67,82,74,87,78,81,73,93,59,70,66,unset,71,85,80,,,,,,,,,,,,,,
amt_gaming_vqa_dataset/BVL2lHeHflA_EuroTruckSimulator2_24-00_1080p_500k_av1,47,47,0,89,29,45,21,98,13,82,27,31,21,25,18,49,46,50,42,77,40,59,23,36,29,49,44,55,54,74,54,18,69,56,46,27,58,0,29,29,17,35,41,28,15,41,42,42,82,52,,,,,,,,,,,,,,
amt_gaming_vqa_dataset/BVL2lHeHflA_EuroTruckSimulator2_24-00_1080p_5000k_av1,47,47,0,100,71,80,59,97,88,83,54,65,78,55,99,83,86,71,78,73,81,87,20,37,74,78,59,60,92,80,47,74,69,80,71,80,71,100,70,70,84,62,76,48,69,63,45,89,85,92,,,,,,,,,,,,,,
amt_gaming_vqa_dataset/BVL2lHeHflA_EuroTruckSimulator2_24-00_1080p_1500k_av1,47,47,0,99,72,80,45,97,47,88,53,48,64,40,73,42,73,70,78,68,87,78,29,44,69,79,52,43,92,69,47,43,69,77,69,50,70,74,71,30,90,26,50,28,47,65,38,69,87,74,,,,,,,,,,,,,,
amt_gaming_vqa_dataset/BVL2lHeHflA_EuroTruckSimulator2_24-00,47,40,7,100,50,100,71,97,69,92,41,55,unset,48,73,87,78,75,unset,47,unset,unset,17,45,64,82,50,85,92,unset,unset,76,69,88,77,100,68,93,89,63,76,73,66,unset,76,58,42,93,80,68,,,,,,,,,,,,,,
amt_gaming_vqa_dataset/WRh1kX5QwkU_DiabloIII_1-52,47,45,2,11,0,0,11,75,9,25,5,10,10,19,0,6,8,0,9,56,25,unset,16,12,25,55,43,62,18,31,48,9,30,25,35,unset,45,0,14,8,21,22,4,8,21,32,11,50,20,37,,,,,,,,,,,,,,
amt_gaming_vqa_dataset/aYWM3nhWeSE_SubwaySurfers_8-00,47,44,3,0,7,0,0,74,0,18,0,8,0,0,0,0,8,21,unset,10,23,unset,7,13,7,9,7,29,6,59,43,10,15,16,21,unset,39,0,12,8,0,14,2,9,10,10,8,12,59,29,,,,,,,,,,,,,,
amt_gaming_vqa_dataset/y_ITSBju9m_h8_RollerCoasterTycoon3_1-06-30_360p_600k_hevc_nvenc,47,47,0,73,50,57,30,58,90,87,20,8,54,29,44,50,29,51,25,76,29,31,65,35,23,46,34,22,8,57,39,39,30,30,40,66,46,43,29,11,50,42,14,51,19,36,37,51,57,57,,,,,,,,,,,,,,
amt_gaming_vqa_dataset/y_ITSBju9m_h8_RollerCoasterTycoon3_1-06-30_360p_800k_h264_nvenc,47,47,0,70,50,31,41,72,100,60,35,15,55,40,29,43,16,26,32,25,31,50,88,43,38,41,39,90,14,63,43,23,23,36,60,70,29,91,30,28,44,47,73,51,30,62,46,56,31,75,,,,,,,,,,,,,,
amt_gaming_vqa_dataset/y_ITSBju9m_h8_RollerCoasterTycoon3_1-06-30_360p_800k_av1,47,47,0,70,51,64,65,76,78,26,40,8,43,41,15,59,22,47,21,75,40,50,50,39,13,46,49,28,44,61,40,59,31,31,45,75,56,70,42,31,26,58,10,70,54,59,35,52,29,57,,,,,,,,,,,,,,
amt_gaming_vqa_dataset/J7NB8OG-b6Q_Palworld_0-05_720p_600k_hevc_nvenc,47,47,0,1,28,28,35,69,6,30,0,31,14,11,10,13,41,7,17,60,30,26,26,37,50,54,39,60,36,62,31,17,29,13,29,42,39,26,41,29,22,30,29,27,23,30,18,51,68,43,,,,,,,,,,,,,,
amt_gaming_vqa_dataset/0O6Ic4Q-VS8_WarRobots_1-18_720p_5000k_h264_nvenc,47,47,0,73,49,84,37,83,50,68,38,18,44,33,55,47,58,53,55,54,50,74,78,33,72,59,37,43,64,67,42,33,50,42,68,73,52,69,50,38,22,43,34,54,73,72,37,60,69,66,,,,,,,,,,,,,,
amt_gaming_vqa_dataset/0O6Ic4Q-VS8_WarRobots_1-18_720p_1000k_h264_nvenc,47,47,0,60,29,100,44,97,29,37,16,31,45,21,52,12,31,49,29,32,52,27,55,39,17,54,34,33,42,66,50,27,22,21,55,50,50,24,50,27,18,27,12,30,32,59,34,52,68,45,,,,,,,,,,,,,,
amt_gaming_vqa_dataset/kpox-roUn2w_HalfLife2_9-00_480p_1000k_av1,47,47,0,32,27,78,36,63,12,31,20,31,24,19,12,17,41,46,22,58,49,50,36,40,37,49,36,35,58,48,45,24,50,36,30,0,49,14,50,18,64,42,52,8,28,28,20,62,66,51,,,,,,,,,,,,,,
amt_gaming_vqa_dataset/BntIMsTMvrI_WarRobots_0-05_1080p_800k_hevc_nvenc,47,43,4,59,50,74,54,65,42,77,54,unset,39,44,53,56,64,52,64,65,50,59,59,48,unset,82,75,39,92,73,27,42,50,unset,57,87,73,51,50,47,25,unset,72,71,44,69,57,50,78,78,,,,,,,,,,,,,,
amt_gaming_vqa_dataset/WazvxcDjQsA_PUBGMobile_14-37_1080p_2000k_hevc_nvenc,47,47,0,60,51,54,74,58,71,52,57,38,28,69,66,68,60,51,11,46,51,93,30,45,40,87,42,55,56,68,31,44,49,58,78,51,58,89,71,62,26,96,37,42,44,58,59,55,69,60,,,,,,,,,,,,,,
amt_gaming_vqa_dataset/WazvxcDjQsA_PUBGMobile_14-37_1080p_5300k_h264_nvenc,47,47,0,50,54,54,64,73,69,80,54,79,33,61,83,67,71,41,78,70,59,88,83,71,60,75,48,71,57,74,46,42,68,57,79,87,52,50,71,72,66,37,59,72,41,67,56,74,69,60,,,,,,,,,,,,,,
amt_gaming_vqa_dataset/WazvxcDjQsA_PUBGMobile_14-37_1080p_2300k_h264_nvenc,47,45,2,41,unset,0,10,55,5,17,12,21,21,5,0,2,9,0,8,71,51,38,14,45,8,16,39,33,11,46,41,18,30,20,31,0,40,0,51,18,16,13,8,8,17,0,unset,39,62,38,,,,,,,,,,,,,,
amt_gaming_vqa_dataset/WazvxcDjQsA_PUBGMobile_14-37_1080p_10000k_h264_nvenc,47,45,2,62,unset,63,80,97,80,80,68,96,54,76,66,91,78,70,8,71,88,100,76,59,88,70,59,91,93,67,46,78,69,74,56,73,55,95,70,87,64,92,81,unset,72,79,44,70,64,90,,,,,,,,,,,,,,
amt_gaming_vqa_dataset/WazvxcDjQsA_PUBGMobile_14-37_1080p_500k_av1,47,47,0,49,29,0,19,60,21,32,27,12,31,22,32,13,23,7,17,78,50,23,50,46,31,48,39,64,55,73,36,13,30,36,46,10,47,0,51,29,18,13,3,29,29,32,36,44,65,45,,,,,,,,,,,,,,
amt_gaming_vqa_dataset/WazvxcDjQsA_PUBGMobile_14-37_1080p_5000k_av1,47,47,0,88,59,79,78,84,72,69,70,91,63,76,100,95,70,59,80,68,50,100,78,66,92,88,48,50,94,79,51,67,68,72,78,93,54,98,60,77,84,88,90,57,74,75,37,56,68,54,,,,,,,,,,,,,,
amt_gaming_vqa_dataset/WazvxcDjQsA_PUBGMobile_14-37_1080p_1500k_av1,47,47,0,71,43,73,71,84,71,82,62,58,55,60,66,80,64,71,64,65,71,87,37,63,49,72,48,99,67,64,53,78,69,66,78,87,54,22,71,56,18,88,33,60,73,79,46,69,63,46,,,,,,,,,,,,,,
amt_gaming_vqa_dataset/WazvxcDjQsA_PUBGMobile_14-37,47,39,8,88,50,78,68,97,77,78,77,78,unset,67,69,71,91,72,unset,22,unset,unset,36,65,92,71,48,unset,88,unset,unset,unset,70,75,78,73,50,100,87,78,69,91,40,56,61,76,58,91,68,87,,,,,,,,,,,,,,
amt_gaming_vqa_dataset/BntIMsTMvrI_WarRobots_0-05_1080p_6000k_hevc_nvenc,47,43,4,48,72,59,79,75,89,84,51,unset,36,61,100,78,82,59,71,88,88,100,35,46,unset,83,73,78,75,66,51,53,50,unset,63,92,77,94,70,51,78,unset,78,75,46,70,64,76,84,85,,,,,,,,,,,,,,
amt_gaming_vqa_dataset/0O6Ic4Q-VS8_WarRobots_1-18_720p_500k_av1,47,47,0,60,48,62,27,97,3,40,13,26,22,20,27,0,37,7,25,65,34,38,50,35,30,56,25,30,39,67,50,20,30,29,41,43,52,12,30,23,8,21,8,29,20,61,31,50,69,49,,,,,,,,,,,,,,
amt_gaming_vqa_dataset/BntIMsTMvrI_WarRobots_0-05_1080p_2000k_hevc_nvenc,47,43,4,42,50,89,73,65,44,68,49,unset,55,56,74,84,78,59,63,68,87,93,89,45,unset,84,76,57,93,80,39,41,49,unset,50,70,82,94,51,71,55,unset,90,51,49,47,47,76,75,62,,,,,,,,,,,,,,
amt_gaming_vqa_dataset/BntIMsTMvrI_WarRobots_0-05_1080p_5300k_h264_nvenc,47,45,2,41,51,79,67,82,52,80,30,unset,unset,42,58,41,59,72,73,59,70,87,62,50,59,81,79,88,90,76,41,49,69,54,59,67,76,57,50,44,68,78,61,42,73,32,53,79,83,62,,,,,,,,,,,,,,
amt_gaming_vqa_dataset/BntIMsTMvrI_WarRobots_0-05_1080p_2300k_h264_nvenc,47,47,0,31,41,0,32,86,3,51,19,27,24,6,0,11,35,28,14,70,30,60,30,46,80,45,71,28,9,48,27,21,25,29,45,0,62,0,40,29,26,39,14,29,18,26,53,50,80,55,,,,,,,,,,,,,,
amt_gaming_vqa_dataset/BntIMsTMvrI_WarRobots_0-05_1080p_10000k_h264_nvenc,47,44,3,50,60,88,77,67,87,72,51,unset,55,75,94,56,68,72,81,64,52,100,76,41,59,88,73,55,62,55,unset,71,50,70,54,95,64,95,50,63,50,77,78,71,50,66,unset,71,83,84,,,,,,,,,,,,,,
amt_gaming_vqa_dataset/BntIMsTMvrI_WarRobots_0-05_1080p_500k_av1,47,47,0,29,60,72,46,71,45,59,61,67,44,51,48,54,49,50,69,86,60,59,93,36,72,77,76,58,93,64,43,67,49,46,45,60,80,66,51,36,72,77,67,31,61,58,48,68,83,88,,,,,,,,,,,,,,
amt_gaming_vqa_dataset/BntIMsTMvrI_WarRobots_0-05_1080p_5000k_av1,47,47,0,40,71,97,77,80,42,90,63,69,45,73,95,66,78,67,72,83,89,100,86,45,41,90,76,100,97,68,46,59,69,69,71,100,51,66,58,66,64,78,88,60,59,56,54,75,89,73,,,,,,,,,,,,,,
amt_gaming_vqa_dataset/BntIMsTMvrI_WarRobots_0-05_1080p_1500k_av1,47,47,0,40,50,85,61,83,71,78,35,56,69,68,60,50,82,50,65,59,70,93,50,47,47,86,72,67,91,47,55,26,69,70,64,70,84,95,56,68,82,72,86,72,47,75,47,57,84,55,,,,,,,,,,,,,,
amt_gaming_vqa_dataset/BntIMsTMvrI_WarRobots_0-05,47,42,5,40,71,91,85,58,45,82,42,90,unset,56,80,68,78,71,unset,79,50,unset,37,46,83,68,75,60,45,unset,unset,62,50,75,78,92,78,96,71,76,85,87,82,70,43,75,47,71,78,78,,,,,,,,,,,,,,
amt_gaming_vqa_dataset/WazvxcDjQsA_PUBGMobile_14-37_1080p_6000k_hevc_nvenc,47,47,0,68,50,80,73,82,90,80,67,87,70,63,51,79,87,59,81,40,88,93,50,72,69,87,48,74,91,73,43,68,69,71,78,97,55,84,70,83,75,83,93,58,68,81,41,52,61,54,,,,,,,,,,,,,,
amt_gaming_vqa_dataset/WazvxcDjQsA_PUBGMobile_14-37_1080p_800k_hevc_nvenc,47,47,0,21,29,0,12,97,2,35,0,19,13,8,0,7,10,0,9,60,30,18,21,40,36,51,37,16,9,54,46,13,29,35,50,0,39,0,50,16,17,13,1,8,20,28,18,33,67,34,,,,,,,,,,,,,,
amt_gaming_vqa_dataset/9xYPRt1UsMc_Valheim_25-40,47,45,2,41,29,60,69,98,77,44,54,100,20,61,33,44,40,27,47,68,70,unset,69,55,26,69,75,45,94,unset,31,43,68,65,59,72,70,77,59,29,71,53,77,8,54,41,37,77,39,66,,,,,,,,,,,,,,
amt_gaming_vqa_dataset/9xYPRt1UsMc_Valheim_25-40_720p_1300k_av1,47,47,0,40,29,46,40,98,73,80,41,39,11,48,74,42,60,50,64,80,49,78,52,58,31,66,78,78,56,58,46,19,69,64,59,55,51,62,50,25,64,64,78,28,31,61,19,70,65,55,,,,,,,,,,,,,,
amt_gaming_vqa_dataset/0O6Ic4Q-VS8_WarRobots_1-18_720p_3000k_av1,47,47,0,50,49,87,54,98,39,76,38,28,45,25,73,37,47,72,29,79,81,100,74,38,12,54,40,83,54,56,49,41,32,48,60,62,49,79,41,39,48,49,56,59,34,74,41,65,71,71,,,,,,,,,,,,,,
amt_gaming_vqa_dataset/0O6Ic4Q-VS8_WarRobots_1-18_720p_1300k_av1,47,47,0,59,51,83,48,97,33,51,29,23,45,52,45,18,50,57,58,76,50,37,76,45,51,46,34,67,91,56,42,30,50,37,64,59,56,46,50,30,49,53,50,50,57,60,38,52,70,57,,,,,,,,,,,,,,
amt_gaming_vqa_dataset/0O6Ic4Q-VS8_WarRobots_1-18,47,46,1,50,61,72,73,72,43,73,28,36,31,53,81,23,65,59,30,65,80,unset,70,36,49,54,38,46,54,66,43,41,49,44,56,73,61,65,59,34,38,55,50,51,42,71,40,60,67,79,,,,,,,,,,,,,,
amt_gaming_vqa_dataset/sfRXREOaNBE_WorldofTanks_1-11,47,46,1,30,29,0,18,78,29,70,25,32,37,9,44,28,27,30,0,62,33,unset,64,31,33,25,35,43,12,49,43,44,22,31,50,27,50,26,30,16,66,59,39,30,45,24,8,74,61,64,,,,,,,,,,,,,,
amt_gaming_vqa_dataset/kbmes48Y8DY_Rust_0-01_480p_800k_hevc_nvenc,47,47,0,1,28,73,14,73,34,19,12,7,12,34,28,3,26,8,31,15,20,59,29,43,32,31,23,43,61,53,44,24,31,16,36,53,40,7,40,19,38,27,29,27,25,15,26,39,67,41,,,,,,,,,,,,,,
amt_gaming_vqa_dataset/kbmes48Y8DY_Rust_0-01_480p_1000k_h264_nvenc,47,47,0,10,28,30,12,58,4,11,0,17,16,12,27,9,22,0,9,66,45,51,43,48,36,45,25,26,44,25,52,16,31,29,31,22,37,0,40,14,18,11,26,8,17,37,10,47,72,41,,,,,,,,,,,,,,
amt_gaming_vqa_dataset/kbmes48Y8DY_Rust_0-01_480p_1000k_av1,47,46,1,21,29,36,15,71,24,20,7,17,unset,7,31,22,9,27,15,42,31,88,22,39,23,53,21,21,25,51,43,22,31,18,44,29,34,21,50,23,25,31,41,8,16,29,9,46,74,32,,,,,,,,,,,,,,
amt_gaming_vqa_dataset/kbmes48Y8DY_Rust_0-01,47,46,1,51,49,24,12,88,0,35,25,35,30,29,41,14,41,29,15,63,27,unset,34,27,18,54,29,47,64,58,50,27,32,19,27,48,39,30,50,17,38,36,40,29,18,36,19,78,63,73,,,,,,,,,,,,,,
amt_gaming_vqa_dataset/R9-eTPp_vx8_WorldofWarcraft_1-49-52,47,46,1,2,6,0,11,74,8,30,7,15,16,33,0,6,9,25,10,47,50,unset,16,11,12,36,24,30,10,66,43,27,30,39,31,0,19,0,18,15,5,11,11,29,18,34,6,56,51,24,,,,,,,,,,,,,,
amt_gaming_vqa_dataset/9xYPRt1UsMc_Valheim_25-40_720p_600k_hevc_nvenc,47,47,0,51,27,2,21,86,44,74,22,53,25,22,51,18,38,6,33,67,48,31,14,55,27,56,70,72,14,49,47,32,31,46,60,26,47,0,41,10,18,55,7,28,17,30,27,29,65,40,,,,,,,,,,,,,,
amt_gaming_vqa_dataset/9xYPRt1UsMc_Valheim_25-40_720p_3500k_hevc_nvenc,47,47,0,40,28,50,50,79,56,77,63,63,21,54,50,45,59,53,55,44,70,100,82,43,37,73,76,70,92,56,49,31,50,62,50,69,48,51,50,31,50,49,50,29,27,60,28,71,64,70,,,,,,,,,,,,,,
amt_gaming_vqa_dataset/9xYPRt1UsMc_Valheim_25-40_720p_1500k_hevc_nvenc,47,46,1,40,28,40,35,81,43,79,48,45,unset,40,87,41,55,49,41,54,79,59,59,74,60,82,76,68,92,48,46,50,49,70,55,70,52,18,51,28,17,55,40,29,22,47,32,78,65,60,,,,,,,,,,,,,,
amt_gaming_vqa_dataset/9xYPRt1UsMc_Valheim_25-40_720p_5000k_h264_nvenc,47,47,0,41,30,74,42,79,56,70,62,26,13,47,51,56,71,28,63,59,50,88,91,50,70,56,69,80,92,64,52,55,68,69,49,50,51,29,70,22,75,54,88,29,40,48,37,90,60,70,,,,,,,,,,,,,,
amt_gaming_vqa_dataset/9xYPRt1UsMc_Valheim_25-40_720p_2500k_h264_nvenc,47,47,0,50,29,54,32,98,74,51,46,37,33,58,41,45,59,28,57,63,51,88,42,57,50,75,53,81,92,48,48,62,68,64,67,26,53,33,51,41,34,58,48,7,28,60,20,60,63,63,,,,,,,,,,,,,,
amt_gaming_vqa_dataset/9xYPRt1UsMc_Valheim_25-40_720p_1000k_h264_nvenc,47,47,0,40,28,51,24,97,0,52,18,33,22,29,28,16,30,0,17,45,41,37,24,55,32,70,71,80,16,60,42,4,69,48,45,23,51,0,44,36,10,39,39,30,19,28,24,49,66,44,,,,,,,,,,,,,,
amt_gaming_vqa_dataset/9xYPRt1UsMc_Valheim_25-40_720p_500k_av1,47,47,0,20,29,16,21,97,3,51,27,39,34,37,10,22,32,27,33,67,41,21,50,50,32,59,79,60,87,53,47,31,50,57,56,38,59,9,47,17,12,40,30,30,13,58,15,48,66,38,,,,,,,,,,,,,,
amt_gaming_vqa_dataset/9xYPRt1UsMc_Valheim_25-40_720p_3000k_av1,47,47,0,40,9,59,31,80,56,69,41,33,29,49,48,30,63,10,57,78,79,94,32,60,83,74,76,71,70,66,46,57,70,66,69,48,51,32,50,18,44,63,50,27,21,47,27,70,67,74,,,,,,,,,,,,,,
amt_gaming_vqa_dataset/kpox-roUn2w_HalfLife2_9-00,47,46,1,60,28,30,19,80,5,30,27,31,54,26,42,23,41,27,24,78,32,unset,40,34,12,50,30,79,40,48,41,21,49,27,39,65,59,10,50,30,25,77,49,26,25,33,9,70,68,50,,,,,,,,,,,,,,
amt_gaming_vqa_dataset/kpox-roUn2w_HalfLife2_9-00_480p_1000k_h264_nvenc,47,47,0,30,28,11,12,75,16,32,17,15,13,31,0,9,41,0,19,71,49,37,42,41,44,43,39,38,43,55,55,29,50,33,36,0,58,0,40,29,42,12,55,29,50,34,9,51,51,40,,,,,,,,,,,,,,
amt_gaming_vqa_dataset/y_QgRoVX1cYvk_Myst_11-55_480p_1000k_h264_nvenc,37,34,3,34,unset,22,16,9,35,28,25,51,54,60,68,88,23,89,10,61,52,57,42,35,34,27,21,62,21,unset,42,50,17,57,unset,62,64,92,83,22,,,,,,,,,,,,,,,,,,,,,,,,
amt_gaming_vqa_dataset/E585R3AqEp8_CallofDutyMobile_0-07,37,35,2,54,49,64,77,39,41,59,70,74,75,40,87,94,unset,4,42,68,43,76,42,50,47,75,100,unset,65,70,59,70,51,66,64,60,69,97,78,60,,,,,,,,,,,,,,,,,,,,,,,,
amt_gaming_vqa_dataset/ZnuX_kQ3PzI_Palworld_0-00_720p_2500k_h264_nvenc,37,37,0,19,42,83,59,31,33,29,40,41,34,47,87,40,73,88,62,39,51,70,24,73,35,77,67,75,22,58,46,82,39,65,66,33,58,69,54,25,,,,,,,,,,,,,,,,,,,,,,,,
amt_gaming_vqa_dataset/ZnuX_kQ3PzI_Palworld_0-00_720p_5000k_h264_nvenc,37,36,1,53,28,77,65,32,29,30,59,69,44,66,94,41,100,93,55,29,46,35,36,69,30,59,80,unset,24,60,28,54,31,70,43,25,59,82,59,30,,,,,,,,,,,,,,,,,,,,,,,,
amt_gaming_vqa_dataset/ZnuX_kQ3PzI_Palworld_0-00_720p_1500k_hevc_nvenc,37,37,0,39,46,64,66,31,33,44,41,56,35,47,87,40,87,79,43,42,61,56,49,41,28,67,59,72,31,71,29,57,28,66,64,34,64,88,59,29,,,,,,,,,,,,,,,,,,,,,,,,
amt_gaming_vqa_dataset/ZnuX_kQ3PzI_Palworld_0-00_720p_3500k_hevc_nvenc,37,36,1,14,49,49,73,21,36,7,42,63,32,50,87,51,unset,59,65,33,51,27,42,78,50,63,48,46,51,44,48,62,21,70,72,35,57,72,59,75,,,,,,,,,,,,,,,,,,,,,,,,
amt_gaming_vqa_dataset/ZnuX_kQ3PzI_Palworld_0-00_720p_600k_hevc_nvenc,37,37,0,46,30,49,2,22,17,28,36,31,41,56,63,35,45,59,53,36,44,29,35,23,19,37,0,12,26,10,28,42,29,57,65,18,43,78,54,18,,,,,,,,,,,,,,,,,,,,,,,,
amt_gaming_vqa_dataset/y_6wR3l2xR6rY_SonicDash_1-17_480p_1000k_av1,37,37,0,54,73,68,86,88,54,58,30,88,47,63,59,31,87,96,94,49,49,83,60,69,30,45,100,80,69,87,71,50,39,62,65,36,65,96,78,78,,,,,,,,,,,,,,,,,,,,,,,,
amt_gaming_vqa_dataset/y_6wR3l2xR6rY_SonicDash_1-17_480p_1000k_h264_nvenc,37,37,0,76,58,35,29,28,44,71,44,27,47,65,69,88,69,91,18,17,49,77,59,40,46,10,72,80,42,68,30,64,38,47,43,29,53,97,78,32,,,,,,,,,,,,,,,,,,,,,,,,
amt_gaming_vqa_dataset/y_6wR3l2xR6rY_SonicDash_1-17_480p_800k_hevc_nvenc,37,37,0,55,71,44,37,40,35,74,46,50,41,53,45,71,63,71,93,52,55,73,61,50,27,28,86,46,49,86,53,53,59,71,68,34,79,88,69,22,,,,,,,,,,,,,,,,,,,,,,,,
amt_gaming_vqa_dataset/E585R3AqEp8_CallofDutyMobile_0-07_1080p_1500k_av1,37,37,0,74,73,82,3,59,48,52,69,64,68,39,87,82,73,91,65,56,40,73,64,63,47,53,56,63,59,64,71,65,71,81,45,44,64,88,69,68,,,,,,,,,,,,,,,,,,,,,,,,
amt_gaming_vqa_dataset/ZnuX_kQ3PzI_Palworld_0-00_720p_500k_av1,37,37,0,67,30,50,27,11,17,9,10,50,39,43,63,32,59,72,54,33,73,16,29,27,15,68,40,18,40,31,44,30,38,54,66,22,40,70,54,21,,,,,,,,,,,,,,,,,,,,,,,,
amt_gaming_vqa_dataset/E585R3AqEp8_CallofDutyMobile_0-07_1080p_5000k_av1,37,37,0,25,72,78,67,59,53,51,64,37,76,46,94,89,99,78,94,73,47,79,65,59,41,75,64,72,53,47,73,67,71,78,45,43,76,83,77,25,,,,,,,,,,,,,,,,,,,,,,,,
amt_gaming_vqa_dataset/E585R3AqEp8_CallofDutyMobile_0-07_1080p_500k_av1,37,37,0,37,44,74,39,18,29,51,51,41,77,55,26,50,87,94,55,60,46,58,54,59,18,66,51,65,40,49,41,79,31,70,63,29,62,82,69,29,,,,,,,,,,,,,,,,,,,,,,,,
amt_gaming_vqa_dataset/E585R3AqEp8_CallofDutyMobile_0-07_1080p_10000k_h264_nvenc,37,34,3,28,50,43,68,63,55,74,64,50,74,60,85,64,94,78,unset,84,42,unset,69,68,38,61,50,79,73,unset,70,84,34,72,65,35,71,88,78,64,,,,,,,,,,,,,,,,,,,,,,,,
amt_gaming_vqa_dataset/E585R3AqEp8_CallofDutyMobile_0-07_1080p_2300k_h264_nvenc,37,37,0,7,42,63,25,1,7,0,40,32,35,41,31,87,69,94,13,51,40,38,31,29,23,29,49,75,20,41,60,0,31,55,65,16,68,87,78,14,,,,,,,,,,,,,,,,,,,,,,,,
amt_gaming_vqa_dataset/E585R3AqEp8_CallofDutyMobile_0-07_1080p_5300k_h264_nvenc,37,34,3,82,71,unset,45,40,36,72,66,69,75,unset,69,50,88,92,75,68,29,unset,69,44,38,74,63,82,55,93,71,67,58,71,66,33,73,87,78,69,,,,,,,,,,,,,,,,,,,,,,,,
amt_gaming_vqa_dataset/E585R3AqEp8_CallofDutyMobile_0-07_1080p_2000k_hevc_nvenc,37,33,4,13,47,unset,56,35,53,50,61,unset,74,50,68,41,87,86,92,53,53,unset,71,69,44,44,57,84,63,unset,72,46,71,82,65,61,66,88,82,40,,,,,,,,,,,,,,,,,,,,,,,,
amt_gaming_vqa_dataset/E585R3AqEp8_CallofDutyMobile_0-07_1080p_6000k_hevc_nvenc,37,32,5,35,51,unset,69,63,78,46,60,unset,64,45,86,50,88,93,91,48,45,unset,60,87,32,83,97,84,57,unset,unset,96,74,70,81,39,65,83,78,30,,,,,,,,,,,,,,,,,,,,,,,,
amt_gaming_vqa_dataset/E585R3AqEp8_CallofDutyMobile_0-07_1080p_800k_hevc_nvenc,37,33,4,45,29,unset,48,33,48,30,60,unset,78,44,22,87,58,92,23,49,55,unset,45,41,17,51,45,85,27,unset,30,38,66,62,70,28,59,88,74,22,,,,,,,,,,,,,,,,,,,,,,,,
amt_gaming_vqa_dataset/ZnuX_kQ3PzI_Palworld_0-00_720p_1000k_h264_nvenc,37,37,0,19,27,7,0,0,0,0,9,31,35,24,26,46,13,28,5,10,45,21,20,8,8,2,0,23,16,14,28,0,9,39,65,10,38,28,31,19,,,,,,,,,,,,,,,,,,,,,,,,
amt_gaming_vqa_dataset/ZnuX_kQ3PzI_Palworld_0-00_720p_3000k_av1,37,37,0,33,27,45,57,35,35,29,46,63,35,56,93,39,73,53,92,26,54,46,31,54,44,74,62,22,41,77,54,61,41,50,76,33,62,89,59,40,,,,,,,,,,,,,,,,,,,,,,,,
amt_gaming_vqa_dataset/rGGoOgwzFKk_Cyberpunk2077_1-21_720p_600k_hevc_nvenc,37,37,0,45,30,12,15,11,0,24,41,31,32,37,26,41,37,50,20,17,48,25,17,31,12,31,0,10,12,10,28,17,17,47,66,23,63,95,69,17,,,,,,,,,,,,,,,,,,,,,,,,
amt_gaming_vqa_dataset/d_cWoK8x_hs_DiabloIII_3-21_1080p_5300k_h264_nvenc,37,34,3,19,8,63,28,9,24,29,46,41,39,39,88,50,87,unset,9,72,51,46,29,69,38,31,13,16,40,unset,29,4,28,82,unset,24,56,73,69,31,,,,,,,,,,,,,,,,,,,,,,,,
amt_gaming_vqa_dataset/y_QgRoVX1cYvk_Myst_11-55_480p_800k_hevc_nvenc,37,37,0,66,59,44,40,38,82,50,47,78,39,65,68,88,100,88,92,93,46,74,72,40,51,34,68,45,71,67,50,83,32,50,63,60,65,88,88,29,,,,,,,,,,,,,,,,,,,,,,,,
amt_gaming_vqa_dataset/AHZ4ogRBVBI_Cyberpunk2077_4-44,37,36,1,66,74,21,41,21,41,29,46,64,39,33,50,33,unset,87,45,24,63,78,47,50,8,65,50,84,48,62,31,60,29,63,79,38,55,79,64,29,,,,,,,,,,,,,,,,,,,,,,,,
amt_gaming_vqa_dataset/d_cWoK8x_hs_DiabloIII_3-21,37,33,4,unset,28,31,40,34,35,27,59,13,48,44,73,14,unset,4,15,27,52,43,22,81,29,48,unset,21,14,49,unset,24,20,78,69,36,33,14,41,40,,,,,,,,,,,,,,,,,,,,,,,,
amt_gaming_vqa_dataset/d_cWoK8x_hs_DiabloIII_3-21_1080p_1500k_av1,37,36,1,unset,27,36,24,4,23,29,40,45,46,29,59,50,55,76,55,42,50,64,16,59,29,1,0,28,15,46,29,31,36,65,70,43,48,78,79,64,,,,,,,,,,,,,,,,,,,,,,,,
amt_gaming_vqa_dataset/d_cWoK8x_hs_DiabloIII_3-21_1080p_5000k_av1,37,36,1,55,27,31,82,26,23,28,45,64,46,38,50,51,93,55,57,34,49,51,36,60,19,59,56,46,32,69,unset,0,38,79,41,37,50,83,78,76,,,,,,,,,,,,,,,,,,,,,,,,
amt_gaming_vqa_dataset/d_cWoK8x_hs_DiabloIII_3-21_1080p_500k_av1,37,37,0,26,8,26,0,6,15,2,23,16,37,22,17,32,22,70,7,26,49,27,12,31,10,13,29,30,12,17,27,0,8,40,65,29,27,78,64,22,,,,,,,,,,,,,,,,,,,,,,,,
amt_gaming_vqa_dataset/d_cWoK8x_hs_DiabloIII_3-21_1080p_10000k_h264_nvenc,37,34,3,10,27,59,49,13,27,8,44,17,48,37,93,78,100,unset,unset,74,44,55,22,59,10,24,71,69,42,unset,28,0,53,61,67,41,64,77,72,68,,,,,,,,,,,,,,,,,,,,,,,,
amt_gaming_vqa_dataset/d_cWoK8x_hs_DiabloIII_3-21_1080p_2300k_h264_nvenc,37,34,3,45,0,3,0,22,8,7,32,22,43,35,87,unset,64,42,7,42,49,66,18,22,10,14,33,31,unset,unset,7,0,15,54,78,23,74,87,65,17,,,,,,,,,,,,,,,,,,,,,,,,
amt_gaming_vqa_dataset/d_cWoK8x_hs_DiabloIII_3-21_1080p_2000k_hevc_nvenc,37,37,0,44,27,44,34,15,18,8,40,50,39,38,87,49,59,78,7,55,45,41,13,50,42,48,0,31,15,30,40,0,15,81,72,45,70,83,78,33,,,,,,,,,,,,,,,,,,,,,,,,
amt_gaming_vqa_dataset/ZnuX_kQ3PzI_Palworld_0-00_720p_1300k_av1,37,37,0,46,28,17,40,26,24,50,41,72,30,41,45,41,94,51,90,28,34,34,32,50,28,65,3,64,42,49,43,51,29,42,59,25,61,78,60,29,,,,,,,,,,,,,,,,,,,,,,,,
amt_gaming_vqa_dataset/d_cWoK8x_hs_DiabloIII_3-21_1080p_6000k_hevc_nvenc,37,37,0,76,28,56,46,37,21,11,47,60,42,29,100,50,87,69,90,27,47,41,30,50,24,5,67,52,28,49,30,17,28,66,44,28,51,82,82,36,,,,,,,,,,,,,,,,,,,,,,,,
amt_gaming_vqa_dataset/d_cWoK8x_hs_DiabloIII_3-21_1080p_800k_hevc_nvenc,37,37,0,7,27,30,0,17,2,30,9,17,36,24,18,38,18,53,9,15,33,21,12,28,8,0,0,0,19,64,27,0,12,45,66,36,29,82,59,17,,,,,,,,,,,,,,,,,,,,,,,,
amt_gaming_vqa_dataset/2UAQjGphSYg_RollerCoasterTycoon3_2-43,37,36,1,46,28,40,46,36,30,27,38,41,38,30,87,71,unset,29,17,29,41,45,43,41,18,18,64,49,32,72,52,51,42,51,59,38,63,83,69,33,,,,,,,,,,,,,,,,,,,,,,,,
amt_gaming_vqa_dataset/2UAQjGphSYg_RollerCoasterTycoon3_2-43_480p_1000k_av1,37,37,0,44,49,18,30,30,26,21,42,45,30,30,87,51,87,86,14,20,56,46,33,60,20,53,74,50,44,44,31,51,47,44,64,48,53,93,69,37,,,,,,,,,,,,,,,,,,,,,,,,
amt_gaming_vqa_dataset/2UAQjGphSYg_RollerCoasterTycoon3_2-43_480p_1000k_h264_nvenc,37,36,1,18,49,26,63,33,25,30,41,41,37,31,86,50,95,82,54,13,40,56,28,36,32,22,55,26,24,26,50,49,29,52,unset,27,59,96,69,44,,,,,,,,,,,,,,,,,,,,,,,,
amt_gaming_vqa_dataset/2UAQjGphSYg_RollerCoasterTycoon3_2-43_480p_800k_hevc_nvenc,37,37,0,69,50,18,51,19,35,49,36,50,31,31,68,29,60,79,9,36,38,42,42,31,29,40,59,50,46,39,57,66,38,45,70,34,52,95,69,68,,,,,,,,,,,,,,,,,,,,,,,,
amt_gaming_vqa_dataset/mmfGVuaogyM_AngryBirds2_0-17,37,35,2,54,60,24,32,27,41,43,32,29,29,30,62,31,unset,96,52,25,50,51,22,28,38,57,71,45,31,31,unset,90,17,53,43,20,45,88,78,29,,,,,,,,,,,,,,,,,,,,,,,,
amt_gaming_vqa_dataset/ZnuX_kQ3PzI_Palworld_0-00,37,35,2,27,46,87,66,36,24,29,41,92,38,39,87,29,unset,12,90,50,56,37,47,78,47,71,72,unset,46,67,50,85,50,57,62,45,45,83,69,72,,,,,,,,,,,,,,,,,,,,,,,,
amt_gaming_vqa_dataset/kEErvVGP99g_GarrysMod_13-35,37,36,1,15,52,28,57,38,38,45,41,50,37,43,87,50,unset,7,56,18,43,54,58,64,27,70,70,63,60,57,47,95,43,76,86,28,56,96,83,36,,,,,,,,,,,,,,,,,,,,,,,,
amt_gaming_vqa_dataset/kEErvVGP99g_GarrysMod_13-35_720p_1300k_av1,37,37,0,13,72,22,45,65,30,46,51,82,35,40,78,39,86,96,93,16,45,56,38,79,25,36,87,66,45,18,50,71,30,64,68,28,65,95,92,36,,,,,,,,,,,,,,,,,,,,,,,,
amt_gaming_vqa_dataset/kEErvVGP99g_GarrysMod_13-35_720p_3000k_av1,37,37,0,21,72,68,68,40,43,50,41,59,40,56,92,70,94,92,24,37,40,56,60,63,29,58,50,28,52,53,51,63,61,53,66,38,72,92,88,66,,,,,,,,,,,,,,,,,,,,,,,,
amt_gaming_vqa_dataset/tWyYHwQEZMU_Minecraft_8-27_1080p_800k_hevc_nvenc,37,37,0,27,42,11,21,35,7,15,29,78,45,61,50,43,50,92,18,34,48,38,32,31,29,33,0,50,22,13,40,17,17,48,72,14,45,87,73,26,,,,,,,,,,,,,,,,,,,,,,,,
amt_gaming_vqa_dataset/tWyYHwQEZMU_Minecraft_8-27_1080p_1500k_av1,37,36,1,77,72,87,57,73,54,75,69,87,70,75,86,87,100,unset,92,39,53,82,72,73,52,70,100,74,73,96,60,94,48,73,79,60,63,87,88,58,,,,,,,,,,,,,,,,,,,,,,,,
amt_gaming_vqa_dataset/tWyYHwQEZMU_Minecraft_8-27_1080p_5000k_av1,37,37,0,75,73,96,81,89,78,71,93,92,66,72,98,91,100,89,92,64,51,81,69,87,72,41,100,81,77,86,52,90,93,88,46,64,60,88,88,90,,,,,,,,,,,,,,,,,,,,,,,,
amt_gaming_vqa_dataset/tWyYHwQEZMU_Minecraft_8-27_1080p_500k_av1,37,37,0,74,42,26,1,16,8,22,23,50,44,57,44,32,26,96,12,13,45,66,52,31,29,33,54,38,39,19,49,23,21,57,64,21,53,88,87,16,,,,,,,,,,,,,,,,,,,,,,,,
amt_gaming_vqa_dataset/tWyYHwQEZMU_Minecraft_8-27_1080p_10000k_h264_nvenc,37,33,4,79,58,87,92,96,74,72,87,82,56,74,93,87,unset,93,91,88,40,80,74,87,72,81,100,86,73,unset,unset,95,71,85,unset,72,68,87,88,80,,,,,,,,,,,,,,,,,,,,,,,,
amt_gaming_vqa_dataset/tWyYHwQEZMU_Minecraft_8-27_1080p_2300k_h264_nvenc,37,37,0,17,29,17,21,0,9,50,37,29,38,57,23,50,36,79,6,16,49,64,34,26,4,38,6,51,36,86,41,30,17,67,66,21,65,87,87,20,,,,,,,,,,,,,,,,,,,,,,,,
amt_gaming_vqa_dataset/tWyYHwQEZMU_Minecraft_8-27_1080p_5300k_h264_nvenc,37,36,1,73,75,89,87,88,60,71,68,87,76,68,87,79,100,unset,94,45,52,74,62,78,61,45,100,83,76,87,59,74,73,74,76,61,68,92,83,74,,,,,,,,,,,,,,,,,,,,,,,,
amt_gaming_vqa_dataset/tWyYHwQEZMU_Minecraft_8-27_1080p_2000k_hevc_nvenc,37,36,1,81,73,68,74,76,71,50,69,87,55,90,68,68,99,94,93,70,60,88,68,69,62,80,100,82,72,96,unset,92,84,84,60,48,66,90,88,33,,,,,,,,,,,,,,,,,,,,,,,,
amt_gaming_vqa_dataset/tWyYHwQEZMU_Minecraft_8-27_1080p_6000k_hevc_nvenc,37,36,1,83,70,86,92,89,73,71,71,unset,64,80,93,90,100,28,92,82,34,84,71,69,91,82,100,92,79,78,60,82,91,90,66,56,61,91,92,79,,,,,,,,,,,,,,,,,,,,,,,,
amt_gaming_vqa_dataset/rGGoOgwzFKk_Cyberpunk2077_1-21,37,36,1,16,60,54,4,36,26,43,55,41,37,29,50,50,unset,5,54,49,40,35,62,50,14,61,78,34,40,77,28,33,16,77,64,25,63,82,69,30,,,,,,,,,,,,,,,,,,,,,,,,
amt_gaming_vqa_dataset/kEErvVGP99g_GarrysMod_13-35_720p_500k_av1,37,37,0,14,30,9,10,15,28,30,41,29,46,25,45,86,50,93,43,30,42,39,27,38,21,23,73,73,21,19,28,29,28,41,67,37,66,97,83,25,,,,,,,,,,,,,,,,,,,,,,,,
amt_gaming_vqa_dataset/rGGoOgwzFKk_Cyberpunk2077_1-21_720p_1300k_av1,37,37,0,45,28,20,38,18,29,14,53,41,34,31,73,21,87,93,53,34,43,68,37,59,18,59,63,49,26,51,29,0,14,53,76,25,67,92,64,29,,,,,,,,,,,,,,,,,,,,,,,,
amt_gaming_vqa_dataset/rGGoOgwzFKk_Cyberpunk2077_1-21_720p_3000k_av1,37,37,0,18,49,41,40,32,26,41,54,50,36,32,64,69,100,94,39,46,44,25,55,41,11,37,55,7,21,67,29,30,20,62,81,20,60,88,73,25,,,,,,,,,,,,,,,,,,,,,,,,
amt_gaming_vqa_dataset/rGGoOgwzFKk_Cyberpunk2077_1-21_720p_500k_av1,37,37,0,35,28,12,21,22,14,25,36,30,33,29,26,69,69,70,37,26,54,17,18,35,5,23,29,9,26,28,28,21,20,61,64,6,54,93,70,29,,,,,,,,,,,,,,,,,,,,,,,,
amt_gaming_vqa_dataset/rGGoOgwzFKk_Cyberpunk2077_1-21_720p_1000k_h264_nvenc,37,37,0,8,28,22,3,2,11,28,23,31,35,29,26,41,22,84,19,21,52,20,22,36,19,34,12,11,21,20,30,0,13,51,64,17,67,94,55,20,,,,,,,,,,,,,,,,,,,,,,,,
amt_gaming_vqa_dataset/rGGoOgwzFKk_Cyberpunk2077_1-21_720p_2500k_h264_nvenc,37,36,1,unset,29,16,41,27,28,50,47,32,36,40,46,50,87,95,55,27,42,37,20,63,16,28,42,11,18,61,28,0,35,79,67,22,57,93,63,24,,,,,,,,,,,,,,,,,,,,,,,,
amt_gaming_vqa_dataset/rGGoOgwzFKk_Cyberpunk2077_1-21_720p_5000k_h264_nvenc,37,35,2,16,52,61,51,18,27,29,40,88,37,32,63,40,69,unset,56,50,44,52,57,59,18,29,47,18,41,unset,28,79,23,71,83,26,66,93,69,40,,,,,,,,,,,,,,,,,,,,,,,,
amt_gaming_vqa_dataset/rGGoOgwzFKk_Cyberpunk2077_1-21_720p_1500k_hevc_nvenc,37,36,1,unset,49,46,16,28,26,22,53,44,36,40,45,70,68,78,41,21,54,31,42,59,16,39,55,19,38,45,30,30,17,67,40,17,66,88,65,20,,,,,,,,,,,,,,,,,,,,,,,,
amt_gaming_vqa_dataset/rGGoOgwzFKk_Cyberpunk2077_1-21_720p_3500k_hevc_nvenc,37,37,0,18,40,35,45,35,21,51,57,55,31,29,68,37,87,78,35,36,50,32,50,60,16,55,68,7,47,60,26,48,13,72,76,25,68,87,64,22,,,,,,,,,,,,,,,,,,,,,,,,
amt_gaming_vqa_dataset/tWyYHwQEZMU_Minecraft_8-27,37,32,5,85,72,92,84,92,74,72,87,69,79,unset,87,50,unset,unset,93,87,unset,78,66,87,92,74,100,92,73,96,unset,96,90,90,76,64,70,32,78,79,,,,,,,,,,,,,,,,,,,,,,,,
amt_gaming_vqa_dataset/y_hZ9kvYq0ubA_Terraria_42-50_480p_800k_hevc_nvenc,37,37,0,30,51,18,65,68,64,52,58,34,39,71,14,80,51,71,35,13,73,74,49,78,51,63,50,37,58,59,51,92,64,56,71,55,28,22,74,72,,,,,,,,,,,,,,,,,,,,,,,,
amt_gaming_vqa_dataset/y_hZ9kvYq0ubA_Terraria_42-50_480p_1000k_h264_nvenc,37,36,1,44,50,60,40,72,62,50,41,30,45,71,63,53,73,70,88,31,47,68,56,69,30,59,52,47,59,unset,51,54,57,50,62,53,50,22,69,74,,,,,,,,,,,,,,,,,,,,,,,,
amt_gaming_vqa_dataset/y_hZ9kvYq0ubA_Terraria_42-50_480p_1000k_av1,37,37,0,35,50,34,63,70,73,49,60,31,38,86,31,51,63,90,92,55,38,75,41,69,59,63,68,54,58,58,51,89,46,56,73,54,39,22,55,40,,,,,,,,,,,,,,,,,,,,,,,,
amt_gaming_vqa_dataset/kEErvVGP99g_GarrysMod_13-35_720p_1000k_h264_nvenc,37,36,1,16,29,16,11,3,24,4,50,41,37,38,44,91,unset,91,6,11,48,24,27,54,9,22,18,16,26,49,29,6,16,39,82,29,76,92,83,20,,,,,,,,,,,,,,,,,,,,,,,,
amt_gaming_vqa_dataset/kEErvVGP99g_GarrysMod_13-35_720p_2500k_h264_nvenc,37,36,1,26,54,23,43,39,44,28,41,32,40,42,87,88,85,97,94,15,39,66,67,78,17,68,67,66,72,unset,40,87,44,53,56,38,69,92,88,29,,,,,,,,,,,,,,,,,,,,,,,,
amt_gaming_vqa_dataset/kEErvVGP99g_GarrysMod_13-35_720p_5000k_h264_nvenc,37,37,0,76,71,7,57,36,40,72,51,69,44,60,83,71,97,92,91,37,41,30,72,87,29,48,46,27,59,44,41,70,36,61,79,36,62,97,78,20,,,,,,,,,,,,,,,,,,,,,,,,
amt_gaming_vqa_dataset/kEErvVGP99g_GarrysMod_13-35_720p_1500k_hevc_nvenc,37,36,1,65,72,16,67,36,45,71,41,64,31,50,93,89,78,unset,92,34,38,36,54,50,18,54,49,53,50,54,51,5,22,65,65,37,70,97,87,28,,,,,,,,,,,,,,,,,,,,,,,,
amt_gaming_vqa_dataset/kEErvVGP99g_GarrysMod_13-35_720p_3500k_hevc_nvenc,37,37,0,38,57,31,50,40,24,14,61,83,46,45,87,83,90,92,91,19,41,57,68,81,45,59,82,66,57,49,31,86,70,60,78,43,66,97,88,50,,,,,,,,,,,,,,,,,,,,,,,,
amt_gaming_vqa_dataset/kEErvVGP99g_GarrysMod_13-35_720p_600k_hevc_nvenc,37,36,1,45,28,43,12,29,43,27,29,30,43,36,44,50,50,97,13,6,48,unset,26,31,9,22,97,77,26,43,46,59,16,43,77,41,72,98,83,17,,,,,,,,,,,,,,,,,,,,,,,,
amt_gaming_vqa_dataset/sq0GCRT4zLQ_TheWitcher3_3-06,37,36,1,22,29,49,39,37,56,0,22,50,38,32,59,31,unset,8,92,7,44,37,46,31,29,31,33,64,61,59,28,66,11,37,62,52,73,22,59,50,,,,,,,,,,,,,,,,,,,,,,,,
amt_gaming_vqa_dataset/sq0GCRT4zLQ_TheWitcher3_3-06_720p_1300k_av1,37,37,0,16,29,36,26,17,35,51,8,50,30,51,44,49,36,85,91,13,42,37,14,12,18,59,58,11,41,38,27,61,8,42,61,51,69,32,55,18,,,,,,,,,,,,,,,,,,,,,,,,
amt_gaming_vqa_dataset/sq0GCRT4zLQ_TheWitcher3_3-06_720p_3000k_av1,37,37,0,13,27,7,44,36,37,28,19,35,22,33,34,40,63,88,93,10,39,27,43,40,28,39,50,22,26,73,28,24,13,41,63,46,67,13,50,22,,,,,,,,,,,,,,,,,,,,,,,,
amt_gaming_vqa_dataset/sq0GCRT4zLQ_TheWitcher3_3-06_720p_500k_av1,37,37,0,24,28,16,13,17,27,27,10,22,30,36,22,42,73,57,55,10,45,38,24,22,8,32,24,4,14,60,28,16,6,47,64,39,68,22,68,59,,,,,,,,,,,,,,,,,,,,,,,,
amt_gaming_vqa_dataset/sq0GCRT4zLQ_TheWitcher3_3-06_720p_1000k_h264_nvenc,37,37,0,30,27,19,8,17,34,26,8,50,23,47,36,40,51,75,44,12,48,35,22,32,7,34,50,18,22,13,41,21,11,44,79,36,82,23,69,13,,,,,,,,,,,,,,,,,,,,,,,,
amt_gaming_vqa_dataset/sq0GCRT4zLQ_TheWitcher3_3-06_720p_2500k_h264_nvenc,37,35,2,unset,28,13,44,33,55,11,41,44,36,53,44,31,50,71,37,13,40,26,47,35,18,41,7,25,26,unset,32,56,9,50,46,44,81,22,69,18,,,,,,,,,,,,,,,,,,,,,,,,
amt_gaming_vqa_dataset/sq0GCRT4zLQ_TheWitcher3_3-06_720p_5000k_h264_nvenc,37,37,0,35,27,22,40,49,34,27,16,50,23,37,80,50,94,93,19,9,41,39,45,41,29,50,22,49,47,59,28,59,9,59,67,42,80,23,59,27,,,,,,,,,,,,,,,,,,,,,,,,
amt_gaming_vqa_dataset/sq0GCRT4zLQ_TheWitcher3_3-06_720p_1500k_hevc_nvenc,37,37,0,23,7,13,41,27,30,29,45,50,48,42,45,50,45,91,45,10,45,44,15,33,9,45,75,42,22,56,29,15,13,50,66,26,73,26,73,30,,,,,,,,,,,,,,,,,,,,,,,,
amt_gaming_vqa_dataset/sq0GCRT4zLQ_TheWitcher3_3-06_720p_3500k_hevc_nvenc,37,37,0,53,28,30,36,32,34,29,31,60,28,36,37,18,59,74,53,17,46,25,39,50,9,49,0,22,26,58,28,39,10,50,64,40,82,32,59,17,,,,,,,,,,,,,,,,,,,,,,,,
amt_gaming_vqa_dataset/sq0GCRT4zLQ_TheWitcher3_3-06_720p_600k_hevc_nvenc,37,37,0,21,28,22,38,18,29,26,33,73,22,38,13,32,50,86,43,12,43,24,34,30,28,30,50,24,16,58,30,61,9,49,70,60,76,23,50,29,,,,,,,,,,,,,,,,,,,,,,,,
amt_gaming_vqa_dataset/AfRkzHvr2c4_CitiesSkylines_16-00,37,36,1,26,73,55,46,36,29,21,30,30,23,56,85,46,unset,96,39,20,54,67,41,36,26,36,80,27,69,65,51,65,18,54,43,27,70,79,69,34,,,,,,,,,,,,,,,,,,,,,,,,
amt_gaming_vqa_dataset/y_QgRoVX1cYvk_Myst_11-55_480p_1000k_av1,37,37,0,81,60,58,44,50,83,50,59,82,55,79,99,88,93,94,72,81,46,79,55,54,51,74,94,71,67,59,51,69,34,80,44,64,89,92,88,68,,,,,,,,,,,,,,,,,,,,,,,,
