video_name,total_ratings_count,valid_ratings_count,unset_count,final_rate1,final_rate2,final_rate3,final_rate4,final_rate5,final_rate6,final_rate7,final_rate8,final_rate9,final_rate10,final_rate11,final_rate12,final_rate13,final_rate14,final_rate15,final_rate16,final_rate17,final_rate18,final_rate19,final_rate20,final_rate21,final_rate22,final_rate23,final_rate24,final_rate25,final_rate26,final_rate27,final_rate28,final_rate29,final_rate30,final_rate31,final_rate32,final_rate33,final_rate34,final_rate35,final_rate36,final_rate37,final_rate38,final_rate39,final_rate40,final_rate41
amt_gaming_vqa_dataset/AKcTm4L_Des_CallofDutyMobile_1-38_1080p_800k_hevc_nvenc,41,41,0,25,18,8,12,13,11,11,39,45,17,40,6,40,5,12,37,24,4,8,32,32,17,12,13,21,36,71,88,36,9,64,27,33,0,6,6,8,47,58,6,13
amt_gaming_vqa_dataset/y_ITSBju9m_h8_RollerCoasterTycoon3_10-10_360p_800k_av1,41,41,0,26,29,51,31,56,45,38,46,22,22,39,44,49,50,35,50,54,51,29,42,31,59,49,28,50,29,50,89,12,28,24,35,69,90,60,61,41,50,57,37,73
amt_gaming_vqa_dataset/Gp59gQ78XZ4_Terraria_13-55_1080p_1500k_av1,41,41,0,44,22,50,54,79,69,88,66,40,71,84,47,74,50,78,84,69,53,65,60,55,50,53,35,62,45,50,80,26,68,66,37,36,82,50,52,68,88,42,62,73
amt_gaming_vqa_dataset/Gp59gQ78XZ4_Terraria_13-55_1080p_5000k_av1,41,41,0,50,43,50,27,88,72,86,69,65,64,83,64,74,50,69,83,94,56,67,56,38,78,48,28,73,48,50,91,9,71,77,38,69,69,57,54,33,69,55,38,71
amt_gaming_vqa_dataset/Gp59gQ78XZ4_Terraria_13-55_1080p_500k_av1,41,41,0,53,18,51,87,74,78,82,70,55,50,86,42,70,50,69,75,100,43,58,69,31,22,48,70,51,37,50,90,11,71,54,48,60,89,30,50,56,74,51,14,69
amt_gaming_vqa_dataset/Gp59gQ78XZ4_Terraria_13-55_1080p_10000k_h264_nvenc,41,39,2,55,77,unset,27,65,88,85,61,38,58,unset,45,58,50,78,80,74,46,66,59,53,71,51,17,76,45,50,81,15,72,55,33,50,57,52,53,73,51,60,30,87
amt_gaming_vqa_dataset/Gp59gQ78XZ4_Terraria_13-55_1080p_2300k_h264_nvenc,41,40,1,40,26,51,52,89,83,85,67,37,46,82,38,56,unset,69,82,82,34,54,54,37,64,50,17,50,47,50,88,13,71,44,26,59,75,54,50,57,22,56,37,73
amt_gaming_vqa_dataset/Gp59gQ78XZ4_Terraria_13-55_1080p_5300k_h264_nvenc,41,37,4,61,49,unset,22,68,82,92,82,50,50,82,38,40,50,88,86,85,54,72,43,40,68,44,unset,86,45,50,unset,30,74,68,29,59,64,52,52,68,65,63,31,unset
amt_gaming_vqa_dataset/Gp59gQ78XZ4_Terraria_13-55_1080p_2000k_hevc_nvenc,41,41,0,49,25,50,48,63,78,82,63,49,71,76,46,70,50,69,81,70,55,40,63,36,37,51,84,84,43,50,92,14,71,75,27,45,100,52,52,62,72,44,48,83
amt_gaming_vqa_dataset/Gp59gQ78XZ4_Terraria_13-55_1080p_6000k_hevc_nvenc,41,40,1,44,36,49,40,93,72,81,65,69,50,82,35,49,41,78,85,66,46,66,69,36,78,51,28,55,38,50,82,48,71,27,61,50,unset,53,53,73,80,50,36,83
amt_gaming_vqa_dataset/Gp59gQ78XZ4_Terraria_13-55_1080p_800k_hevc_nvenc,41,41,0,33,40,50,35,28,83,75,66,45,16,73,37,60,41,36,72,51,51,45,47,36,18,40,29,13,45,50,89,19,33,28,27,49,64,45,51,26,81,46,23,46
amt_gaming_vqa_dataset/L_15gc5EV8I_FIFA_23-42,41,39,2,3,12,31,4,2,8,26,12,19,9,11,17,0,0,26,28,0,0,15,14,13,unset,8,8,13,12,8,77,15,8,18,10,15,unset,6,19,26,50,13,9,22
amt_gaming_vqa_dataset/5Tm5htccdwA_AngryBirds2_0-00,41,38,3,29,22,49,32,53,26,53,unset,22,41,60,18,29,59,36,42,65,25,50,48,36,unset,53,9,88,28,50,82,12,29,28,25,40,unset,60,59,42,47,47,28,78
amt_gaming_vqa_dataset/5Tm5htccdwA_AngryBirds2_0-00_1080p_1500k_av1,41,40,1,19,29,50,31,16,unset,55,45,39,30,62,19,39,29,40,35,30,35,63,50,33,73,47,26,59,39,50,85,12,29,80,23,50,19,59,60,25,76,56,19,53
amt_gaming_vqa_dataset/5Tm5htccdwA_AngryBirds2_0-00_1080p_5000k_av1,41,41,0,27,62,50,46,45,18,44,30,59,29,64,27,35,60,40,44,62,22,49,29,22,87,39,15,93,9,50,85,15,31,76,43,50,68,58,50,22,18,50,32,59
amt_gaming_vqa_dataset/5Tm5htccdwA_AngryBirds2_0-00_1080p_500k_av1,41,40,1,34,47,51,26,32,71,59,unset,47,41,55,11,21,49,41,31,52,24,53,28,22,59,44,28,59,16,50,77,28,26,73,27,36,22,57,47,28,56,44,30,44
amt_gaming_vqa_dataset/5Tm5htccdwA_AngryBirds2_0-00_1080p_10000k_h264_nvenc,41,39,2,25,unset,50,unset,32,34,55,36,66,49,48,29,22,29,50,44,50,15,55,45,31,88,49,8,87,25,50,79,8,31,64,35,46,71,58,53,38,53,68,42,59
amt_gaming_vqa_dataset/5Tm5htccdwA_AngryBirds2_0-00_1080p_2300k_h264_nvenc,41,41,0,23,40,49,22,33,73,45,34,39,30,68,4,21,29,40,50,44,15,56,46,18,87,50,9,72,30,50,89,30,30,27,24,46,54,58,50,19,26,47,20,45
amt_gaming_vqa_dataset/5Tm5htccdwA_AngryBirds2_0-00_1080p_5300k_h264_nvenc,41,39,2,34,unset,50,unset,54,74,53,37,38,41,53,9,25,50,50,33,44,4,69,27,23,99,41,10,86,26,50,80,13,40,44,28,61,52,60,59,13,17,40,26,70
amt_gaming_vqa_dataset/5Tm5htccdwA_AngryBirds2_0-00_1080p_2000k_hevc_nvenc,41,37,4,21,unset,50,unset,47,45,54,31,27,32,60,32,unset,28,50,28,50,18,56,37,unset,78,52,11,50,20,50,92,11,30,66,25,40,58,60,50,26,56,60,13,50
amt_gaming_vqa_dataset/5Tm5htccdwA_AngryBirds2_0-00_1080p_6000k_hevc_nvenc,41,36,5,24,unset,51,unset,37,65,53,30,69,32,59,8,unset,51,50,27,50,15,50,31,unset,78,38,29,59,21,50,89,9,28,86,19,50,unset,61,58,40,46,57,39,72
amt_gaming_vqa_dataset/npHnaTnSmwg_CitiesSkylines_8-00_480p_800k_hevc_nvenc,41,41,0,27,26,29,35,21,18,36,31,79,29,35,10,39,29,50,71,59,35,6,44,26,50,47,8,44,40,50,90,28,10,25,24,30,19,32,40,45,20,63,27,87
amt_gaming_vqa_dataset/npHnaTnSmwg_CitiesSkylines_8-00_480p_1000k_h264_nvenc,41,39,2,16,37,49,15,29,26,45,30,76,47,29,17,26,8,50,46,34,10,11,32,31,68,45,48,59,31,50,79,22,28,unset,27,50,29,29,41,unset,22,71,23,78
amt_gaming_vqa_dataset/npHnaTnSmwg_CitiesSkylines_8-00_480p_1000k_av1,41,41,0,25,25,48,18,12,9,31,28,26,42,29,28,23,29,31,42,50,6,45,47,26,50,51,31,59,36,50,72,13,29,54,21,50,48,28,46,56,47,57,15,71
amt_gaming_vqa_dataset/NL_LlfIhZnY_StardewValley_9-01_720p_3500k_hevc_nvenc,41,41,0,74,54,73,82,66,28,65,46,73,57,82,57,78,70,87,70,84,72,73,47,74,90,87,29,83,73,91,88,26,61,39,57,59,77,73,72,70,26,59,72,87
amt_gaming_vqa_dataset/NL_LlfIhZnY_StardewValley_9-01,41,40,1,48,34,71,73,89,45,73,50,65,71,83,48,71,71,91,81,100,53,66,59,65,unset,77,15,87,62,91,91,25,72,80,73,68,79,80,95,46,49,72,63,83
amt_gaming_vqa_dataset/NL_LlfIhZnY_StardewValley_9-01_720p_1300k_av1,41,40,1,76,46,72,82,65,45,74,62,41,68,55,65,79,71,83,79,100,68,77,39,87,94,59,70,50,64,91,89,44,64,55,56,84,unset,72,81,71,62,51,80,75
amt_gaming_vqa_dataset/NL_LlfIhZnY_StardewValley_9-01_720p_3000k_av1,41,41,0,60,49,72,70,88,45,65,54,36,49,81,54,71,71,82,83,89,73,65,54,64,92,59,9,85,57,91,91,37,75,27,67,85,59,83,73,40,43,56,70,87
amt_gaming_vqa_dataset/NL_LlfIhZnY_StardewValley_9-01_720p_500k_av1,41,41,0,47,69,73,79,68,22,78,50,45,72,83,46,80,71,87,79,83,63,78,56,50,59,74,49,22,67,91,86,32,68,72,64,87,100,80,61,37,65,72,58,85
amt_gaming_vqa_dataset/NL_LlfIhZnY_StardewValley_9-01_720p_1000k_h264_nvenc,41,41,0,55,45,58,36,75,24,72,64,26,87,39,63,73,71,78,81,65,73,79,40,64,78,80,9,59,42,91,79,27,50,27,67,89,63,74,93,30,27,60,77,56
amt_gaming_vqa_dataset/NL_LlfIhZnY_StardewValley_9-01_720p_2500k_h264_nvenc,41,40,1,67,69,74,22,100,64,74,69,59,62,82,56,73,71,69,75,unset,65,86,60,74,87,61,50,87,65,91,90,28,65,85,60,83,75,74,76,55,50,60,71,78
amt_gaming_vqa_dataset/NL_LlfIhZnY_StardewValley_9-01_720p_5000k_h264_nvenc,41,41,0,62,32,59,73,70,48,82,44,69,59,72,66,79,72,69,79,90,88,60,57,82,100,77,12,87,56,91,92,48,60,45,65,69,67,73,78,69,36,50,69,92
amt_gaming_vqa_dataset/NL_LlfIhZnY_StardewValley_9-01_720p_1500k_hevc_nvenc,41,41,0,62,54,72,87,87,45,76,71,55,78,84,11,76,71,87,73,93,62,60,53,78,73,81,51,72,68,91,93,12,50,83,60,86,82,95,81,43,55,70,73,84
amt_gaming_vqa_dataset/NL_LlfIhZnY_StardewValley_9-01_720p_600k_hevc_nvenc,41,41,0,55,63,73,63,69,45,73,73,45,56,55,47,100,71,87,74,86,61,65,42,65,59,88,29,50,75,71,91,15,38,46,55,79,75,92,76,41,43,61,37,78
amt_gaming_vqa_dataset/npHnaTnSmwg_CitiesSkylines_8-00,41,40,1,15,33,42,23,38,19,47,29,33,49,28,31,29,29,31,54,60,4,10,44,24,unset,50,57,64,30,49,84,19,14,80,25,70,61,29,41,26,26,79,31,67
amt_gaming_vqa_dataset/iieKUq0J-XM_FIFA_6-19,41,39,2,9,9,26,23,33,29,35,34,35,36,36,18,29,8,41,37,40,5,34,39,41,unset,31,11,59,38,71,93,13,12,45,28,50,unset,26,4,18,74,57,24,50
amt_gaming_vqa_dataset/iieKUq0J-XM_FIFA_6-19_480p_1000k_av1,41,41,0,16,25,29,11,53,55,52,43,50,34,45,29,38,29,36,44,0,14,49,33,70,59,32,29,59,38,71,85,19,16,35,25,50,40,28,31,25,18,41,30,73
amt_gaming_vqa_dataset/iieKUq0J-XM_FIFA_6-19_480p_1000k_h264_nvenc,41,40,1,10,35,28,unset,43,29,56,17,25,41,30,35,13,8,40,37,40,27,47,37,38,59,29,28,55,36,71,92,14,8,31,23,41,72,27,26,25,34,62,22,41
amt_gaming_vqa_dataset/iieKUq0J-XM_FIFA_6-19_480p_800k_hevc_nvenc,41,41,0,43,10,28,24,35,44,53,22,34,50,43,35,27,29,41,51,44,17,46,36,72,50,22,30,25,29,71,79,20,30,78,26,46,55,29,29,28,63,47,26,59
amt_gaming_vqa_dataset/y_hZ9kvYq0ubA_Terraria_18-22_480p_1000k_av1,41,41,0,49,33,52,36,59,45,72,48,58,41,80,55,73,49,69,68,73,53,54,45,32,45,92,50,73,43,71,89,31,49,44,45,87,83,49,54,53,56,79,57,78
amt_gaming_vqa_dataset/y_hZ9kvYq0ubA_Terraria_18-22_480p_1000k_h264_nvenc,41,41,0,44,44,48,46,70,73,63,69,43,50,84,56,72,50,51,72,75,58,57,49,55,36,54,50,44,47,71,87,27,71,83,52,69,54,57,49,44,23,58,32,66
amt_gaming_vqa_dataset/y_hZ9kvYq0ubA_Terraria_18-22_480p_800k_hevc_nvenc,41,41,0,42,35,51,36,62,78,68,69,68,29,58,67,61,50,87,71,79,56,54,40,29,26,76,48,13,46,70,87,32,43,54,52,41,75,53,56,58,73,78,31,78
amt_gaming_vqa_dataset/aYWM3nhWeSE_SubwaySurfers_0-30,41,40,1,0,13,29,26,0,6,12,32,27,4,19,6,3,0,12,9,0,0,0,15,12,unset,6,9,13,36,29,81,8,9,18,5,19,0,0,0,24,5,29,8,13
amt_gaming_vqa_dataset/5Tm5htccdwA_AngryBirds2_0-00_1080p_800k_hevc_nvenc,41,37,4,13,unset,49,unset,39,81,59,57,54,31,56,22,unset,29,50,31,45,20,67,40,unset,50,44,29,14,35,50,82,12,27,66,23,50,50,50,47,17,68,44,25,63
amt_gaming_vqa_dataset/Gp59gQ78XZ4_Terraria_13-55,41,38,3,54,41,51,40,89,63,81,58,62,49,76,66,50,50,69,69,100,60,57,63,36,unset,48,37,69,52,50,81,36,72,unset,38,36,unset,54,51,49,82,58,44,91
amt_gaming_vqa_dataset/y_ITSBju9m_h8_RollerCoasterTycoon3_10-10_360p_800k_h264_nvenc,41,41,0,19,23,50,66,11,23,37,34,46,22,35,26,42,29,31,66,50,21,41,43,16,50,47,29,22,30,49,86,27,9,9,27,82,51,50,61,57,45,41,9,50
amt_gaming_vqa_dataset/Sat7jyNwnx0_WarRobots_0-08_720p_1300k_av1,41,40,1,38,27,28,34,13,13,65,47,70,53,53,18,2,9,31,45,57,27,53,55,37,64,32,67,59,37,29,94,29,50,4,12,45,unset,30,27,18,50,86,30,73
amt_gaming_vqa_dataset/Sat7jyNwnx0_WarRobots_0-08_720p_500k_av1,41,41,0,9,12,28,84,17,45,33,51,35,23,39,27,2,8,22,35,4,15,31,34,55,36,42,6,21,34,29,66,42,38,46,17,50,0,23,30,27,8,80,20,37
amt_gaming_vqa_dataset/Sat7jyNwnx0_WarRobots_0-08_720p_1000k_h264_nvenc,41,40,1,5,11,27,28,2,27,27,49,17,13,51,unset,0,0,13,20,0,0,21,40,17,22,31,8,20,33,29,72,6,30,15,25,21,0,0,22,14,6,47,12,17
amt_gaming_vqa_dataset/Sat7jyNwnx0_WarRobots_0-08_720p_2500k_h264_nvenc,41,41,0,26,24,28,43,29,45,55,40,24,50,65,19,1,8,31,36,0,12,47,39,49,65,34,28,59,44,29,78,23,70,21,23,50,28,24,29,24,6,74,21,64
amt_gaming_vqa_dataset/Sat7jyNwnx0_WarRobots_0-08_720p_5000k_h264_nvenc,41,41,0,35,43,27,36,11,16,63,51,36,50,29,18,10,9,41,72,0,45,61,52,41,99,50,30,87,39,29,89,26,39,13,35,36,45,11,27,24,27,85,32,74
amt_gaming_vqa_dataset/Sat7jyNwnx0_WarRobots_0-08_720p_1500k_hevc_nvenc,41,41,0,21,23,28,29,17,14,66,50,72,50,54,9,0,28,31,50,63,9,48,45,31,50,36,10,59,40,70,86,15,50,45,35,41,50,28,30,16,80,69,31,39
amt_gaming_vqa_dataset/Sat7jyNwnx0_WarRobots_0-08_720p_3500k_hevc_nvenc,41,41,0,14,37,28,17,8,37,59,44,63,50,57,8,0,29,31,34,0,31,46,56,26,72,41,29,59,45,29,75,11,60,9,17,50,0,13,27,26,12,90,31,41
amt_gaming_vqa_dataset/Sat7jyNwnx0_WarRobots_0-08_720p_600k_hevc_nvenc,41,41,0,30,16,28,10,12,29,37,48,50,31,38,7,11,9,35,29,0,15,29,45,28,27,40,30,22,39,29,78,8,29,13,27,39,0,24,28,18,10,59,39,22
amt_gaming_vqa_dataset/y_ITSBju9m_h8_RollerCoasterTycoon3_53-37_360p_800k_av1,41,41,0,17,19,50,15,44,46,45,23,59,45,47,28,51,50,30,53,69,24,39,35,28,78,44,12,22,20,50,84,15,8,43,29,58,94,51,59,53,50,62,32,73
amt_gaming_vqa_dataset/y_ITSBju9m_h8_RollerCoasterTycoon3_53-37_360p_800k_h264_nvenc,41,41,0,25,23,50,33,49,18,27,29,35,32,41,33,50,30,26,32,53,13,31,32,32,55,41,13,33,25,51,68,12,8,55,37,60,68,55,56,25,44,40,7,69
amt_gaming_vqa_dataset/y_ITSBju9m_h8_RollerCoasterTycoon3_53-37_360p_600k_hevc_nvenc,41,41,0,26,38,51,25,22,28,27,32,24,41,30,18,41,8,32,71,36,26,22,35,51,22,41,9,18,21,50,83,12,18,31,35,50,37,42,48,30,18,36,27,45
amt_gaming_vqa_dataset/AKcTm4L_Des_CallofDutyMobile_1-38,41,33,8,38,50,unset,33,unset,unset,59,41,80,50,73,18,40,0,31,34,68,35,31,59,46,unset,36,15,84,29,71,unset,unset,45,36,46,69,unset,44,40,unset,16,80,19,96
amt_gaming_vqa_dataset/AKcTm4L_Des_CallofDutyMobile_1-38_1080p_1500k_av1,41,41,0,27,24,30,8,29,65,30,49,46,31,36,27,33,8,36,29,49,26,37,46,71,87,28,7,63,34,70,91,29,42,37,20,69,51,7,28,19,19,43,10,68
amt_gaming_vqa_dataset/AKcTm4L_Des_CallofDutyMobile_1-38_1080p_5000k_av1,41,41,0,31,21,29,29,44,69,43,59,60,58,63,35,39,0,68,54,80,29,25,51,50,93,52,16,92,36,71,90,33,40,45,33,69,36,50,42,45,24,64,19,56
amt_gaming_vqa_dataset/AKcTm4L_Des_CallofDutyMobile_1-38_1080p_500k_av1,41,41,0,28,13,29,15,14,26,21,47,42,8,31,27,21,0,22,35,38,21,31,27,31,12,27,29,18,28,70,76,10,10,14,28,48,35,5,6,14,11,23,10,31
amt_gaming_vqa_dataset/AKcTm4L_Des_CallofDutyMobile_1-38_1080p_10000k_h264_nvenc,41,37,4,38,unset,unset,65,54,unset,55,50,78,45,80,25,39,29,69,32,81,38,47,48,84,100,33,53,99,47,71,92,28,53,26,45,50,unset,43,39,72,37,66,40,41
amt_gaming_vqa_dataset/AKcTm4L_Des_CallofDutyMobile_1-38_1080p_2300k_h264_nvenc,41,40,1,27,unset,28,16,0,18,26,51,51,22,48,26,13,8,36,57,0,6,31,36,53,50,28,28,65,33,71,83,11,40,60,28,31,0,0,31,18,19,46,27,48
amt_gaming_vqa_dataset/AKcTm4L_Des_CallofDutyMobile_1-38_1080p_5300k_h264_nvenc,41,39,2,28,55,29,36,42,9,43,50,82,33,59,unset,27,0,69,58,59,21,8,45,59,69,37,54,87,44,71,81,8,52,9,29,68,unset,50,28,22,9,82,29,78
amt_gaming_vqa_dataset/AKcTm4L_Des_CallofDutyMobile_1-38_1080p_2000k_hevc_nvenc,41,41,0,41,23,27,8,32,44,42,50,64,49,66,37,22,0,50,41,16,32,37,56,54,65,31,13,84,33,71,90,19,29,26,26,55,54,51,31,20,12,64,18,74
amt_gaming_vqa_dataset/y_ITSBju9m_h8_RollerCoasterTycoon3_10-10_360p_600k_hevc_nvenc,41,41,0,28,44,50,23,56,63,22,33,34,41,55,37,41,29,31,71,63,12,30,28,31,18,51,9,22,29,50,67,15,29,26,36,35,69,58,61,27,57,46,26,65
amt_gaming_vqa_dataset/Sat7jyNwnx0_WarRobots_0-08_720p_3000k_av1,41,41,0,29,31,28,12,54,9,52,34,65,41,53,19,1,9,32,38,30,44,12,52,55,69,36,13,50,39,29,57,16,60,42,34,50,16,41,28,17,25,70,41,50
amt_gaming_vqa_dataset/AKcTm4L_Des_CallofDutyMobile_1-38_1080p_6000k_hevc_nvenc,41,41,0,34,37,41,52,51,5,36,71,71,29,85,37,40,29,50,40,68,35,31,39,45,87,30,12,59,42,71,84,26,41,45,26,69,73,27,30,21,63,55,39,65
amt_gaming_vqa_dataset/Sat7jyNwnx0_WarRobots_0-08,41,39,2,22,24,29,34,33,18,56,65,49,59,50,35,0,29,50,57,41,0,52,46,69,unset,46,12,69,38,29,93,17,60,unset,15,50,0,40,29,63,43,83,27,75
amt_gaming_vqa_dataset/4WeyBONy1mU_AngryBirds2_1-02_1080p_800k_hevc_nvenc,41,41,0,46,55,73,64,67,76,83,91,50,69,86,63,41,71,36,70,82,83,72,52,59,69,54,71,36,44,71,90,64,50,25,32,65,60,78,75,47,87,48,40,87
amt_gaming_vqa_dataset/4WeyBONy1mU_AngryBirds2_1-02,41,39,2,60,87,61,92,90,73,88,71,78,78,91,64,40,unset,87,72,87,60,100,66,83,unset,53,90,79,65,70,79,67,62,75,75,82,45,78,73,71,54,84,82,83
amt_gaming_vqa_dataset/4WeyBONy1mU_AngryBirds2_1-02_1080p_1500k_av1,41,41,0,40,72,73,64,89,83,89,86,50,78,80,48,59,71,78,84,69,74,69,64,65,87,59,91,98,56,71,89,65,51,63,47,70,86,73,76,76,50,80,74,78
amt_gaming_vqa_dataset/4WeyBONy1mU_AngryBirds2_1-02_1080p_5000k_av1,41,41,0,67,54,71,90,87,63,87,90,81,77,70,65,60,71,83,73,65,57,58,70,50,100,56,86,79,73,71,82,68,52,75,54,50,83,79,79,72,63,69,82,73
amt_gaming_vqa_dataset/4WeyBONy1mU_AngryBirds2_1-02_1080p_500k_av1,41,41,0,60,68,73,55,72,73,84,45,56,68,83,63,40,60,83,80,52,80,75,67,64,59,49,59,63,35,70,91,80,59,44,63,72,95,80,72,72,33,87,71,78
amt_gaming_vqa_dataset/4WeyBONy1mU_AngryBirds2_1-02_1080p_10000k_h264_nvenc,41,40,1,61,72,74,68,89,63,86,90,50,87,81,47,50,71,78,80,86,83,93,73,55,100,55,69,98,56,71,90,75,65,69,61,75,unset,75,78,77,50,84,89,83
amt_gaming_vqa_dataset/4WeyBONy1mU_AngryBirds2_1-02_1080p_5300k_h264_nvenc,41,40,1,90,69,72,87,94,24,83,95,88,79,79,56,42,71,87,72,84,84,78,71,63,100,52,89,98,57,71,86,unset,51,55,62,78,100,73,74,68,78,82,81,88
amt_gaming_vqa_dataset/4WeyBONy1mU_AngryBirds2_1-02_1080p_2000k_hevc_nvenc,41,40,1,37,59,72,45,67,65,87,73,68,78,84,65,60,72,87,70,81,79,59,56,84,59,57,90,93,56,71,94,82,51,78,62,92,unset,76,74,69,69,61,75,73
amt_gaming_vqa_dataset/4WeyBONy1mU_AngryBirds2_1-02_1080p_6000k_hevc_nvenc,41,40,1,52,55,75,87,79,84,87,69,58,88,83,62,71,71,78,70,59,65,95,66,72,100,53,91,87,84,71,93,87,54,32,54,78,unset,74,74,58,87,71,88,92
amt_gaming_vqa_dataset/4WeyBONy1mU_AngryBirds2_1-02_1080p_2300k_h264_nvenc,41,41,0,64,81,72,63,66,90,81,85,59,65,83,65,38,72,78,78,83,53,74,72,64,59,57,90,68,76,71,90,83,60,82,56,79,64,73,79,78,83,61,57,94
amt_gaming_vqa_dataset/ckJ_MgQ9WBQ_RollerCoasterTycoon3_11-30,41,40,1,17,31,28,36,18,35,28,32,26,22,26,36,22,0,31,32,40,3,0,21,12,unset,43,23,21,27,29,82,13,8,69,4,50,62,41,31,12,50,33,11,50
amt_gaming_vqa_dataset/MDkWLlirCMI_SuperMarioRun_0-16_480p_1000k_h264_nvenc,41,41,0,55,79,61,57,68,71,81,97,79,71,89,44,50,71,88,86,100,76,81,69,45,87,84,30,64,45,91,92,62,71,62,70,59,100,76,74,69,77,66,89,88
amt_gaming_vqa_dataset/MDkWLlirCMI_SuperMarioRun_0-16_480p_800k_hevc_nvenc,41,41,0,72,64,71,88,88,45,85,90,72,91,88,44,71,71,78,82,91,81,87,68,63,59,72,39,87,66,92,89,49,92,65,53,40,85,73,72,73,49,60,80,91
amt_gaming_vqa_dataset/F84TmQCWEJk_SubwaySurfers_0-04,41,39,2,33,40,51,55,31,27,81,91,79,65,62,26,29,unset,59,79,57,32,68,56,78,unset,51,74,93,45,71,92,29,29,32,56,56,16,59,59,71,50,66,59,82
amt_gaming_vqa_dataset/F84TmQCWEJk_SubwaySurfers_0-04_480p_1000k_av1,41,41,0,29,35,49,41,32,22,74,91,69,68,50,45,23,8,68,46,36,44,44,49,74,94,51,28,86,36,70,93,33,30,13,47,50,50,56,43,50,45,79,37,55
amt_gaming_vqa_dataset/F84TmQCWEJk_SubwaySurfers_0-04_480p_1000k_h264_nvenc,41,41,0,43,21,28,54,9,63,45,86,50,29,31,27,40,0,31,34,0,3,29,35,36,18,47,19,46,32,71,90,12,17,36,26,40,0,31,8,15,35,43,19,36
amt_gaming_vqa_dataset/F84TmQCWEJk_SubwaySurfers_0-04_480p_800k_hevc_nvenc,41,41,0,41,36,50,49,17,10,83,91,50,50,53,20,42,50,50,78,24,24,44,52,78,50,56,28,85,45,71,87,31,29,65,53,47,50,29,28,23,7,78,12,69
amt_gaming_vqa_dataset/MDkWLlirCMI_SuperMarioRun_0-16_480p_1000k_av1,41,41,0,61,68,72,58,87,85,90,96,56,92,80,40,60,71,78,82,100,75,92,72,69,87,86,71,84,46,92,83,71,82,74,55,70,83,73,71,75,80,57,74,87
amt_gaming_vqa_dataset/5162HItNstY_WorldofTanks_5-08,39,37,2,47,3,15,30,40,15,26,49,40,74,32,18,50,77,3,50,31,32,28,20,35,50,23,39,40,unset,39,27,71,55,unset,29,37,29,0,72,23,40,50,,
amt_gaming_vqa_dataset/cFbJA_I2FX0_StardewValley_12-25_1080p_2000k_hevc_nvenc,39,39,0,65,77,65,71,69,76,53,59,88,67,87,91,78,100,58,73,50,71,87,67,81,87,72,68,85,87,56,88,68,78,94,74,68,72,71,77,78,68,91,,
amt_gaming_vqa_dataset/cFbJA_I2FX0_StardewValley_12-25_1080p_6000k_hevc_nvenc,39,39,0,65,84,57,74,77,89,60,50,94,77,92,88,87,52,64,71,50,78,76,63,77,87,86,56,84,88,72,87,36,93,89,73,91,72,70,93,73,74,78,,
amt_gaming_vqa_dataset/cFbJA_I2FX0_StardewValley_12-25_1080p_800k_hevc_nvenc,39,39,0,56,59,60,72,69,69,75,59,63,79,78,77,78,66,58,71,50,69,61,44,80,59,71,52,76,65,69,78,62,86,85,74,70,59,91,80,63,79,83,,
amt_gaming_vqa_dataset/Ez_Oy-yYR4E_Palworld_0-02,39,31,8,unset,73,45,61,73,53,60,81,47,68,88,unset,78,unset,41,50,59,41,76,unset,52,unset,53,57,22,unset,unset,85,72,87,unset,59,41,72,94,67,76,59,96,,
amt_gaming_vqa_dataset/5162HItNstY_WorldofTanks_5-08_480p_1000k_av1,39,39,0,21,0,23,49,34,37,25,28,18,72,32,17,41,0,13,29,30,13,36,44,37,56,22,43,30,72,31,24,69,55,0,28,33,27,8,55,28,43,41,,
amt_gaming_vqa_dataset/5162HItNstY_WorldofTanks_5-08_480p_1000k_h264_nvenc,39,39,0,22,0,29,28,29,16,30,30,47,75,40,14,41,0,15,29,30,22,7,58,32,64,42,42,43,53,45,20,78,42,0,29,32,28,0,5,29,44,45,,
amt_gaming_vqa_dataset/5162HItNstY_WorldofTanks_5-08_480p_800k_hevc_nvenc,39,39,0,44,0,31,27,29,31,30,49,47,79,40,24,50,8,13,28,31,40,44,42,33,27,59,46,33,55,47,19,75,41,34,30,44,29,0,32,25,43,26,,
amt_gaming_vqa_dataset/cFbJA_I2FX0_StardewValley_12-25_1080p_2300k_h264_nvenc,39,39,0,59,84,50,71,77,88,49,59,76,80,78,89,88,85,59,71,60,69,69,41,78,87,74,69,85,86,67,84,64,73,68,74,85,72,95,89,80,50,74,,
amt_gaming_vqa_dataset/cFbJA_I2FX0_StardewValley_12-25_1080p_5300k_h264_nvenc,39,35,4,58,94,71,unset,70,98,62,59,87,69,92,99,87,69,62,71,50,61,69,unset,73,86,70,55,88,89,70,81,unset,87,85,72,87,73,95,87,77,50,unset,,
amt_gaming_vqa_dataset/y_EQ25DFLTq3M_Cyberpunk2077_14-12_480p_800k_hevc_nvenc,39,39,0,17,64,22,50,23,38,47,69,93,87,69,38,35,82,9,51,58,48,31,68,92,68,73,53,50,69,48,41,75,70,71,59,43,49,69,12,40,79,49,,
amt_gaming_vqa_dataset/cFbJA_I2FX0_StardewValley_12-25_1080p_10000k_h264_nvenc,39,37,2,66,96,60,unset,87,93,61,59,82,73,91,83,87,100,68,72,50,72,75,unset,79,93,80,78,84,98,70,78,65,93,100,73,86,72,100,84,78,70,92,,
amt_gaming_vqa_dataset/cFbJA_I2FX0_StardewValley_12-25_1080p_500k_av1,39,39,0,56,92,58,72,59,100,56,59,64,71,78,100,87,82,65,74,48,74,63,87,80,50,74,59,83,67,70,84,37,88,78,78,85,70,100,80,77,83,78,,
amt_gaming_vqa_dataset/cFbJA_I2FX0_StardewValley_12-25_1080p_5000k_av1,39,38,1,71,61,65,72,74,78,72,60,84,72,91,91,87,88,65,70,50,73,77,92,79,93,80,69,93,99,59,85,81,87,unset,73,68,59,96,88,77,50,78,,
amt_gaming_vqa_dataset/cFbJA_I2FX0_StardewValley_12-25_1080p_1500k_av1,39,39,0,65,93,69,71,59,91,53,61,81,75,92,100,87,100,70,72,50,60,84,92,82,68,78,74,82,93,60,75,44,93,98,73,79,72,96,79,81,66,72,,
amt_gaming_vqa_dataset/cFbJA_I2FX0_StardewValley_12-25,39,36,3,42,64,55,72,79,90,57,49,84,69,92,94,88,90,62,54,88,76,86,58,79,unset,unset,55,34,unset,70,89,74,95,72,71,81,72,96,95,73,56,87,,
amt_gaming_vqa_dataset/y_5ksFZIlktBY_Minecraft_1-23-40_480p_800k_hevc_nvenc,39,39,0,43,70,28,49,17,33,29,60,39,74,18,14,22,45,28,29,26,79,22,65,46,55,16,56,51,63,41,17,54,71,28,29,37,28,55,41,28,46,50,,
amt_gaming_vqa_dataset/y_5ksFZIlktBY_Minecraft_1-23-40_480p_1000k_h264_nvenc,39,38,1,34,3,31,27,18,6,15,32,45,79,10,0,22,0,17,29,13,31,21,58,39,64,68,9,50,38,24,38,unset,50,39,27,32,9,4,7,25,50,22,,
amt_gaming_vqa_dataset/y_5ksFZIlktBY_Minecraft_1-23-40_480p_1000k_av1,39,39,0,67,59,42,60,26,78,44,60,97,95,41,65,32,67,63,26,32,76,12,79,66,84,66,58,78,89,41,32,61,69,51,53,42,29,93,81,59,61,74,,
amt_gaming_vqa_dataset/Ez_Oy-yYR4E_Palworld_0-02_1080p_5000k_av1,39,39,0,48,66,68,50,81,90,70,69,47,77,89,79,78,100,59,59,58,48,71,59,68,93,78,63,69,95,69,78,68,70,71,74,65,59,70,82,70,53,77,,
amt_gaming_vqa_dataset/Ez_Oy-yYR4E_Palworld_0-02_1080p_1500k_av1,39,39,0,40,81,22,59,69,72,62,50,60,77,78,38,80,71,49,50,59,32,68,51,50,87,74,71,50,90,64,68,73,72,53,56,58,46,88,88,66,75,64,,
amt_gaming_vqa_dataset/y_ITSBju9m_h8_RollerCoasterTycoon3_27-18_360p_800k_h264_nvenc,39,39,0,21,0,32,51,44,77,17,31,32,72,29,65,31,76,22,49,46,62,31,64,33,73,7,50,67,50,52,55,63,60,0,50,74,29,76,34,46,40,50,,
amt_gaming_vqa_dataset/Ez_Oy-yYR4E_Palworld_0-02_1080p_500k_av1,39,38,1,31,86,21,58,54,47,50,64,46,68,63,43,81,72,34,54,59,43,64,50,42,64,84,51,91,70,58,52,63,80,unset,50,63,58,92,83,72,40,63,,
amt_gaming_vqa_dataset/dbzhcXv9U9E_MarioKartTour_0-08_1080p_1500k_av1,39,39,0,60,94,57,72,60,88,54,71,67,72,78,60,81,93,58,48,78,50,82,63,54,87,80,86,91,87,54,80,71,87,73,60,62,79,97,87,77,81,74,,
amt_gaming_vqa_dataset/dbzhcXv9U9E_MarioKartTour_0-08_1080p_800k_hevc_nvenc,39,37,2,56,94,53,58,40,5,51,70,66,66,58,37,69,96,42,50,71,unset,74,42,50,73,70,92,89,87,73,29,73,87,64,53,49,71,83,unset,40,68,74,,
amt_gaming_vqa_dataset/dbzhcXv9U9E_MarioKartTour_0-08_1080p_6000k_hevc_nvenc,39,36,3,58,100,76,72,86,88,56,71,68,80,86,87,87,100,58,73,73,unset,100,40,73,unset,81,89,88,93,73,81,70,70,100,70,54,71,100,unset,87,61,72,,
amt_gaming_vqa_dataset/dbzhcXv9U9E_MarioKartTour_0-08_1080p_2000k_hevc_nvenc,39,37,2,57,100,48,73,50,78,39,75,84,78,68,58,78,100,55,70,77,unset,78,53,62,93,60,83,91,86,72,78,64,78,72,73,46,72,75,unset,52,69,59,,
amt_gaming_vqa_dataset/dbzhcXv9U9E_MarioKartTour_0-08_1080p_5300k_h264_nvenc,39,39,0,62,75,45,90,61,2,51,76,78,72,59,36,87,39,65,72,68,72,40,71,58,94,77,74,90,100,61,45,63,70,83,74,57,71,100,29,39,71,78,,
amt_gaming_vqa_dataset/dbzhcXv9U9E_MarioKartTour_0-08_1080p_2300k_h264_nvenc,39,39,0,23,6,24,46,20,6,24,80,52,67,31,21,40,0,31,50,72,50,31,41,71,94,58,88,71,90,22,17,45,70,22,56,45,29,25,8,33,64,36,,
amt_gaming_vqa_dataset/dbzhcXv9U9E_MarioKartTour_0-08_1080p_10000k_h264_nvenc,39,39,0,43,100,48,73,97,39,55,75,83,77,87,33,69,100,59,71,70,78,64,87,77,92,61,80,86,99,75,95,62,88,66,71,61,72,100,77,71,78,59,,
amt_gaming_vqa_dataset/dbzhcXv9U9E_MarioKartTour_0-08_1080p_500k_av1,39,39,0,56,76,50,73,47,31,36,59,68,68,50,31,79,100,22,72,77,51,46,53,61,68,60,82,88,55,42,58,77,94,52,72,44,41,68,63,72,64,58,,
amt_gaming_vqa_dataset/dbzhcXv9U9E_MarioKartTour_0-08_1080p_5000k_av1,39,39,0,70,100,56,72,90,89,63,77,84,80,87,69,87,100,58,72,71,61,100,60,70,93,53,86,89,96,69,81,42,87,80,72,55,72,95,100,78,84,69,,
amt_gaming_vqa_dataset/dbzhcXv9U9E_MarioKartTour_0-08,39,35,4,68,77,67,73,86,88,62,87,80,72,87,69,78,unset,43,73,50,49,79,unset,72,93,82,87,31,unset,72,76,76,90,unset,74,61,79,83,61,79,78,87,,
amt_gaming_vqa_dataset/Ez_Oy-yYR4E_Palworld_0-02_1080p_10000k_h264_nvenc,39,35,4,57,100,36,unset,67,35,61,59,76,70,70,46,83,100,48,58,59,40,75,40,60,93,51,58,86,94,68,73,unset,70,unset,52,69,51,81,unset,75,59,78,,
amt_gaming_vqa_dataset/y_ITSBju9m_h8_RollerCoasterTycoon3_27-18_360p_600k_hevc_nvenc,39,39,0,32,24,19,51,40,60,30,31,30,75,39,60,31,63,18,51,41,40,13,46,39,22,30,46,47,36,42,68,55,70,52,54,89,28,58,77,41,50,68,,
amt_gaming_vqa_dataset/y_EQ25DFLTq3M_Cyberpunk2077_14-12_480p_1000k_av1,39,39,0,35,60,15,48,64,44,55,84,96,82,87,73,78,86,44,49,75,68,44,41,91,89,69,87,70,93,59,77,74,87,71,51,47,51,67,68,49,87,78,,
amt_gaming_vqa_dataset/y_ITSBju9m_h8_RollerCoasterTycoon3_27-18_360p_800k_av1,39,39,0,18,37,26,50,27,48,34,32,39,80,59,79,79,0,16,50,45,42,51,60,47,50,33,50,78,60,49,63,67,87,75,46,70,42,68,71,68,35,45,,
amt_gaming_vqa_dataset/Ez_Oy-yYR4E_Palworld_0-02_1080p_800k_hevc_nvenc,39,36,3,15,76,19,50,41,34,39,56,52,66,69,3,68,93,21,unset,47,unset,21,47,58,74,65,69,83,68,58,76,62,71,68,42,46,50,59,unset,68,50,49,,
amt_gaming_vqa_dataset/Ez_Oy-yYR4E_Palworld_0-02_1080p_6000k_hevc_nvenc,39,37,2,45,100,58,53,75,89,60,70,72,69,79,78,87,94,43,73,50,unset,74,78,56,87,78,55,88,88,48,77,41,71,70,59,73,52,68,unset,74,68,54,,
amt_gaming_vqa_dataset/Ez_Oy-yYR4E_Palworld_0-02_1080p_2000k_hevc_nvenc,39,37,2,33,63,36,59,46,2,49,69,63,73,65,28,50,74,55,28,59,unset,44,47,50,87,52,70,50,94,46,45,60,62,65,42,64,55,76,unset,47,62,68,,
amt_gaming_vqa_dataset/Ez_Oy-yYR4E_Palworld_0-02_1080p_5300k_h264_nvenc,39,35,4,26,0,22,45,45,21,35,63,31,56,55,33,40,29,18,28,50,38,27,45,52,64,unset,57,56,51,32,35,unset,49,unset,27,51,29,16,unset,28,58,55,,
amt_gaming_vqa_dataset/Ez_Oy-yYR4E_Palworld_0-02_1080p_2300k_h264_nvenc,39,33,6,34,0,23,unset,10,0,10,25,60,79,28,0,35,0,13,9,40,35,21,14,36,64,24,50,unset,50,21,27,unset,37,unset,26,42,23,0,unset,13,37,unset,,
amt_gaming_vqa_dataset/y_EQ25DFLTq3M_Cyberpunk2077_14-12_480p_1000k_h264_nvenc,39,38,1,22,24,18,unset,30,19,30,49,56,70,54,17,31,0,28,28,67,61,21,51,65,87,60,59,29,73,44,34,82,74,23,49,61,29,29,10,45,74,55,,
amt_gaming_vqa_dataset/9S7bbE2UWQA_EuroTruckSimulator2_5-20_1080p_800k_hevc_nvenc,39,39,0,49,83,43,71,66,71,21,60,16,83,50,73,50,74,44,50,92,74,54,66,47,50,67,48,68,59,68,45,62,97,64,40,87,29,50,81,73,44,78,,
amt_gaming_vqa_dataset/y_QgRoVX1cYvk_Myst_35-30_480p_1000k_av1,39,38,1,52,85,54,59,50,78,61,83,96,71,91,64,78,70,49,unset,60,62,13,90,57,99,42,31,91,87,73,70,62,76,72,59,53,59,66,80,63,77,82,,
amt_gaming_vqa_dataset/Ks0QFfm6pSk_SubwaySurfers_0-00_1080p_2000k_hevc_nvenc,39,37,2,65,70,68,72,89,100,46,59,62,97,77,62,78,100,52,72,86,unset,66,72,56,87,83,78,69,84,76,99,69,88,100,79,92,71,97,unset,94,59,78,,
amt_gaming_vqa_dataset/Gzm8h8Y48E8_Myst_31-12_1080p_5300k_h264_nvenc,39,37,2,31,43,58,49,71,14,38,78,93,72,74,41,68,73,51,50,57,62,51,65,32,76,61,74,87,73,22,55,unset,70,52,59,41,41,25,71,68,74,unset,,
amt_gaming_vqa_dataset/Gzm8h8Y48E8_Myst_31-12_1080p_2300k_h264_nvenc,39,38,1,20,1,22,29,0,6,9,32,60,73,22,4,30,0,15,49,31,59,23,30,26,31,27,17,70,45,27,17,unset,36,0,27,33,13,28,0,22,50,13,,
amt_gaming_vqa_dataset/Gzm8h8Y48E8_Myst_31-12_1080p_10000k_h264_nvenc,39,36,3,59,74,64,72,58,89,61,72,65,66,92,51,88,76,62,73,50,61,69,63,53,94,unset,69,57,99,58,72,unset,95,unset,72,60,51,97,77,68,59,82,,
amt_gaming_vqa_dataset/Gzm8h8Y48E8_Myst_31-12_1080p_500k_av1,39,39,0,22,43,31,51,21,4,23,54,38,82,59,47,50,72,36,29,48,61,21,47,34,26,26,45,60,27,16,38,67,50,0,23,49,24,29,29,17,55,41,,
amt_gaming_vqa_dataset/Gzm8h8Y48E8_Myst_31-12_1080p_5000k_av1,39,39,0,63,51,64,52,67,75,47,78,99,75,92,51,78,68,65,71,46,60,60,69,48,87,55,82,88,98,73,59,23,77,69,59,65,73,99,94,64,86,83,,
amt_gaming_vqa_dataset/Gzm8h8Y48E8_Myst_31-12_1080p_1500k_av1,39,39,0,38,73,59,50,57,89,53,74,62,78,69,53,78,80,58,49,49,52,30,77,55,87,37,54,51,59,57,38,65,94,49,48,40,44,92,64,69,66,92,,
amt_gaming_vqa_dataset/Gzm8h8Y48E8_Myst_31-12,39,32,7,37,unset,50,50,72,unset,53,91,23,78,71,unset,87,74,42,72,50,61,63,19,36,unset,49,84,22,unset,79,79,61,96,unset,59,unset,60,95,54,60,74,97,,
amt_gaming_vqa_dataset/Ks0QFfm6pSk_SubwaySurfers_0-00_1080p_6000k_hevc_nvenc,39,37,2,73,100,56,73,98,100,51,78,71,98,92,88,88,100,46,53,86,unset,100,50,72,94,70,87,76,94,72,100,44,88,86,78,90,72,85,unset,97,70,92,,
amt_gaming_vqa_dataset/Ks0QFfm6pSk_SubwaySurfers_0-00_1080p_5300k_h264_nvenc,39,38,1,67,100,66,72,81,88,37,77,55,98,71,58,78,100,45,72,78,49,88,60,76,59,70,79,unset,89,73,100,73,87,81,73,88,73,100,91,92,87,69,,
amt_gaming_vqa_dataset/Gzm8h8Y48E8_Myst_31-12_1080p_6000k_hevc_nvenc,39,38,1,53,64,73,50,59,22,49,72,94,70,91,65,69,81,44,59,45,unset,57,68,32,71,68,84,56,93,66,54,64,72,65,50,62,50,91,88,57,82,59,,
amt_gaming_vqa_dataset/Ks0QFfm6pSk_SubwaySurfers_0-00_1080p_2300k_h264_nvenc,39,39,0,22,0,22,48,30,0,28,50,47,98,41,15,32,0,10,28,59,60,38,53,50,27,72,55,50,73,18,26,73,50,0,6,89,23,0,33,31,41,36,,
amt_gaming_vqa_dataset/Ks0QFfm6pSk_SubwaySurfers_0-00_1080p_10000k_h264_nvenc,39,37,2,60,100,71,73,78,93,41,63,61,98,87,96,87,100,68,72,78,59,64,60,74,87,52,84,unset,100,72,98,83,83,unset,94,96,78,75,78,94,72,74,,
amt_gaming_vqa_dataset/Ks0QFfm6pSk_SubwaySurfers_0-00_1080p_500k_av1,39,39,0,68,91,59,59,77,79,41,71,66,98,68,59,78,82,57,71,87,41,63,70,55,50,75,82,88,88,70,100,62,84,100,29,86,71,100,78,76,61,74,,
amt_gaming_vqa_dataset/Ks0QFfm6pSk_SubwaySurfers_0-00_1080p_5000k_av1,39,39,0,64,100,80,75,89,100,65,59,68,98,96,98,88,100,77,71,93,61,97,78,75,93,80,86,88,96,78,100,65,79,100,76,89,79,78,90,86,76,87,,
amt_gaming_vqa_dataset/Ks0QFfm6pSk_SubwaySurfers_0-00_1080p_1500k_av1,39,38,1,69,100,62,unset,98,73,51,82,71,97,87,92,87,89,63,74,92,60,100,71,68,86,64,87,88,72,67,100,58,91,100,72,82,79,100,58,100,77,83,,
amt_gaming_vqa_dataset/Ks0QFfm6pSk_SubwaySurfers_0-00,39,36,3,unset,100,75,72,91,89,54,71,67,82,92,100,88,100,81,71,87,72,100,unset,81,78,73,85,41,unset,70,100,44,91,100,71,82,92,99,100,87,68,92,,
amt_gaming_vqa_dataset/y_QgRoVX1cYvk_Myst_35-30_480p_800k_hevc_nvenc,39,39,0,31,72,32,28,18,41,60,60,80,53,59,52,68,68,58,29,50,73,53,74,60,60,41,48,57,64,55,40,71,70,9,48,46,45,32,71,44,63,64,,
amt_gaming_vqa_dataset/y_QgRoVX1cYvk_Myst_35-30_480p_1000k_h264_nvenc,39,35,4,22,6,31,unset,15,12,16,63,64,76,50,0,31,0,9,unset,50,61,30,64,57,50,52,41,50,59,20,16,41,50,unset,28,40,29,30,4,31,69,unset,,
amt_gaming_vqa_dataset/Gzm8h8Y48E8_Myst_31-12_1080p_2000k_hevc_nvenc,39,39,0,38,52,24,50,30,24,29,69,61,68,59,10,50,64,32,30,56,63,27,59,34,72,80,54,59,68,72,45,76,70,27,30,52,30,60,54,43,60,64,,
amt_gaming_vqa_dataset/Ks0QFfm6pSk_SubwaySurfers_0-00_1080p_800k_hevc_nvenc,39,37,2,65,100,24,50,78,89,40,50,53,97,69,33,69,91,43,71,86,unset,77,61,74,63,84,64,72,73,72,100,66,61,89,74,90,72,70,unset,73,85,59,,
amt_gaming_vqa_dataset/Gzm8h8Y48E8_Myst_31-12_1080p_800k_hevc_nvenc,39,39,0,14,11,32,28,21,12,27,30,41,69,43,0,31,0,16,28,31,49,31,52,33,20,59,31,39,24,21,13,39,37,42,20,45,8,19,0,23,50,17,,
amt_gaming_vqa_dataset/lo8IEo7TfLs_CitiesSkylines_6-45_720p_600k_hevc_nvenc,39,39,0,18,0,26,6,16,3,0,8,3,75,9,1,27,0,0,27,9,0,24,57,24,26,35,15,50,19,21,19,37,22,0,0,22,0,0,3,15,38,13,,
amt_gaming_vqa_dataset/lo8IEo7TfLs_CitiesSkylines_6-45,39,35,4,19,0,10,27,2,25,0,22,15,73,24,23,13,unset,14,unset,8,0,22,48,23,45,22,13,29,unset,25,8,33,38,unset,4,7,7,0,8,29,47,22,,
amt_gaming_vqa_dataset/9S7bbE2UWQA_EuroTruckSimulator2_5-20_1080p_5300k_h264_nvenc,39,38,1,50,84,59,61,67,59,60,66,30,69,78,87,69,67,59,49,88,79,67,unset,38,64,69,51,69,94,73,78,68,74,96,58,83,44,97,73,80,60,88,,
amt_gaming_vqa_dataset/9S7bbE2UWQA_EuroTruckSimulator2_5-20_1080p_2300k_h264_nvenc,39,39,0,45,72,56,59,78,80,30,59,25,69,60,75,78,63,59,57,86,79,60,49,47,63,66,59,77,60,68,55,55,71,53,42,85,41,97,73,72,86,92,,
amt_gaming_vqa_dataset/9S7bbE2UWQA_EuroTruckSimulator2_5-20_1080p_10000k_h264_nvenc,39,39,0,66,100,41,60,79,89,42,59,27,59,71,89,87,74,71,50,86,72,67,49,34,55,73,53,59,93,72,78,56,61,60,39,82,50,69,70,54,59,82,,
amt_gaming_vqa_dataset/9S7bbE2UWQA_EuroTruckSimulator2_5-20_1080p_500k_av1,39,39,0,60,83,59,61,78,39,27,62,7,57,72,83,36,91,55,59,91,81,64,32,38,22,66,46,88,64,76,52,82,87,78,50,86,50,65,71,70,88,65,,
amt_gaming_vqa_dataset/9S7bbE2UWQA_EuroTruckSimulator2_5-20_1080p_5000k_av1,39,38,1,58,94,68,73,73,63,34,68,8,74,78,87,69,74,59,48,78,73,57,41,61,59,40,57,42,93,67,73,70,90,unset,49,87,42,71,79,71,79,87,,
amt_gaming_vqa_dataset/9S7bbE2UWQA_EuroTruckSimulator2_5-20_1080p_1500k_av1,39,39,0,58,74,47,73,77,63,40,72,29,72,76,40,87,82,62,59,36,78,56,63,44,63,56,48,88,59,60,60,66,72,87,43,80,56,54,72,73,69,80,,
amt_gaming_vqa_dataset/9S7bbE2UWQA_EuroTruckSimulator2_5-20,39,37,2,42,100,45,73,59,88,40,59,28,65,73,50,78,75,67,48,59,75,66,unset,34,50,51,51,70,unset,75,65,70,88,51,44,85,41,100,77,60,36,68,,
amt_gaming_vqa_dataset/TjRdqw2IOH0_WarRobots_12-27,39,38,1,14,0,18,10,2,8,15,21,11,76,9,0,22,0,7,28,47,2,0,14,33,45,15,46,50,unset,21,16,72,30,27,20,54,9,0,9,27,29,31,,
amt_gaming_vqa_dataset/9S7bbE2UWQA_EuroTruckSimulator2_5-20_1080p_2000k_hevc_nvenc,39,39,0,41,90,70,72,73,69,36,68,22,67,51,88,78,95,57,50,87,80,66,10,38,69,63,40,87,78,69,60,66,93,69,42,85,41,93,78,67,57,70,,
amt_gaming_vqa_dataset/lo8IEo7TfLs_CitiesSkylines_6-45_720p_3500k_hevc_nvenc,39,39,0,13,31,8,5,37,0,0,32,15,74,14,21,22,0,13,29,14,23,11,59,30,45,8,25,30,18,20,28,67,13,0,31,12,0,8,0,29,43,36,,
amt_gaming_vqa_dataset/lo8IEo7TfLs_CitiesSkylines_6-45_720p_1000k_h264_nvenc,39,39,0,22,0,22,28,2,0,0,9,10,54,29,2,23,0,0,7,8,0,0,60,32,50,9,14,69,17,26,6,65,30,0,2,12,0,0,2,33,41,17,,
amt_gaming_vqa_dataset/lo8IEo7TfLs_CitiesSkylines_6-45_720p_1300k_av1,39,39,0,13,0,36,6,0,7,0,13,23,59,18,0,22,0,30,29,9,0,0,62,29,50,32,17,33,20,16,23,41,36,0,0,20,0,0,2,33,55,36,,
amt_gaming_vqa_dataset/lo8IEo7TfLs_CitiesSkylines_6-45_720p_3000k_av1,39,38,1,10,0,13,28,2,11,0,14,23,77,29,0,22,0,3,27,8,0,25,50,24,44,71,14,36,17,6,6,67,22,unset,2,15,0,25,2,30,38,8,,
amt_gaming_vqa_dataset/lo8IEo7TfLs_CitiesSkylines_6-45_720p_500k_av1,39,39,0,19,0,22,28,12,0,0,14,5,82,30,0,22,2,3,6,5,2,0,55,27,13,46,19,30,17,16,15,69,31,0,8,18,29,0,0,11,37,9,,
amt_gaming_vqa_dataset/9S7bbE2UWQA_EuroTruckSimulator2_5-20_1080p_6000k_hevc_nvenc,39,39,0,43,97,60,72,78,76,41,78,28,71,68,86,78,78,53,59,91,71,59,34,39,63,72,41,69,72,70,76,64,70,68,30,89,41,74,55,69,78,82,,
amt_gaming_vqa_dataset/lo8IEo7TfLs_CitiesSkylines_6-45_720p_2500k_h264_nvenc,39,39,0,23,7,17,28,22,11,0,13,2,75,8,0,31,0,5,28,29,29,2,17,28,36,14,32,50,18,18,18,79,38,0,6,24,8,0,2,35,50,36,,
amt_gaming_vqa_dataset/lo8IEo7TfLs_CitiesSkylines_6-45_720p_1500k_hevc_nvenc,39,39,0,16,0,12,6,13,6,0,49,12,79,8,1,22,19,5,1,5,1,0,53,28,43,42,15,44,18,13,34,64,39,0,28,25,0,0,3,33,42,38,,
amt_gaming_vqa_dataset/lo8IEo7TfLs_CitiesSkylines_6-45_720p_5000k_h264_nvenc,39,38,1,17,0,26,30,22,0,0,14,29,64,9,0,31,0,15,6,8,0,2,35,35,45,52,17,30,18,18,24,64,33,unset,0,26,9,0,0,31,50,18,,
amt_gaming_vqa_dataset/IhboAPRR9FM_CallofDutyMobile_0-15_720p_1500k_hevc_nvenc,37,37,0,55,31,28,68,41,69,72,27,48,11,12,34,40,23,64,38,84,59,87,79,59,46,24,45,67,25,41,37,27,30,58,37,35,63,36,15,62,,,,
amt_gaming_vqa_dataset/_88aJYTz4gI_HalfLife2_10-30_720p_600k_hevc_nvenc,37,37,0,27,15,0,16,0,17,13,8,21,18,1,0,31,22,14,12,50,50,85,41,29,13,12,38,68,22,0,12,24,0,4,0,9,23,32,3,29,,,,
amt_gaming_vqa_dataset/IhboAPRR9FM_CallofDutyMobile_0-15,37,35,2,36,30,48,46,41,68,unset,32,75,27,35,52,69,37,59,26,50,unset,63,47,71,55,33,57,71,29,50,47,41,31,4,45,56,41,78,19,71,,,,
amt_gaming_vqa_dataset/IhboAPRR9FM_CallofDutyMobile_0-15_720p_1300k_av1,37,37,0,24,37,28,44,25,49,29,31,31,23,7,37,55,29,58,41,69,50,49,51,47,36,14,54,43,22,31,32,44,11,28,54,30,60,55,59,65,,,,
amt_gaming_vqa_dataset/IhboAPRR9FM_CallofDutyMobile_0-15_720p_3000k_av1,37,36,1,16,19,10,70,39,71,unset,37,65,9,39,46,36,26,71,38,89,85,81,51,59,40,41,21,74,19,50,21,25,32,27,65,50,49,68,61,91,,,,
amt_gaming_vqa_dataset/IhboAPRR9FM_CallofDutyMobile_0-15_720p_500k_av1,37,36,1,21,15,28,33,21,36,unset,40,64,11,40,21,41,28,47,31,78,26,31,47,56,41,11,18,77,10,50,26,26,29,28,0,25,26,37,12,49,,,,
amt_gaming_vqa_dataset/IhboAPRR9FM_CallofDutyMobile_0-15_720p_1000k_h264_nvenc,37,37,0,20,2,8,32,10,30,15,4,27,7,1,26,13,20,43,25,18,17,29,14,31,10,10,13,66,2,0,13,21,0,5,0,29,26,13,0,37,,,,
amt_gaming_vqa_dataset/IhboAPRR9FM_CallofDutyMobile_0-15_720p_2500k_h264_nvenc,37,37,0,27,15,24,31,26,33,28,41,58,10,41,23,50,21,65,29,72,50,65,53,41,45,19,45,69,28,23,30,29,20,21,62,27,41,65,26,72,,,,
amt_gaming_vqa_dataset/IhboAPRR9FM_CallofDutyMobile_0-15_720p_5000k_h264_nvenc,37,37,0,22,38,47,54,49,44,27,31,50,20,22,30,59,22,45,42,80,80,60,44,50,50,28,20,76,35,50,29,26,0,28,66,46,66,82,42,57,,,,
amt_gaming_vqa_dataset/IhboAPRR9FM_CallofDutyMobile_0-15_720p_600k_hevc_nvenc,37,36,1,21,21,30,23,27,31,unset,28,38,29,0,4,41,18,45,22,87,45,59,32,79,40,11,17,70,18,0,35,25,1,22,0,24,33,59,12,50,,,,
amt_gaming_vqa_dataset/IhboAPRR9FM_CallofDutyMobile_0-15_720p_3500k_hevc_nvenc,37,37,0,44,11,50,44,29,65,34,41,67,37,22,57,50,23,62,33,77,89,44,47,59,50,21,22,75,20,54,40,29,19,24,53,72,42,78,34,63,,,,
amt_gaming_vqa_dataset/vDfiI5gXNSY_Rust_1-35-47,37,35,2,57,38,29,33,12,49,unset,40,89,8,40,24,60,40,59,29,87,unset,29,69,21,50,31,93,74,35,52,32,30,64,13,66,46,30,70,27,58,,,,
amt_gaming_vqa_dataset/vDfiI5gXNSY_Rust_1-35-47_720p_1300k_av1,37,37,0,19,27,29,30,34,42,37,36,68,16,35,17,31,37,51,30,63,50,77,43,35,50,11,36,59,22,67,36,25,32,27,46,68,38,64,19,58,,,,
amt_gaming_vqa_dataset/_88aJYTz4gI_HalfLife2_10-30_720p_3500k_hevc_nvenc,37,37,0,22,30,7,16,52,24,8,8,41,8,2,0,32,16,40,7,88,76,28,42,23,35,30,90,73,28,56,20,27,20,6,75,20,34,50,39,50,,,,
amt_gaming_vqa_dataset/vDfiI5gXNSY_Rust_1-35-47_720p_500k_av1,37,37,0,31,0,27,29,18,27,17,12,42,8,12,6,31,39,42,33,22,63,74,22,16,23,9,31,79,29,7,35,9,0,30,30,49,28,41,0,58,,,,
amt_gaming_vqa_dataset/vDfiI5gXNSY_Rust_1-35-47_720p_1000k_h264_nvenc,37,37,0,8,0,6,28,4,35,16,22,65,6,19,2,50,17,41,29,50,36,19,29,21,55,19,16,44,16,0,22,28,18,5,9,36,31,37,9,60,,,,
amt_gaming_vqa_dataset/vDfiI5gXNSY_Rust_1-35-47_720p_2500k_h264_nvenc,37,37,0,22,12,28,31,29,44,39,31,46,28,39,31,59,29,49,31,87,73,10,49,31,50,13,17,60,34,49,35,27,15,41,40,56,25,74,47,45,,,,
amt_gaming_vqa_dataset/vDfiI5gXNSY_Rust_1-35-47_720p_5000k_h264_nvenc,37,37,0,31,15,30,38,47,41,37,41,50,9,42,26,50,45,40,29,87,72,75,55,32,59,37,36,50,45,66,35,26,65,31,60,26,29,71,32,73,,,,
amt_gaming_vqa_dataset/vDfiI5gXNSY_Rust_1-35-47_720p_1500k_hevc_nvenc,37,37,0,8,18,27,32,11,35,15,29,50,11,22,40,41,36,61,25,59,50,42,52,32,54,16,57,67,14,39,21,45,23,27,40,70,56,78,35,50,,,,
amt_gaming_vqa_dataset/vDfiI5gXNSY_Rust_1-35-47_720p_3000k_av1,37,37,0,32,16,54,30,21,49,20,41,57,38,34,23,36,30,41,30,89,64,58,59,41,66,50,47,50,26,51,29,27,36,46,46,64,34,41,30,61,,,,
amt_gaming_vqa_dataset/2YwKJ3x3Nq8_IceAgeVillage_1-24_720p_1300k_av1,37,37,0,68,73,71,46,74,51,27,69,51,37,20,71,69,38,60,75,87,73,64,84,36,50,13,63,63,46,87,69,72,73,45,98,22,70,82,69,66,,,,
amt_gaming_vqa_dataset/_88aJYTz4gI_HalfLife2_10-30_720p_1500k_hevc_nvenc,37,37,0,22,16,28,16,22,27,6,9,62,19,3,0,41,25,40,12,87,50,31,42,23,18,50,21,76,24,55,26,25,28,0,7,37,24,40,16,68,,,,
amt_gaming_vqa_dataset/_88aJYTz4gI_HalfLife2_10-30_720p_5000k_h264_nvenc,37,37,0,17,31,28,19,9,27,45,29,36,16,20,0,40,22,19,8,92,78,22,44,22,14,13,54,66,23,49,15,0,15,28,0,67,26,43,28,75,,,,
amt_gaming_vqa_dataset/vDfiI5gXNSY_Rust_1-35-47_720p_600k_hevc_nvenc,37,37,0,45,3,28,30,40,34,9,22,32,28,21,2,31,39,50,28,50,45,14,19,37,50,41,8,60,35,58,8,27,0,9,31,19,31,48,31,61,,,,
amt_gaming_vqa_dataset/2YwKJ3x3Nq8_IceAgeVillage_1-24_720p_3000k_av1,37,37,0,72,88,73,56,71,68,81,66,67,37,41,69,69,45,68,63,87,94,59,77,41,69,69,92,78,43,72,72,60,61,72,92,31,78,82,67,75,,,,
amt_gaming_vqa_dataset/2YwKJ3x3Nq8_IceAgeVillage_1-24_720p_500k_av1,37,37,0,64,60,50,37,46,58,44,59,46,35,29,2,59,42,58,56,59,37,58,87,37,40,40,45,64,14,44,62,59,92,60,87,10,70,74,56,73,,,,
amt_gaming_vqa_dataset/2YwKJ3x3Nq8_IceAgeVillage_1-24_720p_1000k_h264_nvenc,37,37,0,69,37,60,37,56,38,65,55,45,27,60,50,78,38,55,54,87,78,43,84,31,47,12,56,80,34,66,64,60,36,47,63,51,63,50,76,72,,,,
amt_gaming_vqa_dataset/2YwKJ3x3Nq8_IceAgeVillage_1-24_720p_2500k_h264_nvenc,37,37,0,86,59,72,52,68,53,74,50,55,9,41,53,83,46,76,62,86,87,40,83,30,69,50,78,81,42,69,77,73,70,73,66,12,74,82,76,71,,,,
amt_gaming_vqa_dataset/2YwKJ3x3Nq8_IceAgeVillage_1-24_720p_5000k_h264_nvenc,37,37,0,85,67,73,68,56,53,44,65,51,27,29,55,78,44,71,56,87,87,64,46,28,43,50,93,57,52,100,59,61,39,60,90,16,76,78,81,65,,,,
amt_gaming_vqa_dataset/2YwKJ3x3Nq8_IceAgeVillage_1-24_720p_1500k_hevc_nvenc,37,36,1,69,87,72,51,56,50,77,50,75,19,unset,62,78,36,59,57,87,73,47,83,31,50,59,91,80,26,68,70,58,90,50,82,8,73,69,77,74,,,,
amt_gaming_vqa_dataset/2YwKJ3x3Nq8_IceAgeVillage_1-24_720p_3500k_hevc_nvenc,37,37,0,56,76,73,34,66,31,65,54,55,19,20,74,63,37,71,56,87,88,63,84,41,41,44,43,74,26,100,73,70,87,72,93,65,74,91,67,80,,,,
amt_gaming_vqa_dataset/2YwKJ3x3Nq8_IceAgeVillage_1-24_720p_600k_hevc_nvenc,37,37,0,55,67,71,29,52,27,28,50,45,23,1,21,41,31,54,57,50,22,59,88,41,47,20,8,70,33,97,34,59,15,58,63,21,63,75,65,73,,,,
amt_gaming_vqa_dataset/91hOwhV-igE_PUBGMobile_12-06,37,35,2,14,10,26,32,12,24,46,9,36,7,0,5,31,10,29,14,55,unset,36,31,13,50,18,17,83,11,unset,25,26,3,19,0,14,21,31,5,31,,,,
amt_gaming_vqa_dataset/y_Q63Qb_5PzLI_GuildWars_23-10_480p_1000k_av1,37,37,0,25,33,29,33,39,64,64,50,76,36,40,26,55,24,55,48,63,59,33,59,21,41,42,16,71,14,36,38,50,13,57,9,85,30,87,8,78,,,,
amt_gaming_vqa_dataset/y_Q63Qb_5PzLI_GuildWars_23-10_480p_1000k_h264_nvenc,37,37,0,24,0,31,36,31,55,77,41,69,44,34,30,69,11,33,43,38,36,41,53,30,33,16,12,69,14,63,20,43,0,50,31,66,35,70,6,77,,,,
amt_gaming_vqa_dataset/y_Q63Qb_5PzLI_GuildWars_23-10_480p_800k_hevc_nvenc,37,37,0,35,18,40,38,41,27,55,41,75,37,51,23,50,35,54,50,36,20,52,47,32,50,28,18,71,26,28,17,29,42,46,8,71,41,78,9,68,,,,
amt_gaming_vqa_dataset/_88aJYTz4gI_HalfLife2_10-30,37,35,2,23,38,28,28,29,34,44,29,28,8,25,15,50,25,40,11,59,unset,61,46,29,46,14,44,58,17,unset,29,25,29,48,27,74,33,46,79,80,,,,
amt_gaming_vqa_dataset/_88aJYTz4gI_HalfLife2_10-30_720p_1300k_av1,37,37,0,33,32,29,25,38,21,9,23,25,9,1,0,36,11,39,21,100,72,13,52,31,13,50,24,32,17,0,35,25,37,42,0,25,32,50,34,40,,,,
amt_gaming_vqa_dataset/_88aJYTz4gI_HalfLife2_10-30_720p_3000k_av1,37,37,0,30,33,6,29,16,29,28,32,67,6,3,0,50,18,25,15,100,94,74,41,22,46,31,22,76,15,28,29,23,34,27,0,17,21,36,27,71,,,,
amt_gaming_vqa_dataset/_88aJYTz4gI_HalfLife2_10-30_720p_500k_av1,37,37,0,34,2,7,25,14,17,23,27,13,7,20,13,27,22,10,8,25,26,11,46,22,14,30,15,35,18,0,33,9,10,6,37,16,24,37,36,27,,,,
amt_gaming_vqa_dataset/_88aJYTz4gI_HalfLife2_10-30_720p_1000k_h264_nvenc,37,37,0,46,18,28,23,11,13,5,8,36,10,3,0,27,11,19,8,45,50,59,22,23,12,9,8,66,6,0,11,6,8,28,0,28,30,32,7,35,,,,
amt_gaming_vqa_dataset/_88aJYTz4gI_HalfLife2_10-30_720p_2500k_h264_nvenc,37,37,0,14,32,0,20,34,25,18,14,32,6,3,22,40,20,18,8,88,50,41,41,13,18,21,90,65,23,0,27,53,0,30,0,17,32,40,33,51,,,,
amt_gaming_vqa_dataset/vDfiI5gXNSY_Rust_1-35-47_720p_3500k_hevc_nvenc,37,36,1,18,34,47,33,69,45,unset,29,65,18,11,35,41,38,46,24,93,59,13,48,33,57,29,43,48,33,68,35,27,45,30,31,65,30,45,49,88,,,,
amt_gaming_vqa_dataset/y_6Cpi_nAfJV4_TheSims3_16-40_480p_1000k_h264_nvenc,37,37,0,52,65,59,79,78,75,68,59,72,36,49,62,78,46,71,48,93,87,59,50,71,78,29,84,72,34,85,43,50,86,61,79,65,58,83,91,70,,,,
amt_gaming_vqa_dataset/-j1SG4iuCCU_GuildWars_1-30,37,36,1,40,26,28,30,43,55,67,32,48,27,23,45,50,38,50,65,50,unset,60,46,69,59,30,15,78,25,47,27,42,60,43,57,67,28,78,36,66,,,,
amt_gaming_vqa_dataset/MLi-ujBlSMI_GarrysMod_0-45,37,36,1,39,68,28,42,50,70,44,30,41,27,29,72,50,38,50,37,68,unset,79,35,51,69,29,66,67,33,90,74,29,63,28,63,49,60,66,62,43,,,,
amt_gaming_vqa_dataset/ntaUAdkKZbM_RollerCoasterTycoon3_0-44_1080p_5000k_av1,37,37,0,87,78,72,79,67,75,44,59,84,37,73,71,78,38,61,53,92,100,85,75,87,80,78,93,41,49,71,85,74,100,72,83,73,75,64,75,75,,,,
amt_gaming_vqa_dataset/ntaUAdkKZbM_RollerCoasterTycoon3_0-44_1080p_500k_av1,37,37,0,41,87,59,42,31,71,55,50,53,34,74,66,31,41,81,48,68,50,88,72,88,50,21,10,68,37,81,78,46,33,53,63,55,59,59,31,82,,,,
amt_gaming_vqa_dataset/ntaUAdkKZbM_RollerCoasterTycoon3_0-44_1080p_10000k_h264_nvenc,37,35,2,82,74,73,84,83,74,74,50,83,unset,71,80,82,39,72,64,94,95,58,70,47,60,66,93,unset,43,88,82,73,79,74,88,86,75,77,83,84,,,,
amt_gaming_vqa_dataset/ntaUAdkKZbM_RollerCoasterTycoon3_0-44_1080p_2300k_h264_nvenc,37,35,2,74,36,73,70,60,75,unset,46,59,36,78,49,59,39,78,48,87,68,57,59,45,74,77,94,61,36,73,75,59,64,57,66,67,74,50,unset,77,,,,
amt_gaming_vqa_dataset/ntaUAdkKZbM_RollerCoasterTycoon3_0-44_1080p_5300k_h264_nvenc,37,37,0,78,88,75,73,51,74,28,55,79,34,70,60,79,49,71,45,99,88,40,69,69,64,67,94,34,33,90,83,72,90,79,71,82,68,78,91,72,,,,
amt_gaming_vqa_dataset/ntaUAdkKZbM_RollerCoasterTycoon3_0-44_1080p_2000k_hevc_nvenc,37,37,0,86,75,71,71,74,83,44,61,84,45,71,57,78,44,60,60,87,69,86,47,50,50,77,90,72,35,62,76,70,99,71,89,79,80,85,83,69,,,,
amt_gaming_vqa_dataset/ntaUAdkKZbM_RollerCoasterTycoon3_0-44_1080p_6000k_hevc_nvenc,37,37,0,34,89,72,87,72,80,64,41,92,46,78,63,69,37,74,44,88,100,94,71,40,85,70,91,41,33,74,66,45,91,72,96,85,77,71,92,74,,,,
amt_gaming_vqa_dataset/ntaUAdkKZbM_RollerCoasterTycoon3_0-44_1080p_800k_hevc_nvenc,37,37,0,70,5,27,33,11,57,34,31,50,37,61,19,36,45,71,32,59,31,88,59,69,37,11,93,64,25,17,45,28,10,29,32,50,40,55,10,58,,,,
amt_gaming_vqa_dataset/MLi-ujBlSMI_GarrysMod_0-45_1080p_1500k_av1,37,36,1,32,58,28,51,51,44,26,37,66,36,37,29,54,50,29,34,55,59,53,26,34,71,28,42,69,33,unset,52,27,78,28,24,38,56,73,49,42,,,,
amt_gaming_vqa_dataset/ntaUAdkKZbM_RollerCoasterTycoon3_0-44,37,36,1,87,88,73,77,56,78,76,49,71,28,72,69,87,44,81,46,87,unset,59,72,88,51,28,94,77,47,57,65,69,100,72,90,81,64,81,88,89,,,,
amt_gaming_vqa_dataset/MLi-ujBlSMI_GarrysMod_0-45_1080p_5000k_av1,37,37,0,33,61,51,52,73,30,62,47,71,37,41,32,68,27,40,38,64,72,58,31,56,70,41,54,44,33,64,46,29,83,8,38,45,55,82,83,52,,,,
amt_gaming_vqa_dataset/MLi-ujBlSMI_GarrysMod_0-45_1080p_500k_av1,37,37,0,27,39,29,34,61,30,44,29,32,30,41,21,50,33,38,31,46,49,76,18,31,42,29,17,63,34,60,35,30,25,26,28,55,46,73,59,76,,,,
amt_gaming_vqa_dataset/MLi-ujBlSMI_GarrysMod_0-45_1080p_10000k_h264_nvenc,37,37,0,59,53,44,45,70,57,36,49,50,46,41,48,59,38,57,32,85,77,62,52,68,57,56,91,62,38,72,62,27,62,28,46,64,60,67,88,78,,,,
amt_gaming_vqa_dataset/MLi-ujBlSMI_GarrysMod_0-45_1080p_2300k_h264_nvenc,37,37,0,31,18,44,53,48,43,25,50,40,28,41,29,59,34,39,31,59,64,45,21,63,57,22,46,86,28,52,54,28,41,29,10,36,61,45,49,73,,,,
amt_gaming_vqa_dataset/MLi-ujBlSMI_GarrysMod_0-45_1080p_5300k_h264_nvenc,37,37,0,23,43,28,50,54,50,32,32,30,27,50,64,50,36,38,33,89,78,67,17,32,59,29,44,65,33,62,56,28,86,30,56,63,54,46,69,43,,,,
amt_gaming_vqa_dataset/MLi-ujBlSMI_GarrysMod_0-45_1080p_2000k_hevc_nvenc,37,37,0,27,57,30,54,63,58,18,41,62,38,41,64,78,35,40,34,68,78,35,31,31,50,32,93,72,41,63,67,30,47,30,31,50,70,61,70,55,,,,
amt_gaming_vqa_dataset/MLi-ujBlSMI_GarrysMod_0-45_1080p_6000k_hevc_nvenc,37,37,0,51,40,39,58,62,64,65,32,60,46,40,70,69,39,38,22,72,71,64,38,73,78,29,56,70,37,59,65,28,64,23,49,71,64,82,66,55,,,,
amt_gaming_vqa_dataset/MLi-ujBlSMI_GarrysMod_0-45_1080p_800k_hevc_nvenc,37,36,1,25,30,29,57,60,35,54,29,31,38,13,52,50,38,51,26,50,50,61,81,unset,57,32,15,75,36,60,66,5,12,22,59,43,46,57,64,37,,,,
amt_gaming_vqa_dataset/ntaUAdkKZbM_RollerCoasterTycoon3_0-44_1080p_1500k_av1,37,37,0,73,87,72,77,70,75,21,60,88,47,71,67,78,49,69,49,87,87,75,50,64,69,78,95,65,52,76,77,48,89,55,85,87,74,69,84,82,,,,
amt_gaming_vqa_dataset/y_6Cpi_nAfJV4_TheSims3_16-40_480p_800k_hevc_nvenc,37,37,0,59,55,59,69,78,82,83,59,81,44,33,74,69,55,71,47,99,78,75,85,87,77,61,55,68,45,71,63,76,73,61,82,71,52,74,85,59,,,,
amt_gaming_vqa_dataset/-j1SG4iuCCU_GuildWars_1-30_720p_1300k_av1,37,37,0,35,9,29,37,16,37,45,29,51,20,41,62,32,38,47,61,55,69,40,46,30,50,18,45,66,23,51,32,28,32,48,50,50,19,50,23,79,,,,
amt_gaming_vqa_dataset/1HHTJI-GSiI_CallofDutyMobile_0-05,37,36,1,57,91,50,89,71,87,76,75,77,45,33,79,78,42,71,49,93,unset,31,88,78,83,27,93,76,52,100,57,59,100,55,98,81,61,91,96,88,,,,
amt_gaming_vqa_dataset/-j1SG4iuCCU_GuildWars_1-30_720p_3000k_av1,37,37,0,25,23,28,31,32,46,26,30,74,36,40,35,45,44,64,45,79,89,63,50,45,74,28,58,54,44,72,18,27,33,47,47,54,20,78,10,83,,,,
amt_gaming_vqa_dataset/-j1SG4iuCCU_GuildWars_1-30_720p_500k_av1,37,37,0,11,7,27,18,33,30,46,26,28,18,22,25,31,27,34,53,50,26,21,31,31,46,22,37,40,17,49,7,28,4,41,0,14,21,38,0,50,,,,
amt_gaming_vqa_dataset/-j1SG4iuCCU_GuildWars_1-30_720p_1000k_h264_nvenc,37,37,0,25,5,9,28,39,26,16,31,39,39,29,21,41,36,30,56,26,50,29,31,31,14,11,19,77,28,25,31,40,11,28,19,50,22,31,8,59,,,,
amt_gaming_vqa_dataset/-j1SG4iuCCU_GuildWars_1-30_720p_2500k_h264_nvenc,37,36,1,31,14,26,37,40,36,38,30,40,unset,30,31,45,35,59,40,68,68,28,32,32,56,41,56,59,24,86,36,28,34,29,26,36,31,46,6,72,,,,
amt_gaming_vqa_dataset/-j1SG4iuCCU_GuildWars_1-30_720p_5000k_h264_nvenc,37,37,0,20,29,29,53,37,45,29,38,56,38,35,45,59,37,42,59,98,69,78,46,72,69,66,94,73,24,78,21,28,28,41,57,50,22,92,24,62,,,,
amt_gaming_vqa_dataset/-j1SG4iuCCU_GuildWars_1-30_720p_1500k_hevc_nvenc,37,37,0,60,27,27,28,65,34,54,37,50,35,31,42,41,35,62,57,86,59,59,60,41,68,41,39,74,42,60,19,41,46,27,10,49,22,73,42,59,,,,
amt_gaming_vqa_dataset/-j1SG4iuCCU_GuildWars_1-30_720p_3500k_hevc_nvenc,37,37,0,27,13,28,37,27,57,81,41,79,42,40,33,50,38,51,55,87,59,59,47,83,50,22,4,73,34,75,42,41,28,50,57,71,24,87,15,74,,,,
amt_gaming_vqa_dataset/-j1SG4iuCCU_GuildWars_1-30_720p_600k_hevc_nvenc,37,37,0,34,12,27,15,8,21,22,9,29,9,21,22,32,37,61,59,50,59,63,44,41,37,38,55,71,33,1,15,28,6,27,0,74,22,37,1,38,,,,
amt_gaming_vqa_dataset/1HHTJI-GSiI_CallofDutyMobile_0-05_720p_1300k_av1,37,37,0,87,75,29,74,42,82,81,78,79,36,49,74,69,36,61,45,98,78,80,55,59,56,41,55,59,45,70,52,42,84,59,87,86,71,66,68,74,,,,
amt_gaming_vqa_dataset/y_6Cpi_nAfJV4_TheSims3_16-40_480p_1000k_av1,37,37,0,31,59,58,76,71,75,83,70,55,44,61,58,78,45,70,40,93,72,86,28,94,86,70,92,68,54,88,54,50,90,59,94,82,69,78,78,79,,,,
amt_gaming_vqa_dataset/1HHTJI-GSiI_CallofDutyMobile_0-05_720p_3000k_av1,37,37,0,72,70,49,82,74,85,87,68,90,43,34,74,69,46,70,45,100,99,86,50,83,69,50,7,35,43,56,70,59,67,59,84,75,45,73,69,82,,,,
amt_gaming_vqa_dataset/1HHTJI-GSiI_CallofDutyMobile_0-05_720p_500k_av1,37,37,0,56,49,59,56,71,56,19,68,72,38,42,68,50,32,59,49,50,59,74,43,71,50,50,90,78,36,93,61,26,36,48,63,77,62,87,34,80,,,,
amt_gaming_vqa_dataset/1HHTJI-GSiI_CallofDutyMobile_0-05_720p_1000k_h264_nvenc,37,37,0,31,12,46,31,27,18,55,32,32,37,41,6,31,38,50,43,36,31,47,16,14,40,11,15,59,3,0,23,42,15,30,10,44,16,27,0,38,,,,
amt_gaming_vqa_dataset/1HHTJI-GSiI_CallofDutyMobile_0-05_720p_2500k_h264_nvenc,37,37,0,87,71,49,69,60,87,63,71,64,29,40,63,59,48,75,47,99,100,78,60,71,64,40,64,71,51,94,64,50,82,71,84,81,56,77,40,74,,,,
amt_gaming_vqa_dataset/1HHTJI-GSiI_CallofDutyMobile_0-05_720p_5000k_h264_nvenc,37,37,0,44,40,51,81,73,82,37,71,71,36,40,66,69,40,71,48,94,100,79,59,45,60,41,64,65,26,81,66,39,51,50,94,79,57,70,79,89,,,,
amt_gaming_vqa_dataset/1HHTJI-GSiI_CallofDutyMobile_0-05_720p_1500k_hevc_nvenc,37,37,0,66,74,50,77,66,87,76,69,65,29,51,55,68,43,79,45,87,78,53,47,59,64,75,64,71,51,58,64,43,87,40,82,54,63,78,60,74,,,,
amt_gaming_vqa_dataset/1HHTJI-GSiI_CallofDutyMobile_0-05_720p_3500k_hevc_nvenc,37,37,0,86,78,50,69,61,78,35,77,75,45,61,80,69,44,72,47,88,100,86,53,69,86,71,16,78,53,69,59,49,100,53,70,65,65,76,84,79,,,,
amt_gaming_vqa_dataset/1HHTJI-GSiI_CallofDutyMobile_0-05_720p_600k_hevc_nvenc,37,37,0,41,35,49,54,37,38,43,45,53,36,39,29,36,36,34,40,35,37,41,47,50,50,22,19,76,35,0,63,26,12,29,41,78,35,59,9,67,,,,
amt_gaming_vqa_dataset/2YwKJ3x3Nq8_IceAgeVillage_1-24,37,36,1,79,91,72,48,71,30,65,60,46,44,39,68,78,43,74,56,87,unset,84,90,40,63,41,92,64,54,69,78,61,68,72,76,13,62,85,72,69,,,,
