video_name,total_ratings_count,valid_ratings_count,unset_count,final_rate1,final_rate2,final_rate3,final_rate4,final_rate5,final_rate6,final_rate7,final_rate8,final_rate9,final_rate10,final_rate11,final_rate12,final_rate13,final_rate14,final_rate15,final_rate16,final_rate17,final_rate18,final_rate19,final_rate20,final_rate21,final_rate22,final_rate23,final_rate24,final_rate25,final_rate26,final_rate27,final_rate28,final_rate29,final_rate30,final_rate31,final_rate32,final_rate33,final_rate34,final_rate35,final_rate36,final_rate37,final_rate38
amt_gaming_vqa_dataset/o4LiptZoaNQ_WorldofTanks_0-06_1080p_800k_hevc_nvenc,38,36,2,46,29,60,unset,27,54,62,6,37,8,50,unset,21,24,66,46,54,38,40,78,30,64,22,62,47,51,36,19,29,28,26,29,20,54,55,28,77,28
amt_gaming_vqa_dataset/01hQ7XrHePU_FIFA_0-03_720p_1300k_av1,38,38,0,68,61,49,40,71,58,61,46,50,59,71,64,61,50,51,47,67,28,36,87,26,51,36,55,66,64,60,19,50,33,24,60,59,51,55,56,38,42
amt_gaming_vqa_dataset/01hQ7XrHePU_FIFA_0-03_720p_500k_av1,38,38,0,52,45,61,50,56,50,67,42,37,28,41,41,51,59,58,59,69,29,49,50,41,50,52,13,66,35,64,7,26,22,26,43,61,29,45,24,75,27
amt_gaming_vqa_dataset/01hQ7XrHePU_FIFA_0-03_720p_1000k_h264_nvenc,38,38,0,24,17,34,13,25,29,62,26,22,7,8,21,22,4,49,14,60,46,32,45,33,43,18,7,22,0,31,26,10,14,22,7,12,24,64,25,74,10
amt_gaming_vqa_dataset/01hQ7XrHePU_FIFA_0-03_720p_2500k_h264_nvenc,38,38,0,59,56,28,40,83,59,64,35,45,51,59,33,58,63,50,55,29,37,61,46,32,55,35,38,43,57,59,40,48,78,52,55,41,49,52,25,70,44
amt_gaming_vqa_dataset/01hQ7XrHePU_FIFA_0-03_720p_5000k_h264_nvenc,38,37,1,64,22,48,41,82,70,61,46,45,59,78,66,59,50,unset,56,50,45,50,87,50,50,26,35,67,93,50,16,27,73,44,53,50,54,65,41,39,49
amt_gaming_vqa_dataset/01hQ7XrHePU_FIFA_0-03_720p_1500k_hevc_nvenc,38,38,0,55,46,64,54,78,54,62,58,40,50,69,53,54,67,63,61,75,39,41,86,83,59,65,37,65,71,69,28,29,43,39,52,50,42,63,29,62,59
amt_gaming_vqa_dataset/01hQ7XrHePU_FIFA_0-03_720p_3500k_hevc_nvenc,38,38,0,62,46,48,54,58,59,62,51,64,50,78,64,61,74,50,47,85,37,36,64,67,54,26,44,19,87,69,16,54,40,30,53,49,50,69,28,62,56
amt_gaming_vqa_dataset/01hQ7XrHePU_FIFA_0-03_720p_600k_hevc_nvenc,38,38,0,38,23,52,14,55,30,63,29,24,28,22,32,27,31,50,15,52,34,47,45,34,50,43,0,26,35,36,11,25,38,21,27,17,37,37,5,42,27
amt_gaming_vqa_dataset/uS1-YhWN7f4_IceAgeVillage_4-44,38,36,2,44,25,3,21,44,35,63,40,34,42,59,24,27,41,90,65,59,20,46,59,50,unset,47,26,unset,100,31,28,35,30,47,25,19,69,47,58,60,27
amt_gaming_vqa_dataset/UQYLG-zcxV0_Rust_0-25,38,36,2,73,53,70,74,64,71,unset,90,100,67,87,33,59,71,2,61,40,67,72,87,87,unset,29,40,71,71,69,43,29,92,57,65,92,76,45,26,15,27
amt_gaming_vqa_dataset/UQYLG-zcxV0_Rust_0-25_1080p_1500k_av1,38,38,0,59,35,68,71,69,68,71,56,55,60,78,35,57,31,60,61,96,73,63,64,93,56,65,62,27,94,54,44,29,58,63,57,90,64,35,41,74,48
amt_gaming_vqa_dataset/UQYLG-zcxV0_Rust_0-25_1080p_5000k_av1,38,38,0,60,63,75,70,82,71,69,81,79,72,71,60,70,58,63,61,78,72,75,56,94,50,81,56,89,56,50,55,56,75,72,53,78,91,62,57,31,48
amt_gaming_vqa_dataset/UQYLG-zcxV0_Rust_0-25_1080p_500k_av1,38,38,0,34,37,61,37,37,32,68,77,36,29,87,25,23,13,68,35,43,55,50,87,87,50,43,33,33,63,35,14,29,75,46,23,29,63,35,27,50,27
amt_gaming_vqa_dataset/UQYLG-zcxV0_Rust_0-25_1080p_10000k_h264_nvenc,38,38,0,69,52,73,94,59,78,61,88,78,71,50,63,50,52,70,55,36,74,74,60,89,68,69,58,78,95,83,71,68,45,66,61,78,70,28,46,63,57
amt_gaming_vqa_dataset/UQYLG-zcxV0_Rust_0-25_1080p_2300k_h264_nvenc,38,38,0,22,10,72,9,11,13,63,15,13,29,8,0,10,50,65,31,69,47,45,45,61,45,11,7,15,0,12,11,30,68,33,18,13,43,25,42,51,28
amt_gaming_vqa_dataset/UQYLG-zcxV0_Rust_0-25_1080p_5300k_h264_nvenc,38,37,1,44,29,74,45,37,69,67,unset,65,50,92,54,40,69,68,68,66,76,72,87,88,73,53,63,83,47,50,42,62,87,57,52,79,64,47,40,82,45
amt_gaming_vqa_dataset/UQYLG-zcxV0_Rust_0-25_1080p_2000k_hevc_nvenc,38,36,2,60,45,74,unset,42,64,69,87,65,75,82,unset,21,30,70,69,86,68,69,86,92,72,74,16,86,52,60,30,30,63,44,24,67,61,16,26,30,46
amt_gaming_vqa_dataset/UQYLG-zcxV0_Rust_0-25_1080p_6000k_hevc_nvenc,38,35,3,51,27,64,unset,59,78,65,81,74,70,64,unset,68,87,71,53,89,71,69,86,87,73,80,35,87,72,69,68,49,100,67,61,87,88,29,28,unset,43
amt_gaming_vqa_dataset/UQYLG-zcxV0_Rust_0-25_1080p_800k_hevc_nvenc,38,36,2,29,19,72,unset,24,23,70,11,41,28,22,unset,20,35,70,59,60,54,66,18,89,46,15,36,24,30,30,24,43,6,22,35,36,45,27,8,17,7
amt_gaming_vqa_dataset/y_EQ25DFLTq3M_Cyberpunk2077_13-23_480p_1000k_av1,38,38,0,67,42,73,96,73,87,71,97,96,72,97,75,59,59,2,67,91,67,59,94,89,93,27,79,34,77,50,75,82,33,42,55,70,86,84,59,76,69
amt_gaming_vqa_dataset/01hQ7XrHePU_FIFA_0-03_720p_3000k_av1,38,38,0,64,42,75,37,82,41,55,51,46,60,69,58,63,59,49,68,80,36,59,87,59,50,45,36,69,71,78,16,29,77,43,53,54,50,75,28,74,57
amt_gaming_vqa_dataset/01hQ7XrHePU_FIFA_0-03,38,36,2,59,43,41,71,78,59,unset,34,45,57,59,60,62,57,51,56,29,30,55,55,32,unset,82,46,35,79,78,39,48,58,38,42,45,51,19,56,29,58
amt_gaming_vqa_dataset/y_EQ25DFLTq3M_Cyberpunk2077_13-23_480p_800k_hevc_nvenc,38,38,0,39,61,72,69,38,69,69,82,46,71,59,77,31,22,91,58,73,40,45,93,73,88,28,43,13,64,41,39,92,40,56,44,44,73,72,62,79,72
amt_gaming_vqa_dataset/zCk9CVvGGkg_StarCraft_6-12,38,37,1,47,8,25,37,30,31,44,70,64,50,13,38,41,40,85,78,29,21,29,12,48,unset,4,1,27,52,29,41,11,40,21,29,18,59,38,59,13,51
amt_gaming_vqa_dataset/FX6xk1GME4M_EuroTruckSimulator2_0-00_720p_1300k_av1,38,38,0,68,60,89,93,72,90,75,75,65,72,96,73,47,70,59,70,50,56,59,92,93,89,69,44,73,60,82,71,58,64,69,56,45,88,64,73,53,71
amt_gaming_vqa_dataset/FX6xk1GME4M_EuroTruckSimulator2_0-00_720p_3000k_av1,38,38,0,70,60,89,82,60,93,71,50,59,59,87,64,49,41,69,58,82,59,65,88,85,95,56,46,86,93,50,66,51,46,73,52,75,86,45,74,55,73
amt_gaming_vqa_dataset/FX6xk1GME4M_EuroTruckSimulator2_0-00_720p_500k_av1,38,38,0,52,34,89,91,56,69,77,73,50,50,71,58,47,30,69,31,62,56,55,64,59,89,81,44,81,70,41,44,70,45,69,60,49,83,81,72,37,74
amt_gaming_vqa_dataset/FX6xk1GME4M_EuroTruckSimulator2_0-00_720p_1000k_h264_nvenc,38,38,0,43,6,88,32,44,57,60,21,45,30,50,62,32,10,67,64,50,48,59,71,59,72,17,66,82,96,22,42,47,38,52,15,26,66,74,50,70,28
amt_gaming_vqa_dataset/FX6xk1GME4M_EuroTruckSimulator2_0-00_720p_2500k_h264_nvenc,38,38,0,64,53,78,85,73,83,70,87,61,75,59,73,51,59,68,87,64,49,48,95,87,88,75,65,54,76,69,40,75,77,69,38,74,86,51,72,67,71
amt_gaming_vqa_dataset/FX6xk1GME4M_EuroTruckSimulator2_0-00_720p_5000k_h264_nvenc,38,38,0,55,34,83,93,71,91,72,71,52,71,96,56,58,41,60,78,95,49,62,86,88,86,65,57,64,86,50,70,82,62,43,60,74,84,69,61,63,73
amt_gaming_vqa_dataset/FX6xk1GME4M_EuroTruckSimulator2_0-00_720p_1500k_hevc_nvenc,38,38,0,69,53,90,83,67,96,77,88,69,71,50,74,53,65,70,57,70,48,47,78,87,90,56,45,84,70,82,60,84,74,61,56,84,87,65,73,80,59
amt_gaming_vqa_dataset/FX6xk1GME4M_EuroTruckSimulator2_0-00_720p_3500k_hevc_nvenc,38,38,0,63,50,74,84,71,91,75,85,88,71,71,74,63,59,70,78,60,65,66,73,88,95,65,44,92,58,79,66,81,87,69,62,63,78,54,51,52,60
amt_gaming_vqa_dataset/FX6xk1GME4M_EuroTruckSimulator2_0-00_720p_600k_hevc_nvenc,38,38,0,50,24,81,91,34,88,72,33,64,50,69,76,25,31,67,57,70,54,50,86,38,88,71,58,70,72,50,46,90,68,50,52,61,69,66,72,69,71
amt_gaming_vqa_dataset/1S94Knu48cs_TheSims3_0-13,38,35,3,36,28,60,32,35,41,64,31,36,46,50,56,37,41,91,10,44,28,35,50,32,unset,unset,5,27,unset,59,11,49,12,25,34,51,50,27,29,56,29
amt_gaming_vqa_dataset/1S94Knu48cs_TheSims3_0-13_480p_1000k_av1,38,38,0,47,34,47,32,37,41,57,61,11,42,50,53,31,30,93,22,67,32,41,50,47,86,12,15,45,50,59,30,62,12,42,11,50,48,83,25,63,27
amt_gaming_vqa_dataset/1S94Knu48cs_TheSims3_0-13_480p_1000k_h264_nvenc,38,38,0,41,29,62,27,21,41,69,28,18,29,50,27,31,31,93,21,71,24,37,86,40,54,16,4,16,52,50,19,50,44,41,29,41,42,45,27,72,28
amt_gaming_vqa_dataset/1S94Knu48cs_TheSims3_0-13_480p_800k_hevc_nvenc,38,38,0,27,19,41,31,32,41,57,39,26,43,59,31,30,30,91,19,14,30,38,73,43,59,17,19,66,5,40,69,53,8,30,22,50,42,53,26,76,30
amt_gaming_vqa_dataset/CMSt7Ye7BfA_StarCraft_0-33,38,36,2,20,29,13,13,0,29,39,45,51,27,50,21,0,14,5,50,79,12,33,78,28,unset,15,11,8,unset,12,40,46,18,15,28,12,45,64,28,26,7
amt_gaming_vqa_dataset/CMSt7Ye7BfA_StarCraft_0-33_480p_1000k_av1,38,38,0,0,8,34,19,22,9,46,35,30,0,41,23,0,0,94,50,68,21,20,59,52,50,8,0,24,18,14,19,28,1,18,33,8,37,35,28,40,10
amt_gaming_vqa_dataset/CMSt7Ye7BfA_StarCraft_0-33_480p_1000k_h264_nvenc,38,38,0,6,7,1,19,0,10,41,28,13,8,30,2,0,5,91,46,70,20,17,13,36,50,7,0,4,0,26,42,50,9,41,25,12,31,28,5,17,27
amt_gaming_vqa_dataset/CMSt7Ye7BfA_StarCraft_0-33_480p_800k_hevc_nvenc,38,38,0,0,25,0,16,0,9,46,54,21,8,29,3,0,0,88,46,29,22,17,50,28,51,0,2,20,0,22,21,24,10,33,27,9,58,30,21,75,7
amt_gaming_vqa_dataset/65_g_iLmcTk_Myst_12-34,38,37,1,21,20,38,63,12,11,42,22,1,9,9,0,0,0,59,10,24,20,31,13,40,unset,7,13,9,0,7,15,71,9,25,12,8,39,11,0,63,5
amt_gaming_vqa_dataset/WS_UUN5r0ME_GarrysMod_8-12,38,37,1,4,19,13,17,7,7,40,5,3,8,8,0,0,19,51,8,30,12,27,7,50,unset,18,3,8,40,14,16,20,18,24,7,8,22,13,27,38,22
amt_gaming_vqa_dataset/y_EQ25DFLTq3M_Cyberpunk2077_13-23_480p_1000k_h264_nvenc,38,37,1,28,42,72,88,34,58,69,47,59,43,68,61,34,57,90,55,64,48,59,93,59,59,68,19,24,60,32,51,52,17,unset,34,35,72,61,61,74,50
amt_gaming_vqa_dataset/y_rXC_XFEm1gg_Palworld_13-22_480p_1000k_av1,38,38,0,31,47,50,56,41,46,57,26,64,44,50,60,30,42,92,78,91,32,47,94,86,59,21,57,83,70,69,72,52,27,70,39,52,74,90,60,31,52
amt_gaming_vqa_dataset/BEUBudlOBxk_WarRobots_0-30_1080p_6000k_hevc_nvenc,38,34,4,83,29,unset,unset,91,91,65,89,79,72,96,unset,82,74,92,88,70,77,47,94,89,88,82,80,63,69,63,65,unset,49,71,64,71,72,82,46,42,58
amt_gaming_vqa_dataset/BEUBudlOBxk_WarRobots_0-30_1080p_800k_hevc_nvenc,38,36,2,46,27,72,unset,51,78,59,61,40,57,59,unset,43,29,92,69,31,45,41,93,83,88,27,64,86,100,60,17,49,17,26,60,45,75,89,57,60,49
amt_gaming_vqa_dataset/AHfpD-ivnOU_GarrysMod_8-32_1080p_1500k_av1,38,38,0,65,37,28,69,64,69,65,88,55,72,78,52,37,51,93,81,50,38,41,55,85,84,28,43,53,95,69,70,74,87,59,35,64,59,79,59,78,52
amt_gaming_vqa_dataset/AHfpD-ivnOU_GarrysMod_8-32_1080p_5000k_av1,38,38,0,59,46,21,78,50,88,67,56,88,72,87,73,49,81,93,83,85,45,45,59,69,89,87,50,34,95,78,68,86,100,72,51,68,78,65,43,73,49
amt_gaming_vqa_dataset/AHfpD-ivnOU_GarrysMod_8-32_1080p_500k_av1,38,38,0,19,15,51,35,26,29,61,30,5,29,22,32,7,8,89,55,41,31,50,47,85,88,25,24,10,45,41,15,17,44,19,19,29,41,46,41,47,47
amt_gaming_vqa_dataset/AHfpD-ivnOU_GarrysMod_8-32_1080p_10000k_h264_nvenc,38,37,1,68,53,41,72,76,78,unset,88,83,71,68,55,67,77,94,88,68,37,59,59,89,89,90,50,55,74,69,23,92,97,75,61,70,79,74,43,61,55
amt_gaming_vqa_dataset/AHfpD-ivnOU_GarrysMod_8-32_1080p_2300k_h264_nvenc,38,36,2,28,4,21,12,37,13,53,17,5,71,8,15,0,8,91,27,34,unset,38,56,50,50,unset,6,15,35,17,50,75,40,24,24,13,41,38,42,63,21
amt_gaming_vqa_dataset/AHfpD-ivnOU_GarrysMod_8-32_1080p_5300k_h264_nvenc,38,38,0,86,40,40,56,66,65,59,53,69,70,78,56,43,68,95,75,87,39,40,56,92,89,85,33,66,84,59,69,80,85,71,49,81,79,71,39,70,29
amt_gaming_vqa_dataset/AHfpD-ivnOU_GarrysMod_8-32_1080p_2000k_hevc_nvenc,38,38,0,47,33,45,78,64,71,66,51,59,70,59,56,41,38,94,76,88,45,46,78,92,86,19,36,64,56,88,74,87,73,70,42,66,80,80,40,51,48
amt_gaming_vqa_dataset/AHfpD-ivnOU_GarrysMod_8-32_1080p_6000k_hevc_nvenc,38,37,1,74,15,50,55,77,78,73,88,72,70,68,58,49,60,91,55,71,38,49,55,86,87,81,38,55,unset,69,67,87,69,73,44,64,77,50,41,60,41
amt_gaming_vqa_dataset/AHfpD-ivnOU_GarrysMod_8-32_1080p_800k_hevc_nvenc,38,38,0,31,29,40,29,33,9,60,34,17,41,50,14,12,13,93,33,29,30,37,45,68,50,63,17,18,0,40,27,68,11,23,44,28,49,51,26,62,26
amt_gaming_vqa_dataset/SYIjUBZ25mg_HalfLife2_3-28,38,37,1,26,10,41,31,34,21,69,35,27,51,41,10,0,8,89,51,37,22,31,87,46,unset,28,13,26,59,36,24,63,9,27,14,13,54,63,28,55,30
amt_gaming_vqa_dataset/o4LiptZoaNQ_WorldofTanks_0-06,38,35,3,60,52,57,72,65,72,unset,49,83,70,71,75,50,41,unset,69,60,57,42,87,23,unset,37,79,77,50,41,49,51,54,72,49,64,66,66,49,78,27
amt_gaming_vqa_dataset/o4LiptZoaNQ_WorldofTanks_0-06_1080p_1500k_av1,38,38,0,42,34,61,69,73,59,61,32,55,54,64,29,57,54,91,58,77,58,46,87,91,88,84,66,64,71,65,44,30,87,40,45,66,68,88,59,72,40
amt_gaming_vqa_dataset/o4LiptZoaNQ_WorldofTanks_0-06_1080p_5000k_av1,38,36,2,55,38,59,72,81,78,unset,35,65,71,96,52,49,53,0,46,88,60,42,86,30,80,unset,50,74,68,69,28,46,47,71,29,65,53,73,46,69,55
amt_gaming_vqa_dataset/o4LiptZoaNQ_WorldofTanks_0-06_1080p_500k_av1,38,38,0,38,10,65,36,50,51,60,25,45,50,50,34,29,42,77,37,65,63,40,78,85,80,34,63,54,51,50,50,33,24,69,26,36,63,77,56,47,29
amt_gaming_vqa_dataset/o4LiptZoaNQ_WorldofTanks_0-06_1080p_10000k_h264_nvenc,38,37,1,50,45,63,46,74,87,unset,57,80,70,50,34,50,59,70,60,71,56,38,87,31,86,73,55,78,49,69,44,36,36,67,23,50,72,67,48,75,48
amt_gaming_vqa_dataset/o4LiptZoaNQ_WorldofTanks_0-06_1080p_2300k_h264_nvenc,38,38,0,38,25,23,17,33,41,68,45,22,29,8,37,3,2,65,40,70,44,36,77,51,50,63,64,17,50,17,16,30,49,27,12,20,55,54,29,74,29
amt_gaming_vqa_dataset/o4LiptZoaNQ_WorldofTanks_0-06_1080p_5300k_h264_nvenc,38,38,0,54,34,61,84,60,77,70,17,55,72,64,60,49,50,74,48,70,46,49,87,64,85,24,28,36,87,50,44,29,54,33,51,37,74,72,57,64,49
amt_gaming_vqa_dataset/o4LiptZoaNQ_WorldofTanks_0-06_1080p_2000k_hevc_nvenc,38,36,2,52,30,62,unset,68,77,61,31,62,59,78,unset,53,41,94,50,81,47,41,92,83,80,18,63,83,80,69,39,50,40,73,49,63,81,80,46,40,29
amt_gaming_vqa_dataset/o4LiptZoaNQ_WorldofTanks_0-06_1080p_6000k_hevc_nvenc,38,35,3,69,44,59,unset,66,64,63,77,73,57,78,unset,63,43,52,49,74,56,41,78,32,80,75,44,82,48,73,28,unset,52,67,37,70,59,84,39,62,59
amt_gaming_vqa_dataset/AHfpD-ivnOU_GarrysMod_8-32,38,36,2,63,29,50,70,71,78,unset,90,82,71,96,52,59,81,4,36,86,48,41,99,87,unset,45,57,19,68,41,69,91,85,64,64,70,58,41,40,60,41
amt_gaming_vqa_dataset/FX6xk1GME4M_EuroTruckSimulator2_0-00,38,36,2,69,58,89,84,81,96,unset,77,90,49,97,80,57,49,50,57,87,47,78,87,94,unset,71,79,86,84,78,74,78,87,71,56,91,81,62,70,78,73
amt_gaming_vqa_dataset/y_rXC_XFEm1gg_Palworld_13-22_480p_1000k_h264_nvenc,38,38,0,33,11,51,13,21,50,64,49,22,45,31,14,11,13,59,32,58,46,43,45,41,46,26,30,9,31,31,16,50,31,41,15,18,64,53,27,34,25
amt_gaming_vqa_dataset/BEUBudlOBxk_WarRobots_0-30_1080p_2000k_hevc_nvenc,38,35,3,71,44,75,unset,75,77,63,79,75,60,78,unset,70,76,93,72,66,69,59,87,91,89,65,50,67,82,54,63,unset,77,38,61,71,82,88,71,29,58
amt_gaming_vqa_dataset/y_rXC_XFEm1gg_Palworld_13-22_480p_800k_hevc_nvenc,38,38,0,21,15,43,31,41,41,46,40,11,71,8,48,3,29,72,22,68,37,36,78,49,46,78,37,19,59,59,56,29,49,41,33,29,50,52,39,48,49
amt_gaming_vqa_dataset/2xcHsYJSAbw_SubwaySurfers_0-03,38,36,2,90,63,61,91,93,91,unset,33,97,73,92,68,77,71,5,78,32,67,82,86,94,unset,81,83,91,100,78,67,47,97,73,61,87,59,26,72,33,75
amt_gaming_vqa_dataset/2xcHsYJSAbw_SubwaySurfers_0-03_1080p_1500k_av1,38,38,0,78,42,73,89,64,78,72,88,74,71,78,80,70,70,13,83,72,60,69,87,93,86,87,65,64,100,78,56,74,80,69,63,90,79,76,71,72,56
amt_gaming_vqa_dataset/2xcHsYJSAbw_SubwaySurfers_0-03_1080p_5000k_av1,38,38,0,86,63,76,93,94,92,75,92,97,73,87,54,100,72,50,79,24,65,63,78,76,87,25,64,79,100,78,76,83,99,70,62,89,84,92,73,69,76
amt_gaming_vqa_dataset/2xcHsYJSAbw_SubwaySurfers_0-03_1080p_500k_av1,38,38,0,59,20,59,73,37,59,73,37,29,50,68,64,43,41,50,78,86,55,59,88,91,84,74,35,83,95,59,25,84,36,24,38,63,65,87,54,69,72
amt_gaming_vqa_dataset/2xcHsYJSAbw_SubwaySurfers_0-03_1080p_10000k_h264_nvenc,38,37,1,83,61,59,95,85,92,70,69,84,72,59,73,87,72,58,87,81,67,61,97,89,80,unset,69,81,100,78,67,52,95,70,52,69,85,53,73,82,75
amt_gaming_vqa_dataset/2xcHsYJSAbw_SubwaySurfers_0-03_1080p_2300k_h264_nvenc,38,36,2,23,4,27,10,21,41,61,13,13,8,29,33,0,0,70,16,66,41,40,37,44,31,unset,11,25,0,28,11,42,26,24,3,9,40,66,28,unset,8
amt_gaming_vqa_dataset/2xcHsYJSAbw_SubwaySurfers_0-03_1080p_5300k_h264_nvenc,38,38,0,28,16,35,83,15,50,70,41,26,50,55,19,12,27,72,68,75,49,59,86,93,79,25,86,73,71,69,50,54,94,69,38,60,55,80,77,64,72
amt_gaming_vqa_dataset/2xcHsYJSAbw_SubwaySurfers_0-03_1080p_2000k_hevc_nvenc,38,35,3,41,29,59,unset,42,51,72,37,37,41,59,unset,45,20,71,59,92,73,59,78,92,69,92,44,83,88,78,49,56,43,67,42,36,62,79,71,unset,74
amt_gaming_vqa_dataset/2xcHsYJSAbw_SubwaySurfers_0-03_1080p_6000k_hevc_nvenc,38,36,2,79,41,72,unset,81,78,71,55,83,72,78,unset,78,92,68,84,78,75,75,87,88,88,82,75,84,100,87,69,52,82,67,61,74,74,89,71,70,72
amt_gaming_vqa_dataset/2xcHsYJSAbw_SubwaySurfers_0-03_1080p_800k_hevc_nvenc,38,35,3,41,30,40,unset,26,41,unset,35,45,31,50,unset,31,13,71,59,79,57,46,59,88,54,55,50,55,59,59,16,53,67,24,36,55,77,80,39,79,29
amt_gaming_vqa_dataset/vlDA2vlXAz4_GuildWars_6-08,38,37,1,18,11,12,13,18,9,48,0,0,8,3,18,0,0,50,14,32,12,18,18,30,unset,9,8,54,0,22,23,31,2,20,17,12,22,21,29,38,29
amt_gaming_vqa_dataset/BEUBudlOBxk_WarRobots_0-30,38,36,2,66,54,71,60,88,87,unset,77,89,73,87,60,60,61,8,80,41,78,59,93,31,unset,58,93,77,100,78,65,48,86,69,64,87,79,61,72,33,44
amt_gaming_vqa_dataset/BEUBudlOBxk_WarRobots_0-30_1080p_1500k_av1,38,38,0,66,24,72,63,59,96,69,92,78,71,50,60,71,67,94,61,67,82,54,98,96,90,81,70,25,73,59,64,68,87,58,48,76,64,91,51,75,53
amt_gaming_vqa_dataset/BEUBudlOBxk_WarRobots_0-30_1080p_5000k_av1,38,38,0,80,62,77,50,80,91,67,77,83,72,92,73,74,61,94,75,56,76,58,94,96,90,65,66,65,90,78,58,54,62,43,66,79,77,84,50,33,51
amt_gaming_vqa_dataset/BEUBudlOBxk_WarRobots_0-30_1080p_500k_av1,38,37,1,41,23,74,50,44,68,unset,52,82,49,68,78,35,39,91,78,87,78,48,92,85,89,64,41,71,88,36,46,48,79,24,54,50,60,79,50,68,29
amt_gaming_vqa_dataset/BEUBudlOBxk_WarRobots_0-30_1080p_10000k_h264_nvenc,38,36,2,76,24,72,44,86,92,unset,40,84,70,68,52,77,69,92,82,59,72,59,87,88,88,unset,43,83,69,78,71,51,73,66,67,70,56,73,58,56,59
amt_gaming_vqa_dataset/BEUBudlOBxk_WarRobots_0-30_1080p_2300k_h264_nvenc,38,37,1,38,43,73,30,45,50,unset,28,69,56,59,75,40,8,92,53,71,77,47,37,68,89,82,50,63,94,59,24,52,58,67,47,61,58,88,52,68,54
amt_gaming_vqa_dataset/BEUBudlOBxk_WarRobots_0-30_1080p_5300k_h264_nvenc,38,38,0,57,38,72,55,91,69,69,77,82,71,87,56,85,69,90,90,73,78,73,87,86,93,57,63,35,69,78,67,83,12,49,46,73,57,91,72,65,58
amt_gaming_vqa_dataset/lxGvk91jPbc_IceAgeVillage_8-00_1080p_1500k_av1,37,37,0,66,56,73,78,68,88,71,79,77,57,87,48,81,85,70,78,88,87,83,87,33,57,49,77,68,22,78,57,91,70,60,72,79,95,31,88,57,
amt_gaming_vqa_dataset/lxGvk91jPbc_IceAgeVillage_8-00,37,36,1,76,91,80,97,54,74,100,74,70,87,70,58,81,69,50,6,50,unset,89,87,69,68,71,68,65,55,82,76,86,86,61,63,90,90,70,83,56,
amt_gaming_vqa_dataset/8Xg2xP7BHnY_SuperMarioRun_2-55_360p_600k_hevc_nvenc,37,37,0,50,90,87,69,52,89,74,69,54,77,80,46,53,77,87,90,68,88,76,87,51,82,90,74,50,74,69,70,79,82,74,72,92,86,69,87,71,
amt_gaming_vqa_dataset/Rg-0RGDeYT0_Terraria_1-30-55_1080p_2300k_h264_nvenc,37,36,1,40,17,49,59,36,34,30,17,69,97,38,72,58,54,50,59,88,50,55,45,63,40,34,83,50,34,50,29,27,unset,50,69,63,27,72,87,32,
amt_gaming_vqa_dataset/YrK8rt2vwug_GuildWars_18-30_1080p_500k_av1,37,37,0,59,9,33,60,13,45,44,16,16,93,14,38,10,0,50,49,43,50,47,64,32,56,71,15,32,49,69,13,33,51,50,46,51,48,11,41,39,
amt_gaming_vqa_dataset/YrK8rt2vwug_GuildWars_18-30_1080p_5000k_av1,37,37,0,60,44,69,96,42,76,16,54,62,80,87,56,83,69,88,91,80,87,82,93,63,78,71,78,78,33,88,66,60,74,49,72,68,65,33,74,71,
amt_gaming_vqa_dataset/YrK8rt2vwug_GuildWars_18-30_1080p_1500k_av1,37,37,0,73,15,56,78,49,51,85,32,28,53,50,39,72,74,88,69,60,69,75,92,30,70,64,19,69,74,69,33,39,52,59,50,59,63,59,59,35,
amt_gaming_vqa_dataset/YrK8rt2vwug_GuildWars_18-30,37,35,2,74,55,61,68,44,54,89,63,18,86,88,50,33,74,30,3,24,unset,36,59,29,60,91,unset,69,33,78,70,66,81,72,78,83,35,52,81,76,
amt_gaming_vqa_dataset/xy5eDPmTyw4_TheWitcher3_1-12-15,37,36,1,1,11,3,4,4,0,0,17,0,71,0,13,0,0,38,39,41,unset,9,13,2,8,9,5,12,27,34,11,22,23,29,9,0,0,0,22,10,
amt_gaming_vqa_dataset/91hOwhV-igE_PUBGMobile_14-20,37,36,1,11,44,8,10,4,16,0,0,0,59,3,18,10,0,26,0,50,unset,13,12,66,22,7,3,18,0,46,20,3,27,28,12,35,0,3,22,14,
amt_gaming_vqa_dataset/2DZwUV7iySI_HalfLife2_7-35_720p_600k_hevc_nvenc,37,37,0,60,54,42,30,17,40,29,26,34,76,51,39,30,34,36,93,49,26,87,87,37,45,60,35,31,50,69,44,50,46,28,59,36,29,60,72,39,
amt_gaming_vqa_dataset/2DZwUV7iySI_HalfLife2_7-35_720p_3500k_hevc_nvenc,37,37,0,72,39,58,71,26,39,64,34,31,88,88,47,29,41,81,91,51,78,78,87,69,76,85,64,50,31,78,66,61,30,30,45,54,59,78,71,56,
amt_gaming_vqa_dataset/2DZwUV7iySI_HalfLife2_7-35_720p_1500k_hevc_nvenc,37,37,0,60,91,58,50,24,51,72,29,35,87,65,37,71,45,63,92,72,100,70,100,46,43,88,28,50,39,87,40,49,67,30,48,49,60,73,87,57,
amt_gaming_vqa_dataset/2DZwUV7iySI_HalfLife2_7-35_720p_5000k_h264_nvenc,37,36,1,76,90,60,59,37,61,50,22,57,54,89,44,76,12,90,92,50,96,76,87,79,78,28,47,41,unset,87,56,55,49,26,70,74,55,57,65,51,
amt_gaming_vqa_dataset/2DZwUV7iySI_HalfLife2_7-35_720p_2500k_h264_nvenc,37,37,0,79,92,50,59,20,49,50,44,37,88,77,34,71,66,89,92,55,59,41,100,48,60,53,56,77,38,83,33,54,50,42,50,68,31,61,74,24,
amt_gaming_vqa_dataset/2DZwUV7iySI_HalfLife2_7-35_720p_1000k_h264_nvenc,37,37,0,74,18,36,40,29,40,51,29,68,45,45,44,26,29,41,92,43,87,56,92,61,42,92,37,31,26,78,43,44,47,25,34,32,68,22,65,28,
amt_gaming_vqa_dataset/2DZwUV7iySI_HalfLife2_7-35_720p_500k_av1,37,37,0,71,44,46,32,28,28,28,36,21,67,53,55,66,41,69,93,62,59,59,87,71,48,49,24,50,49,86,28,57,48,28,52,36,41,58,45,42,
amt_gaming_vqa_dataset/2DZwUV7iySI_HalfLife2_7-35_720p_3000k_av1,37,37,0,77,54,56,41,25,47,48,42,30,64,64,38,73,68,79,92,37,95,59,93,83,61,71,71,50,45,69,65,53,52,44,68,53,65,54,82,30,
amt_gaming_vqa_dataset/2DZwUV7iySI_HalfLife2_7-35_720p_1300k_av1,37,37,0,73,62,55,70,30,53,55,53,42,80,58,36,72,60,90,92,55,100,69,87,26,60,51,55,69,56,93,39,55,47,27,71,32,43,58,78,41,
amt_gaming_vqa_dataset/2DZwUV7iySI_HalfLife2_7-35,37,36,1,78,25,43,33,27,46,34,21,33,98,73,54,43,31,66,2,61,unset,81,77,57,66,61,36,69,44,86,71,53,45,29,68,63,52,55,65,69,
amt_gaming_vqa_dataset/Rg-0RGDeYT0_Terraria_1-30-55_1080p_800k_hevc_nvenc,37,36,1,42,8,33,50,24,14,0,29,25,96,37,72,33,25,17,94,89,50,56,unset,65,42,29,34,40,44,50,24,52,31,30,44,33,18,9,31,47,
amt_gaming_vqa_dataset/Rg-0RGDeYT0_Terraria_1-30-55_1080p_6000k_hevc_nvenc,37,37,0,56,66,78,72,36,83,73,74,80,72,89,56,71,83,67,49,78,50,44,51,58,59,36,21,78,61,32,51,77,69,27,75,92,73,100,92,45,
amt_gaming_vqa_dataset/Rg-0RGDeYT0_Terraria_1-30-55_1080p_2000k_hevc_nvenc,37,37,0,41,55,56,88,50,82,69,51,77,66,87,75,75,66,29,71,31,100,58,45,60,50,30,63,78,48,31,30,72,53,50,72,68,58,78,68,48,
amt_gaming_vqa_dataset/YrK8rt2vwug_GuildWars_18-30_1080p_10000k_h264_nvenc,37,37,0,75,82,64,78,49,58,72,58,76,77,12,40,86,94,79,93,51,59,60,55,77,85,70,59,69,34,76,71,59,81,59,72,89,92,30,71,71,
amt_gaming_vqa_dataset/YrK8rt2vwug_GuildWars_18-30_1080p_2300k_h264_nvenc,37,37,0,31,21,14,49,8,24,0,17,0,55,19,44,15,0,38,58,35,44,62,17,40,55,30,45,54,21,51,18,33,50,27,14,8,7,1,22,22,
amt_gaming_vqa_dataset/YrK8rt2vwug_GuildWars_18-30_1080p_5300k_h264_nvenc,37,37,0,75,18,41,77,10,66,50,45,34,56,20,37,61,65,74,59,71,87,70,100,69,66,72,24,31,81,78,41,46,72,57,65,67,64,17,69,62,
amt_gaming_vqa_dataset/0JehGz8WBEs_MarioKartTour_0-00_1080p_10000k_h264_nvenc,37,33,4,61,89,69,95,54,97,100,73,64,53,92,40,11,65,85,unset,81,95,73,100,67,85,62,66,78,74,77,68,97,unset,72,73,91,100,unset,unset,71,
amt_gaming_vqa_dataset/8Xg2xP7BHnY_SuperMarioRun_2-55_360p_800k_av1,37,37,0,40,94,84,87,62,74,83,64,68,78,88,56,75,83,70,89,85,98,69,78,60,50,91,85,69,63,82,72,87,82,73,87,93,87,71,87,72,
amt_gaming_vqa_dataset/bKHTBNswpjo_DiabloIII_2-59,37,35,2,39,55,30,41,8,22,7,29,26,77,5,47,19,1,60,94,88,unset,59,54,11,41,52,unset,31,21,44,43,33,44,28,32,0,0,50,27,25,
amt_gaming_vqa_dataset/j4IcZqXn4ks_Cyberpunk2077_10-40,37,36,1,25,18,31,26,13,12,0,3,0,56,12,16,0,26,22,84,22,unset,18,18,22,24,7,14,31,12,59,17,13,29,0,12,0,12,2,28,15,
amt_gaming_vqa_dataset/0JehGz8WBEs_MarioKartTour_0-00_1080p_800k_hevc_nvenc,37,36,1,72,87,41,68,33,54,35,69,6,46,59,42,43,40,80,92,41,50,29,56,56,59,49,76,50,35,82,33,75,40,59,50,56,73,unset,60,58,
amt_gaming_vqa_dataset/0JehGz8WBEs_MarioKartTour_0-00_1080p_6000k_hevc_nvenc,37,35,2,75,unset,86,91,53,88,100,70,77,64,93,43,89,75,90,92,72,94,79,59,60,73,64,25,78,91,84,72,94,52,74,69,91,93,unset,78,71,
amt_gaming_vqa_dataset/0JehGz8WBEs_MarioKartTour_0-00_1080p_2000k_hevc_nvenc,37,36,1,61,43,69,60,29,62,32,72,34,62,52,42,18,36,71,95,49,50,77,93,64,50,69,76,59,33,69,43,88,70,60,25,63,84,unset,50,56,
amt_gaming_vqa_dataset/0JehGz8WBEs_MarioKartTour_0-00_1080p_5300k_h264_nvenc,37,35,2,76,54,43,68,7,53,8,43,11,63,56,39,76,21,74,72,82,51,48,93,10,36,51,16,31,12,50,72,49,82,72,50,53,unset,unset,13,59,
amt_gaming_vqa_dataset/0JehGz8WBEs_MarioKartTour_0-00_1080p_2300k_h264_nvenc,37,34,3,20,17,14,41,8,6,0,7,0,55,1,38,0,0,12,unset,50,17,7,13,36,24,30,unset,11,0,37,18,33,46,6,17,0,0,unset,13,21,
amt_gaming_vqa_dataset/0JehGz8WBEs_MarioKartTour_0-00_1080p_500k_av1,37,37,0,60,58,69,65,29,64,63,59,23,82,88,40,82,32,70,92,78,87,54,87,57,44,50,45,31,33,81,21,79,40,41,39,51,75,30,68,69,
amt_gaming_vqa_dataset/YrK8rt2vwug_GuildWars_18-30_1080p_2000k_hevc_nvenc,37,37,0,70,19,37,59,15,36,20,75,33,86,58,44,61,14,93,92,70,22,44,87,53,72,71,64,40,45,70,71,60,35,50,41,31,53,14,77,54,
amt_gaming_vqa_dataset/0JehGz8WBEs_MarioKartTour_0-00_1080p_5000k_av1,37,37,0,69,91,92,77,41,97,100,75,75,71,90,44,76,80,11,29,88,100,58,94,58,77,70,63,78,45,78,69,99,73,54,91,95,100,100,91,72,
amt_gaming_vqa_dataset/0JehGz8WBEs_MarioKartTour_0-00_1080p_1500k_av1,37,37,0,59,58,87,71,63,83,80,79,71,49,69,46,72,55,30,91,89,50,56,78,58,59,62,15,69,80,73,63,97,72,74,75,91,100,83,75,71,
amt_gaming_vqa_dataset/0JehGz8WBEs_MarioKartTour_0-00,37,34,3,57,92,90,78,67,90,100,unset,66,62,95,35,82,96,38,3,27,unset,79,72,54,47,71,unset,69,82,70,74,98,48,72,91,96,100,79,92,71,
amt_gaming_vqa_dataset/K7ypeQ4UA6w_SuperMarioRun_4-49_360p_600k_hevc_nvenc,37,37,0,42,45,67,32,29,44,88,23,20,78,39,21,34,50,89,92,50,92,46,87,31,45,58,56,50,44,58,31,46,39,60,27,58,64,26,54,37,
amt_gaming_vqa_dataset/K7ypeQ4UA6w_SuperMarioRun_4-49_360p_800k_h264_nvenc,37,36,1,39,39,28,32,25,38,44,32,70,51,46,13,22,31,72,90,69,90,59,59,22,25,61,36,50,43,61,19,42,unset,60,36,87,84,32,50,56,
amt_gaming_vqa_dataset/K7ypeQ4UA6w_SuperMarioRun_4-49_360p_800k_av1,37,37,0,49,75,69,28,29,31,70,29,31,97,55,36,27,64,74,95,82,93,44,74,20,43,55,77,36,45,59,56,48,47,72,28,73,92,55,52,43,
amt_gaming_vqa_dataset/YrK8rt2vwug_GuildWars_18-30_1080p_800k_hevc_nvenc,37,37,0,72,17,23,29,25,35,0,26,0,80,11,37,20,0,20,49,31,51,58,45,54,46,30,6,41,10,59,22,19,35,27,31,21,24,3,13,23,
amt_gaming_vqa_dataset/YrK8rt2vwug_GuildWars_18-30_1080p_6000k_hevc_nvenc,37,37,0,61,44,53,68,45,70,99,66,73,77,57,42,54,87,79,92,88,59,80,88,60,79,82,45,82,74,70,57,55,85,72,69,92,85,34,50,75,
amt_gaming_vqa_dataset/Rg-0RGDeYT0_Terraria_1-30-55_1080p_5300k_h264_nvenc,37,37,0,42,94,72,87,53,80,73,45,79,73,74,67,80,65,71,87,88,50,79,9,37,47,29,84,68,75,50,58,77,87,57,92,74,73,61,94,35,
amt_gaming_vqa_dataset/Rg-0RGDeYT0_Terraria_1-30-55_1080p_10000k_h264_nvenc,37,36,1,41,91,82,91,43,78,100,59,77,86,73,67,80,74,56,94,88,50,48,45,60,79,50,unset,78,65,45,58,80,79,50,71,89,69,100,78,70,
amt_gaming_vqa_dataset/Htvk-lYcfXs_Rust_0-00_1080p_5000k_av1,37,37,0,87,92,64,75,60,78,100,65,71,97,82,55,70,70,35,19,92,88,57,92,87,63,70,80,82,78,97,72,70,55,49,69,70,52,99,85,78,
amt_gaming_vqa_dataset/Rg-0RGDeYT0_Terraria_1-30-55_1080p_500k_av1,37,37,0,41,43,41,66,34,63,51,22,34,63,34,45,79,31,67,91,80,45,51,46,46,72,30,37,69,38,32,50,67,71,62,68,29,56,77,50,25,
amt_gaming_vqa_dataset/Htvk-lYcfXs_Rust_0-00,37,35,2,75,64,69,96,55,91,78,unset,71,72,95,46,85,83,16,1,68,unset,61,87,77,71,85,37,87,72,87,57,75,83,50,91,71,54,55,93,68,
amt_gaming_vqa_dataset/0zLzWFrh3SI_WarRobots_2-22_720p_600k_hevc_nvenc,37,37,0,10,19,15,29,1,25,7,12,18,69,25,44,0,0,54,75,50,44,33,59,15,23,50,6,31,8,50,18,29,47,29,17,20,35,10,37,20,
amt_gaming_vqa_dataset/0zLzWFrh3SI_WarRobots_2-22_720p_3500k_hevc_nvenc,37,37,0,14,53,41,50,19,50,56,19,34,59,25,34,36,23,71,70,50,50,53,98,46,21,39,10,37,66,49,40,28,39,47,50,63,43,30,63,52,
amt_gaming_vqa_dataset/0zLzWFrh3SI_WarRobots_2-22_720p_1500k_hevc_nvenc,37,37,0,24,16,45,47,18,38,51,22,26,79,17,38,43,4,71,59,51,45,85,60,36,22,60,4,41,35,72,32,48,43,49,28,35,31,8,71,57,
amt_gaming_vqa_dataset/0zLzWFrh3SI_WarRobots_2-22_720p_5000k_h264_nvenc,37,37,0,22,45,50,50,21,26,41,26,23,82,34,42,66,39,89,78,51,77,30,59,23,19,62,5,41,33,50,28,40,45,70,35,37,53,40,77,66,
amt_gaming_vqa_dataset/0zLzWFrh3SI_WarRobots_2-22_720p_2500k_h264_nvenc,37,37,0,19,19,42,66,7,42,66,18,34,60,19,38,66,37,74,78,71,50,49,50,10,38,71,22,41,30,50,28,20,51,51,41,50,58,10,59,29,
amt_gaming_vqa_dataset/0zLzWFrh3SI_WarRobots_2-22_720p_1000k_h264_nvenc,37,37,0,30,44,22,40,7,33,7,17,18,84,6,39,34,17,20,64,50,36,45,55,16,50,31,17,26,12,50,20,29,39,30,9,34,30,0,18,25,
amt_gaming_vqa_dataset/0zLzWFrh3SI_WarRobots_2-22_720p_500k_av1,37,37,0,14,89,31,41,20,20,47,14,22,86,17,45,31,21,61,92,27,45,24,87,11,37,34,64,30,44,57,34,30,50,28,18,52,20,2,38,25,
amt_gaming_vqa_dataset/0zLzWFrh3SI_WarRobots_2-22_720p_3000k_av1,37,37,0,24,37,44,51,29,41,73,30,27,64,13,33,81,35,56,66,63,78,18,73,20,68,49,26,41,25,48,28,27,44,43,33,56,57,18,64,31,
amt_gaming_vqa_dataset/0zLzWFrh3SI_WarRobots_2-22_720p_1300k_av1,37,37,0,11,63,37,50,14,43,51,16,33,76,29,45,56,33,50,70,79,51,55,87,35,49,30,7,41,56,50,24,29,55,50,34,21,63,51,83,31,
amt_gaming_vqa_dataset/0zLzWFrh3SI_WarRobots_2-22,37,36,1,20,44,43,41,19,49,62,21,46,73,29,44,62,36,55,1,17,unset,51,50,23,69,67,25,31,38,69,46,35,49,42,20,65,27,29,77,25,
amt_gaming_vqa_dataset/lxGvk91jPbc_IceAgeVillage_8-00_1080p_800k_hevc_nvenc,37,37,0,63,93,88,71,41,72,59,65,68,77,71,53,64,75,40,68,79,73,69,78,63,68,70,72,50,39,74,66,73,55,71,63,81,88,69,73,71,
amt_gaming_vqa_dataset/lxGvk91jPbc_IceAgeVillage_8-00_1080p_6000k_hevc_nvenc,37,37,0,72,92,75,78,47,94,100,73,65,59,88,44,83,68,59,59,88,87,87,55,32,70,59,26,69,25,88,69,89,87,63,69,92,71,46,91,70,
amt_gaming_vqa_dataset/lxGvk91jPbc_IceAgeVillage_8-00_1080p_2000k_hevc_nvenc,37,37,0,73,89,67,93,61,64,100,77,80,72,53,46,77,59,87,61,85,93,84,93,65,73,40,63,59,64,78,52,91,78,61,69,92,96,57,70,62,
amt_gaming_vqa_dataset/lxGvk91jPbc_IceAgeVillage_8-00_1080p_5300k_h264_nvenc,37,37,0,62,92,95,77,60,74,100,68,72,81,92,65,60,83,71,70,78,87,80,59,54,78,78,71,78,78,87,58,94,77,59,74,97,91,68,83,78,
amt_gaming_vqa_dataset/lxGvk91jPbc_IceAgeVillage_8-00_1080p_2300k_h264_nvenc,37,37,0,61,42,80,69,50,75,91,54,77,76,88,52,77,78,88,67,87,50,76,77,59,66,58,65,78,36,81,58,79,83,59,64,84,52,71,70,73,
amt_gaming_vqa_dataset/lxGvk91jPbc_IceAgeVillage_8-00_1080p_10000k_h264_nvenc,37,37,0,73,81,86,87,62,98,93,66,73,76,62,69,55,45,84,78,81,93,80,100,55,60,70,85,78,35,78,66,89,80,59,76,95,96,68,75,70,
amt_gaming_vqa_dataset/lxGvk91jPbc_IceAgeVillage_8-00_1080p_500k_av1,37,37,0,74,91,89,92,44,63,81,75,69,64,74,63,25,64,72,93,87,71,90,55,22,60,22,79,69,64,85,69,76,77,62,65,99,73,60,83,69,
amt_gaming_vqa_dataset/lxGvk91jPbc_IceAgeVillage_8-00_1080p_5000k_av1,37,37,0,74,90,82,77,63,94,69,75,68,53,88,72,68,87,60,71,86,87,83,63,53,87,67,64,69,71,87,69,93,82,71,71,64,69,71,78,68,
amt_gaming_vqa_dataset/Htvk-lYcfXs_Rust_0-00_1080p_1500k_av1,37,37,0,74,67,83,86,52,58,83,65,56,81,78,54,8,74,66,14,51,88,66,87,68,69,67,65,59,28,86,71,59,61,61,61,93,83,53,66,70,
amt_gaming_vqa_dataset/8Xg2xP7BHnY_SuperMarioRun_2-55_360p_800k_h264_nvenc,37,37,0,50,92,80,78,42,83,94,69,76,39,90,53,40,59,78,90,45,95,55,86,70,68,59,73,68,50,69,68,74,73,74,80,100,100,80,75,68,
amt_gaming_vqa_dataset/Htvk-lYcfXs_Rust_0-00_1080p_500k_av1,37,37,0,74,56,40,63,28,29,39,18,33,99,41,45,15,31,60,61,61,59,80,87,14,73,31,31,35,21,87,66,52,41,28,26,80,49,22,78,72,
amt_gaming_vqa_dataset/2KQB-ua7ONs_WorldofWarcraft_0-04_720p_1000k_h264_nvenc,37,37,0,39,17,26,27,16,24,15,9,28,80,39,45,25,3,76,92,90,23,7,50,21,37,32,9,50,32,59,17,30,53,27,17,0,11,5,22,24,
amt_gaming_vqa_dataset/Rg-0RGDeYT0_Terraria_1-30-55_1080p_5000k_av1,37,37,0,41,92,73,91,74,83,100,73,67,73,93,66,68,81,26,70,84,87,85,45,49,78,68,18,69,37,50,61,78,70,54,71,93,72,82,65,71,
amt_gaming_vqa_dataset/Rg-0RGDeYT0_Terraria_1-30-55_1080p_1500k_av1,37,37,0,40,89,56,92,44,79,93,26,74,85,78,57,62,74,30,88,84,86,44,45,61,60,68,16,78,35,85,53,55,75,55,77,65,65,60,59,61,
amt_gaming_vqa_dataset/Rg-0RGDeYT0_Terraria_1-30-55,37,36,1,41,91,82,87,53,74,54,70,68,79,89,66,76,84,50,0,26,unset,55,46,38,73,45,44,69,65,50,55,71,75,58,73,88,55,70,87,78,
amt_gaming_vqa_dataset/2KQB-ua7ONs_WorldofWarcraft_0-04_720p_600k_hevc_nvenc,37,37,0,31,16,21,41,13,10,32,23,23,85,26,43,0,5,27,93,50,51,17,74,13,34,64,61,24,48,55,19,26,66,28,12,0,6,5,41,31,
amt_gaming_vqa_dataset/2KQB-ua7ONs_WorldofWarcraft_0-04_720p_3500k_hevc_nvenc,37,37,0,39,47,35,60,28,44,66,29,32,74,30,29,43,55,64,95,91,87,54,78,7,78,29,64,49,45,94,64,29,69,70,53,52,43,18,68,59,
amt_gaming_vqa_dataset/2KQB-ua7ONs_WorldofWarcraft_0-04_720p_1500k_hevc_nvenc,37,37,0,37,58,20,49,29,23,31,12,26,84,50,44,33,30,77,93,73,87,47,85,54,43,71,86,59,68,91,46,40,49,51,50,26,28,9,85,27,
amt_gaming_vqa_dataset/2KQB-ua7ONs_WorldofWarcraft_0-04_720p_5000k_h264_nvenc,37,37,0,40,36,33,49,35,30,80,20,40,63,43,35,33,64,57,94,39,87,35,50,32,77,30,37,68,72,80,43,44,71,43,59,40,6,42,76,43,
amt_gaming_vqa_dataset/2KQB-ua7ONs_WorldofWarcraft_0-04_720p_2500k_h264_nvenc,37,36,1,61,46,27,49,23,42,49,29,25,66,57,44,27,71,61,94,78,78,41,85,40,68,52,64,78,47,87,42,36,unset,28,41,38,27,6,78,68,
amt_gaming_vqa_dataset/2KQB-ua7ONs_WorldofWarcraft_0-04_720p_500k_av1,37,37,0,51,44,17,50,25,35,16,12,34,61,25,38,31,6,36,94,81,50,40,50,57,35,30,72,31,44,69,21,20,58,51,31,35,7,1,38,31,
amt_gaming_vqa_dataset/Htvk-lYcfXs_Rust_0-00_1080p_10000k_h264_nvenc,37,34,3,76,47,65,92,42,77,77,61,78,85,89,55,76,93,79,94,75,98,82,55,70,85,77,83,78,66,87,69,73,71,60,68,unset,84,unset,unset,78,
amt_gaming_vqa_dataset/2KQB-ua7ONs_WorldofWarcraft_0-04_720p_3000k_av1,37,37,0,50,57,45,61,23,37,46,34,24,80,48,36,32,86,68,95,77,87,50,56,76,47,31,82,69,49,79,57,40,75,59,61,60,60,23,82,53,
amt_gaming_vqa_dataset/2KQB-ua7ONs_WorldofWarcraft_0-04_720p_1300k_av1,37,37,0,35,22,38,44,32,48,49,21,23,79,22,33,27,69,73,93,81,50,45,54,31,50,31,82,40,64,77,47,28,53,50,56,46,43,32,56,74,
amt_gaming_vqa_dataset/2KQB-ua7ONs_WorldofWarcraft_0-04,37,36,1,41,46,57,63,34,38,50,32,32,90,57,39,57,66,29,94,86,unset,53,54,28,50,49,83,69,41,87,45,47,71,39,60,46,17,25,87,57,
amt_gaming_vqa_dataset/Htvk-lYcfXs_Rust_0-00_1080p_800k_hevc_nvenc,37,36,1,76,91,33,68,44,21,53,30,24,70,21,47,25,30,32,93,71,50,59,59,63,59,51,78,78,64,69,67,55,48,40,80,49,81,unset,65,69,
amt_gaming_vqa_dataset/Htvk-lYcfXs_Rust_0-00_1080p_6000k_hevc_nvenc,37,36,1,75,91,73,78,54,82,87,68,65,86,92,53,73,82,65,68,72,94,59,91,75,81,94,72,82,41,85,74,73,78,73,69,93,85,unset,77,74,
amt_gaming_vqa_dataset/Htvk-lYcfXs_Rust_0-00_1080p_2000k_hevc_nvenc,37,36,1,79,91,58,77,38,65,100,49,36,70,63,37,66,73,86,93,82,94,57,50,14,67,50,17,50,63,85,73,73,55,60,60,67,74,unset,83,65,
amt_gaming_vqa_dataset/Htvk-lYcfXs_Rust_0-00_1080p_5300k_h264_nvenc,37,33,4,75,66,33,78,30,55,73,65,34,70,50,48,8,64,60,unset,38,78,33,64,28,89,33,62,50,85,72,70,65,unset,51,31,78,86,unset,unset,72,
amt_gaming_vqa_dataset/Htvk-lYcfXs_Rust_0-00_1080p_2300k_h264_nvenc,37,33,4,28,unset,14,48,4,24,0,20,15,90,1,47,14,0,9,77,50,31,8,22,11,24,8,35,6,15,49,26,16,unset,30,13,11,0,unset,unset,18,
amt_gaming_vqa_dataset/npHnaTnSmwg_CitiesSkylines_8-12_480p_800k_hevc_nvenc,35,35,0,76,31,20,12,51,18,1,11,40,17,8,37,43,42,29,30,59,11,37,50,43,22,36,93,15,29,21,53,50,14,40,27,58,45,48,,,
amt_gaming_vqa_dataset/npHnaTnSmwg_CitiesSkylines_8-12_480p_1000k_h264_nvenc,35,35,0,63,29,32,3,22,24,61,30,43,26,35,43,38,31,29,49,49,19,20,23,31,59,18,91,16,28,20,50,43,16,36,36,46,39,49,,,
amt_gaming_vqa_dataset/npHnaTnSmwg_CitiesSkylines_8-12,35,34,1,63,42,22,34,46,29,35,22,37,47,64,36,47,43,42,66,50,20,unset,21,48,50,27,39,20,30,23,67,41,24,40,41,44,50,57,,,
amt_gaming_vqa_dataset/y_ZMN7neUo3Fk_EuroTruckSimulator2_4-20_480p_800k_hevc_nvenc,35,35,0,74,18,29,21,100,19,5,50,49,74,40,30,44,42,54,50,61,60,45,49,54,64,43,92,26,28,42,53,31,21,29,31,54,46,31,,,
amt_gaming_vqa_dataset/9Rc3Zpn491M_Terraria_3-49_720p_1000k_h264_nvenc,35,35,0,67,50,13,58,28,28,75,73,41,56,58,36,45,50,51,49,80,58,73,82,93,80,64,92,65,50,29,88,63,55,53,71,72,33,70,,,
amt_gaming_vqa_dataset/9Rc3Zpn491M_Terraria_3-49_720p_2500k_h264_nvenc,35,35,0,42,50,77,54,31,37,53,78,55,71,63,73,38,72,51,49,72,64,60,73,94,87,82,92,51,49,71,80,37,23,53,70,85,60,68,,,
amt_gaming_vqa_dataset/9Rc3Zpn491M_Terraria_3-49_720p_5000k_h264_nvenc,35,35,0,55,78,86,62,8,38,37,81,56,79,63,69,47,57,50,52,72,48,88,70,94,69,44,71,76,50,43,70,78,57,57,82,70,45,69,,,
amt_gaming_vqa_dataset/9Rc3Zpn491M_Terraria_3-49_720p_1500k_hevc_nvenc,35,35,0,63,77,50,60,10,34,59,83,53,69,65,56,44,72,49,29,72,25,64,84,91,69,46,90,58,50,57,54,50,65,59,78,70,38,71,,,
amt_gaming_vqa_dataset/9Rc3Zpn491M_Terraria_3-49_720p_3500k_hevc_nvenc,35,35,0,68,59,59,46,8,28,58,72,49,79,74,37,36,60,50,49,74,35,86,76,95,60,59,60,61,50,42,61,50,69,50,69,61,50,44,,,
amt_gaming_vqa_dataset/9Rc3Zpn491M_Terraria_3-49_720p_600k_hevc_nvenc,35,35,0,61,41,56,47,26,34,59,71,36,74,47,36,38,57,50,49,63,24,20,55,99,69,64,92,50,50,30,78,68,55,50,63,77,40,27,,,
amt_gaming_vqa_dataset/CVYN93MJDCE_Valheim_1-19-47,35,34,1,39,13,8,4,60,10,4,0,18,29,14,0,7,4,29,54,20,15,unset,15,11,63,12,12,0,5,21,0,15,0,25,12,0,20,20,,,
amt_gaming_vqa_dataset/rSx-85HOmJ0_WarRobots_2-39,35,34,1,63,26,29,20,50,18,7,0,41,3,14,8,35,13,29,51,35,34,unset,16,17,87,18,71,18,29,19,28,31,16,28,17,20,64,23,,,
amt_gaming_vqa_dataset/y_7W7VViKGxfY_Palworld_49-30_480p_1000k_av1,35,35,0,58,33,11,5,69,15,1,0,31,19,0,11,28,22,29,35,8,66,43,46,28,50,14,71,0,27,21,16,13,7,22,22,0,24,31,,,
amt_gaming_vqa_dataset/y_7W7VViKGxfY_Palworld_49-30_480p_1000k_h264_nvenc,35,33,2,54,19,12,0,unset,6,0,0,27,2,0,0,4,8,8,40,unset,42,23,5,24,36,12,45,0,29,9,0,22,18,17,9,0,25,21,,,
amt_gaming_vqa_dataset/y_7W7VViKGxfY_Palworld_49-30_480p_800k_hevc_nvenc,35,35,0,38,9,28,0,72,1,2,4,23,20,0,0,9,8,8,31,7,21,22,9,17,36,13,40,0,29,7,0,16,46,15,13,0,24,19,,,
amt_gaming_vqa_dataset/4ymuTNG1OiI_StarCraft_3-00,35,34,1,66,9,7,33,16,31,11,9,29,10,10,0,21,17,30,35,75,50,unset,59,41,55,29,92,11,7,21,18,24,8,30,18,0,41,26,,,
amt_gaming_vqa_dataset/y0vw8uGDQC4_WorldofWarcraft_1-55-05,35,34,1,48,11,4,0,42,0,16,1,29,7,4,0,7,0,18,61,20,33,unset,22,10,50,19,70,11,7,14,0,31,35,18,9,0,30,16,,,
amt_gaming_vqa_dataset/p0Q4nILzoTM_WarRobots_0-36,35,34,1,64,32,17,8,69,26,0,5,32,8,36,33,33,4,40,29,29,15,unset,23,23,87,33,60,21,29,12,20,31,2,29,13,28,26,19,,,
amt_gaming_vqa_dataset/p0Q4nILzoTM_WarRobots_0-36_480p_1000k_av1,35,35,0,67,22,8,22,70,17,15,40,32,0,38,24,26,0,16,71,21,13,39,32,9,68,24,64,5,30,8,0,31,6,20,13,31,60,16,,,
amt_gaming_vqa_dataset/p0Q4nILzoTM_WarRobots_0-36_480p_1000k_h264_nvenc,35,35,0,59,8,8,25,65,10,0,0,31,3,49,22,17,0,29,72,43,19,22,8,19,44,30,71,8,29,19,0,31,27,27,13,4,55,23,,,
amt_gaming_vqa_dataset/p0Q4nILzoTM_WarRobots_0-36_480p_800k_hevc_nvenc,35,35,0,64,16,22,0,70,27,0,0,32,0,32,0,21,0,29,51,31,69,18,29,13,50,26,60,13,2,6,0,27,10,25,16,32,35,19,,,
amt_gaming_vqa_dataset/z_W1NiVD-7g_FIFA_0-18,35,34,1,48,94,95,69,68,44,61,100,70,88,100,60,73,73,73,50,61,68,unset,46,59,99,72,58,50,72,72,100,78,23,87,82,82,74,63,,,
amt_gaming_vqa_dataset/z_W1NiVD-7g_FIFA_0-18_720p_1300k_av1,35,35,0,74,87,78,87,51,53,57,64,68,78,63,69,66,78,72,61,63,42,80,56,54,90,75,71,67,72,64,55,79,74,50,71,62,60,62,,,
amt_gaming_vqa_dataset/9Rc3Zpn491M_Terraria_3-49_720p_500k_av1,35,35,0,68,59,22,23,16,28,40,56,59,69,55,17,38,64,48,57,69,42,44,55,92,64,58,95,59,49,50,69,50,63,48,75,67,55,58,,,
amt_gaming_vqa_dataset/9Rc3Zpn491M_Terraria_3-49_720p_3000k_av1,35,35,0,56,64,87,66,9,30,73,79,52,88,84,64,45,65,50,41,84,56,69,60,91,85,59,71,58,49,49,67,60,65,58,69,67,36,56,,,
amt_gaming_vqa_dataset/9Rc3Zpn491M_Terraria_3-49_720p_1300k_av1,35,35,0,66,60,68,67,39,38,63,84,53,78,74,38,43,72,49,30,78,81,74,62,93,86,54,92,50,50,53,59,60,55,68,69,79,81,67,,,
amt_gaming_vqa_dataset/_D6-LFea-Tc_PUBGMobile_16-23,35,32,3,60,69,78,65,99,61,58,60,58,51,80,73,38,78,71,70,55,33,unset,79,56,87,35,0,79,73,64,60,87,unset,72,78,52,80,unset,,,
amt_gaming_vqa_dataset/2UAQjGphSYg_RollerCoasterTycoon3_6-27,35,34,1,64,9,5,1,34,25,1,29,29,2,43,22,13,12,28,20,29,69,unset,13,16,59,13,30,27,28,20,3,40,36,29,19,24,27,19,,,
amt_gaming_vqa_dataset/2UAQjGphSYg_RollerCoasterTycoon3_6-27_480p_1000k_av1,35,35,0,35,14,26,21,49,18,6,0,29,4,2,22,11,13,29,36,23,31,18,4,8,69,41,66,17,30,14,44,29,44,29,12,43,40,25,,,
amt_gaming_vqa_dataset/2UAQjGphSYg_RollerCoasterTycoon3_6-27_480p_1000k_h264_nvenc,35,35,0,55,9,30,5,96,16,12,0,28,2,15,9,37,22,30,62,28,77,46,17,10,78,20,93,31,28,24,0,50,45,23,22,54,28,28,,,
amt_gaming_vqa_dataset/2UAQjGphSYg_RollerCoasterTycoon3_6-27_480p_800k_hevc_nvenc,35,35,0,64,9,21,19,8,29,3,28,29,0,12,22,7,29,30,35,30,12,45,15,24,50,30,71,9,5,18,31,60,10,20,13,29,42,18,,,
amt_gaming_vqa_dataset/urp4-MUYmSw_IceAgeVillage_4-51,35,33,2,58,29,22,32,1,27,20,21,43,24,44,55,34,42,50,47,41,18,unset,48,52,93,47,88,30,26,17,46,35,unset,18,37,54,42,42,,,
amt_gaming_vqa_dataset/y_6Cpi_nAfJV4_TheSims3_27-33_480p_1000k_av1,35,35,0,62,65,69,58,72,52,63,88,47,74,55,70,36,69,50,50,84,66,77,66,49,93,36,91,54,49,69,66,78,82,45,63,63,59,67,,,
amt_gaming_vqa_dataset/y_6Cpi_nAfJV4_TheSims3_27-33_480p_1000k_h264_nvenc,35,35,0,72,67,63,75,95,29,72,69,43,78,74,55,31,64,50,66,77,36,59,57,48,94,55,93,46,43,58,69,54,69,50,50,91,45,69,,,
amt_gaming_vqa_dataset/y_6Cpi_nAfJV4_TheSims3_27-33_480p_800k_hevc_nvenc,35,35,0,64,59,59,60,41,53,61,53,43,51,75,72,37,74,71,50,72,70,54,69,56,95,46,90,56,50,72,65,59,80,45,65,85,55,55,,,
amt_gaming_vqa_dataset/_D6-LFea-Tc_PUBGMobile_16-23_1080p_1500k_av1,35,34,1,64,50,76,47,49,37,69,71,54,32,74,37,37,64,61,46,69,76,87,59,45,79,36,90,61,59,59,unset,50,76,53,50,78,55,40,,,
amt_gaming_vqa_dataset/9Rc3Zpn491M_Terraria_3-49,35,34,1,64,71,68,61,28,44,89,64,56,91,38,65,46,65,50,69,71,45,unset,77,93,69,56,8,61,49,31,50,69,28,76,71,75,44,70,,,
amt_gaming_vqa_dataset/_D6-LFea-Tc_PUBGMobile_16-23_1080p_5000k_av1,35,35,0,67,78,75,61,100,60,67,100,60,90,83,73,46,64,70,49,73,53,86,54,56,87,43,91,59,72,42,51,70,73,59,82,95,87,80,,,
amt_gaming_vqa_dataset/_D6-LFea-Tc_PUBGMobile_16-23_1080p_500k_av1,35,35,0,69,43,16,21,96,20,22,23,39,7,36,26,37,12,28,45,62,60,50,6,35,87,39,71,65,7,19,9,31,12,50,16,24,50,22,,,
amt_gaming_vqa_dataset/_D6-LFea-Tc_PUBGMobile_16-23_1080p_10000k_h264_nvenc,35,32,3,63,59,78,54,unset,54,52,70,64,89,67,45,39,78,60,65,56,47,93,60,58,87,39,93,54,50,64,75,78,unset,50,69,unset,68,71,,,
amt_gaming_vqa_dataset/_D6-LFea-Tc_PUBGMobile_16-23_1080p_2300k_h264_nvenc,35,34,1,76,32,29,12,unset,19,9,0,42,13,0,0,39,8,27,59,50,35,45,34,30,50,41,92,38,26,17,0,26,15,45,11,0,41,22,,,
amt_gaming_vqa_dataset/_D6-LFea-Tc_PUBGMobile_16-23_1080p_5300k_h264_nvenc,35,34,1,62,78,79,32,unset,36,47,96,48,38,78,59,37,65,42,68,65,46,96,68,44,86,44,92,64,72,57,94,78,74,50,62,68,71,80,,,
amt_gaming_vqa_dataset/_D6-LFea-Tc_PUBGMobile_16-23_1080p_2000k_hevc_nvenc,35,35,0,61,50,37,40,99,34,5,53,54,28,66,35,44,42,72,66,66,41,89,60,52,78,45,92,74,72,25,64,68,70,48,50,87,64,68,,,
amt_gaming_vqa_dataset/_D6-LFea-Tc_PUBGMobile_16-23_1080p_6000k_hevc_nvenc,35,34,1,65,78,71,59,98,63,66,91,61,71,87,78,47,62,72,56,69,24,87,82,54,94,42,92,60,74,68,unset,69,83,59,65,86,82,72,,,
amt_gaming_vqa_dataset/_D6-LFea-Tc_PUBGMobile_16-23_1080p_800k_hevc_nvenc,35,35,0,62,29,4,8,99,9,0,0,35,3,10,1,33,17,8,33,53,26,22,13,47,45,45,92,26,6,13,0,26,66,40,13,3,44,23,,,
amt_gaming_vqa_dataset/npHnaTnSmwg_CitiesSkylines_8-12_480p_1000k_av1,35,35,0,57,40,40,33,26,26,18,44,40,46,39,16,49,43,29,66,50,11,43,31,45,55,32,88,25,27,29,37,31,71,35,36,43,55,44,,,
amt_gaming_vqa_dataset/z_W1NiVD-7g_FIFA_0-18_720p_500k_av1,35,35,0,63,78,77,52,49,60,9,71,57,65,49,78,68,54,72,50,61,36,50,56,53,73,74,93,64,57,37,50,59,57,59,65,64,55,40,,,
amt_gaming_vqa_dataset/z_W1NiVD-7g_FIFA_0-18_720p_1000k_h264_nvenc,35,35,0,67,49,73,42,71,25,0,50,55,27,50,59,74,50,72,49,52,67,60,27,45,100,92,70,57,59,42,22,69,45,50,40,55,54,26,,,
amt_gaming_vqa_dataset/YXKn8BJn8Vs_FIFA_42-41_480p_800k_hevc_nvenc,35,35,0,47,8,29,17,36,14,8,0,38,38,8,31,37,13,50,48,50,4,43,16,29,59,31,90,17,28,13,0,35,33,38,13,32,34,25,,,
amt_gaming_vqa_dataset/S-r23tTygqY_EuroTruckSimulator2_14-36_720p_3500k_hevc_nvenc,35,35,0,74,59,60,56,97,39,59,82,57,76,86,44,39,68,49,55,88,70,87,45,53,59,40,92,50,41,23,100,69,69,50,45,71,64,59,,,
amt_gaming_vqa_dataset/S-r23tTygqY_EuroTruckSimulator2_14-36_720p_600k_hevc_nvenc,35,35,0,67,29,17,47,100,29,20,45,48,69,74,19,38,22,51,52,91,77,87,50,45,78,40,92,35,29,25,59,32,22,40,31,73,57,25,,,
amt_gaming_vqa_dataset/y_EQ25DFLTq3M_Cyberpunk2077_9-56_480p_1000k_av1,35,35,0,61,69,71,32,73,29,33,52,40,51,93,37,47,73,50,69,91,70,59,86,89,88,45,92,46,43,42,67,69,38,44,33,63,83,33,,,
amt_gaming_vqa_dataset/y_EQ25DFLTq3M_Cyberpunk2077_9-56_480p_1000k_h264_nvenc,35,34,1,62,31,8,2,unset,6,42,0,37,12,11,17,36,22,22,61,90,59,40,30,55,50,48,64,24,5,11,0,15,10,30,22,18,35,20,,,
amt_gaming_vqa_dataset/y_EQ25DFLTq3M_Cyberpunk2077_9-56_480p_800k_hevc_nvenc,35,35,0,44,49,10,34,72,14,44,8,46,27,32,17,39,42,51,66,69,57,46,32,52,50,48,93,32,29,21,64,31,53,31,35,43,75,32,,,
amt_gaming_vqa_dataset/YXKn8BJn8Vs_FIFA_42-41,35,34,1,56,29,40,25,47,15,0,28,34,55,5,8,33,18,43,58,50,16,unset,20,26,88,28,29,10,27,16,0,50,17,27,15,0,40,26,,,
amt_gaming_vqa_dataset/YXKn8BJn8Vs_FIFA_42-41_480p_1000k_av1,35,35,0,58,14,19,30,51,28,0,0,32,4,9,22,27,29,52,52,46,10,44,22,23,86,37,86,10,3,12,46,36,7,30,13,11,32,23,,,
amt_gaming_vqa_dataset/YXKn8BJn8Vs_FIFA_42-41_480p_1000k_h264_nvenc,35,35,0,67,41,12,28,56,18,28,0,31,4,0,17,34,4,41,50,25,27,27,18,16,68,31,91,21,28,18,0,34,18,30,9,3,25,17,,,
amt_gaming_vqa_dataset/y_4OaWY3t2N-M_Myst_8-25_480p_1000k_av1,35,35,0,58,50,38,7,95,34,22,12,46,48,7,13,40,29,28,65,70,28,50,45,45,86,36,71,25,26,10,20,50,25,50,20,46,75,15,,,
amt_gaming_vqa_dataset/S-r23tTygqY_EuroTruckSimulator2_14-36_720p_5000k_h264_nvenc,35,35,0,57,60,74,61,100,34,70,53,52,60,94,80,44,63,50,70,92,89,93,61,52,80,45,91,40,48,66,91,78,79,50,60,76,67,57,,,
amt_gaming_vqa_dataset/y_4OaWY3t2N-M_Myst_8-25_480p_800k_hevc_nvenc,35,35,0,48,23,18,20,99,36,0,0,33,14,0,3,38,0,11,63,34,12,39,35,41,56,17,65,15,27,15,10,40,7,33,16,22,59,20,,,
amt_gaming_vqa_dataset/y_4OaWY3t2N-M_Myst_8-25_480p_1000k_h264_nvenc,35,34,1,44,29,17,8,unset,15,0,0,33,11,0,0,12,0,7,57,29,59,46,14,40,72,41,60,1,7,12,0,30,32,29,10,0,53,21,,,
amt_gaming_vqa_dataset/src4ZsbyOF8_CitiesSkylines_17-51,35,34,1,64,41,50,41,49,47,89,33,42,22,44,61,45,30,50,60,90,68,unset,50,59,99,37,94,31,54,34,53,51,28,35,39,93,61,34,,,
amt_gaming_vqa_dataset/y_EQ25DFLTq3M_Cyberpunk2077_25-15_480p_1000k_av1,35,35,0,74,41,29,41,69,4,11,28,54,52,54,50,37,63,50,70,90,37,55,69,74,92,38,92,26,30,18,51,50,33,41,41,49,88,40,,,
amt_gaming_vqa_dataset/y_EQ25DFLTq3M_Cyberpunk2077_25-15_480p_1000k_h264_nvenc,35,33,2,63,29,21,67,unset,13,0,0,49,4,11,16,35,57,28,56,unset,29,13,85,52,63,22,59,7,27,15,28,32,18,29,13,44,68,18,,,
amt_gaming_vqa_dataset/y_EQ25DFLTq3M_Cyberpunk2077_25-15_480p_800k_hevc_nvenc,35,35,0,41,40,13,15,99,11,10,0,57,13,37,36,38,42,29,61,59,65,43,56,82,86,23,92,14,12,12,36,40,64,29,31,36,73,38,,,
amt_gaming_vqa_dataset/y_ZMN7neUo3Fk_EuroTruckSimulator2_4-20_480p_1000k_av1,35,35,0,68,41,41,23,44,29,11,37,52,46,65,50,36,52,52,52,70,71,60,51,48,50,37,92,40,29,58,65,36,44,44,60,89,87,71,,,
amt_gaming_vqa_dataset/y_ZMN7neUo3Fk_EuroTruckSimulator2_4-20_480p_1000k_h264_nvenc,35,34,1,44,13,18,41,unset,24,16,6,50,3,39,35,36,42,51,51,50,63,45,46,45,79,47,72,22,29,20,51,32,36,30,29,49,70,50,,,
amt_gaming_vqa_dataset/S-r23tTygqY_EuroTruckSimulator2_14-36_720p_1500k_hevc_nvenc,35,35,0,74,36,47,38,97,33,71,50,55,89,56,50,38,64,52,70,91,78,59,59,45,65,43,90,59,29,58,90,50,55,50,49,67,62,54,,,
amt_gaming_vqa_dataset/S-r23tTygqY_EuroTruckSimulator2_14-36_720p_2500k_h264_nvenc,35,35,0,65,50,40,51,96,34,68,73,60,77,79,68,39,68,50,66,91,76,93,53,46,78,47,93,42,44,70,63,69,63,54,37,66,67,42,,,
amt_gaming_vqa_dataset/z_W1NiVD-7g_FIFA_0-18_720p_2500k_h264_nvenc,35,35,0,74,77,96,60,52,56,75,78,68,42,77,88,75,64,73,59,62,68,92,55,46,87,74,70,40,72,43,77,69,24,59,66,75,64,51,,,
amt_gaming_vqa_dataset/cvGOodnd-S8_StarCraft_13-46_1080p_10000k_h264_nvenc,35,31,4,unset,79,95,63,unset,66,100,94,62,87,77,78,65,78,72,48,84,78,96,83,93,89,78,unset,89,71,70,95,69,unset,51,66,94,82,68,,,
amt_gaming_vqa_dataset/z_W1NiVD-7g_FIFA_0-18_720p_5000k_h264_nvenc,35,34,1,67,92,76,35,49,63,89,65,71,83,65,83,73,75,72,53,61,23,87,66,62,89,71,70,65,72,68,67,83,80,59,68,75,66,unset,,,
amt_gaming_vqa_dataset/z_W1NiVD-7g_FIFA_0-18_720p_1500k_hevc_nvenc,35,35,0,73,81,91,62,47,61,47,76,68,78,83,71,75,63,73,41,54,39,98,59,53,92,74,78,62,72,57,50,69,56,71,65,63,50,70,,,
amt_gaming_vqa_dataset/z_W1NiVD-7g_FIFA_0-18_720p_3500k_hevc_nvenc,35,35,0,71,87,91,67,52,70,56,69,60,88,89,59,66,74,72,51,61,30,91,60,51,100,73,72,75,71,66,100,69,44,59,70,60,82,44,,,
amt_gaming_vqa_dataset/z_W1NiVD-7g_FIFA_0-18_720p_600k_hevc_nvenc,35,35,0,65,59,78,44,93,57,15,64,63,31,34,45,80,53,71,47,55,56,59,55,60,87,62,70,54,38,41,58,50,29,50,51,45,50,50,,,
amt_gaming_vqa_dataset/cvGOodnd-S8_StarCraft_13-46,35,34,1,73,77,80,30,10,66,90,93,59,88,73,78,58,84,71,94,86,67,unset,75,99,87,75,7,53,73,68,89,68,82,62,59,100,80,71,,,
amt_gaming_vqa_dataset/cvGOodnd-S8_StarCraft_13-46_1080p_1500k_av1,35,35,0,62,91,82,42,18,70,70,75,64,72,89,83,47,69,50,89,88,48,87,87,93,87,68,70,73,58,68,47,78,75,60,69,74,82,71,,,
amt_gaming_vqa_dataset/cvGOodnd-S8_StarCraft_13-46_1080p_5000k_av1,35,35,0,66,90,81,60,25,61,69,93,59,34,75,74,73,73,72,100,92,58,94,75,94,87,74,90,67,73,66,86,78,36,50,78,94,74,75,,,
amt_gaming_vqa_dataset/cvGOodnd-S8_StarCraft_13-46_1080p_500k_av1,35,35,0,66,70,44,59,10,36,88,69,58,79,74,46,48,58,59,49,75,55,93,75,92,87,77,59,64,58,44,69,50,71,50,66,86,72,73,,,
amt_gaming_vqa_dataset/cvGOodnd-S8_StarCraft_13-46_1080p_2300k_h264_nvenc,35,34,1,48,77,64,68,unset,37,71,82,59,86,86,74,46,74,71,74,92,69,85,69,94,87,74,71,73,63,31,69,50,85,55,53,94,77,67,,,
amt_gaming_vqa_dataset/S-r23tTygqY_EuroTruckSimulator2_14-36_720p_1000k_h264_nvenc,35,35,0,69,22,26,44,100,33,20,41,57,59,44,43,35,12,29,61,66,56,73,43,53,78,36,91,48,30,20,50,69,33,40,28,68,49,43,,,
amt_gaming_vqa_dataset/cvGOodnd-S8_StarCraft_13-46_1080p_5300k_h264_nvenc,35,34,1,76,78,87,68,unset,52,90,93,64,88,75,55,52,61,71,93,89,56,90,57,94,87,74,59,74,51,66,60,64,79,51,75,72,79,68,,,
amt_gaming_vqa_dataset/cvGOodnd-S8_StarCraft_13-46_1080p_2000k_hevc_nvenc,35,35,0,76,75,77,64,28,53,89,84,50,90,78,76,52,72,71,84,79,65,90,87,93,87,59,72,74,72,54,70,68,75,71,60,93,76,73,,,
amt_gaming_vqa_dataset/cvGOodnd-S8_StarCraft_13-46_1080p_6000k_hevc_nvenc,35,35,0,58,78,88,79,30,52,51,83,59,89,83,92,54,82,70,91,91,59,88,81,93,93,77,60,76,73,66,56,78,77,50,70,71,85,72,,,
amt_gaming_vqa_dataset/cvGOodnd-S8_StarCraft_13-46_1080p_800k_hevc_nvenc,35,35,0,65,62,20,37,30,7,47,0,48,44,35,9,47,16,72,49,60,55,69,55,90,63,64,92,35,31,16,51,31,18,37,24,63,56,72,,,
amt_gaming_vqa_dataset/S-r23tTygqY_EuroTruckSimulator2_14-36,35,33,2,57,71,40,30,97,34,75,73,55,unset,100,50,39,64,50,60,90,78,unset,46,43,86,45,29,63,27,54,90,40,78,55,53,55,70,57,,,
amt_gaming_vqa_dataset/S-r23tTygqY_EuroTruckSimulator2_14-36_720p_1300k_av1,35,35,0,71,59,50,66,53,29,45,51,57,89,68,60,44,57,56,50,89,85,87,53,51,59,46,91,45,44,43,65,50,55,45,44,61,84,60,,,
amt_gaming_vqa_dataset/S-r23tTygqY_EuroTruckSimulator2_14-36_720p_3000k_av1,35,35,0,60,56,70,40,100,29,57,50,48,82,77,54,37,57,51,65,91,29,88,60,47,87,45,89,54,58,58,100,59,74,46,48,58,71,68,,,
amt_gaming_vqa_dataset/S-r23tTygqY_EuroTruckSimulator2_14-36_720p_500k_av1,35,35,0,63,34,34,60,94,33,68,30,55,31,77,36,44,31,50,51,90,70,60,56,55,77,42,93,77,29,28,92,41,26,47,41,54,71,27,,,
amt_gaming_vqa_dataset/z_W1NiVD-7g_FIFA_0-18_720p_3000k_av1,35,35,0,78,90,77,69,57,79,78,85,59,87,95,73,66,74,73,51,64,63,93,50,55,88,66,69,44,71,69,50,87,30,59,69,56,62,69,,,
