video_name,total_ratings_count,valid_ratings_count,unset_count,final_rate1,final_rate2,final_rate3,final_rate4,final_rate5,final_rate6,final_rate7,final_rate8,final_rate9,final_rate10,final_rate11,final_rate12,final_rate13,final_rate14,final_rate15,final_rate16,final_rate17,final_rate18,final_rate19,final_rate20,final_rate21,final_rate22,final_rate23,final_rate24,final_rate25,final_rate26,final_rate27,final_rate28,final_rate29,final_rate30,final_rate31,final_rate32,final_rate33,final_rate34,final_rate35,final_rate36,final_rate37,final_rate38,final_rate39,final_rate40,final_rate41,final_rate42,final_rate43,final_rate44
amt_gaming_vqa_dataset/y_5tz8uqo0dJA_Terraria_45-30_480p_800k_hevc_nvenc,44,44,0,38,91,44,38,50,59,26,31,71,21,44,71,51,40,63,61,50,59,58,47,86,62,55,75,46,42,53,78,8,9,52,93,59,51,28,69,41,29,29,25,52,61,55,80
amt_gaming_vqa_dataset/4fLYHpxkqSc_MarioKartTour_0-08_720p_1000k_h264_nvenc,44,44,0,28,51,32,48,50,55,53,24,72,39,30,11,44,37,12,0,29,19,17,23,15,27,0,73,34,15,27,0,31,9,32,31,44,9,55,24,15,45,19,40,37,42,33,36
amt_gaming_vqa_dataset/4fLYHpxkqSc_MarioKartTour_0-08_720p_5000k_h264_nvenc,44,43,1,68,91,57,58,78,82,100,74,83,59,unset,82,72,39,56,73,72,95,83,68,87,68,100,97,58,75,100,88,7,52,65,85,78,83,76,65,66,60,77,67,61,55,81,77
amt_gaming_vqa_dataset/4fLYHpxkqSc_MarioKartTour_0-08_720p_1500k_hevc_nvenc,44,44,0,59,91,52,62,87,87,88,77,86,51,78,73,70,47,66,69,72,82,67,59,87,66,69,97,41,76,100,75,49,50,59,67,79,68,79,69,66,59,70,68,61,62,81,76
amt_gaming_vqa_dataset/4fLYHpxkqSc_MarioKartTour_0-08_720p_3500k_hevc_nvenc,44,44,0,76,93,73,57,78,81,100,81,83,63,69,75,72,37,78,75,71,87,69,62,88,69,86,97,87,62,88,100,73,26,83,68,84,72,68,80,68,50,76,83,65,79,86,80
amt_gaming_vqa_dataset/4fLYHpxkqSc_MarioKartTour_0-08_720p_600k_hevc_nvenc,44,44,0,68,78,51,57,87,87,73,61,57,62,63,73,49,27,43,33,28,63,63,31,45,50,69,97,42,37,64,61,44,54,40,67,64,17,71,18,55,51,32,50,52,55,66,75
amt_gaming_vqa_dataset/1D9805Q-9dw_SonicDash_0-00_480p_1000k_av1,44,44,0,50,88,73,48,55,55,85,63,59,67,43,27,69,38,66,57,8,45,43,43,29,42,80,73,77,77,69,44,63,50,83,95,72,34,76,63,89,51,37,64,28,62,68,69
amt_gaming_vqa_dataset/1D9805Q-9dw_SonicDash_0-00_480p_1000k_h264_nvenc,44,43,1,14,71,45,40,37,18,27,11,84,60,unset,0,0,36,15,0,27,30,18,12,30,15,0,66,16,3,4,7,8,29,30,0,22,2,6,12,10,29,18,22,19,31,22,45
amt_gaming_vqa_dataset/1D9805Q-9dw_SonicDash_0-00_480p_800k_hevc_nvenc,44,44,0,50,77,47,58,77,44,86,27,80,70,22,34,40,39,66,12,31,44,48,48,8,44,50,97,86,56,35,13,13,30,29,61,55,54,43,42,77,50,47,55,24,46,67,46
amt_gaming_vqa_dataset/HBsmPxVekbc_MarioKartTour_9-18,44,43,1,30,49,19,20,18,17,unset,29,69,31,18,9,0,20,0,0,29,30,6,12,7,22,51,79,41,8,10,14,9,7,3,30,20,0,3,22,37,12,9,9,9,32,19,28
amt_gaming_vqa_dataset/DRDQM3rRl14_Minecraft_11-30,44,43,1,69,92,34,39,94,59,unset,15,83,63,24,75,50,21,56,73,49,48,40,39,49,65,49,74,54,36,48,60,50,10,50,86,42,37,24,20,49,47,30,28,47,61,52,39
amt_gaming_vqa_dataset/-0YyCVvKilw_IceAgeVillage_4-40,44,42,2,41,70,21,36,69,52,unset,0,10,59,unset,19,49,38,41,0,28,42,17,22,35,14,35,97,55,68,25,82,31,8,33,49,22,57,19,25,77,19,26,28,28,48,45,63
amt_gaming_vqa_dataset/lxGvk91jPbc_IceAgeVillage_1-37,44,41,3,78,8,65,78,unset,69,unset,84,80,59,unset,82,70,56,71,86,73,71,70,69,57,74,93,97,82,91,83,70,69,50,72,93,64,79,67,72,48,78,90,74,66,60,73,47
amt_gaming_vqa_dataset/lxGvk91jPbc_IceAgeVillage_1-37_1080p_1500k_av1,44,44,0,71,78,85,75,93,69,86,81,71,69,77,72,69,37,60,73,73,62,68,76,70,76,59,97,87,78,98,80,58,61,74,95,75,73,74,80,35,49,74,60,63,87,79,79
amt_gaming_vqa_dataset/lxGvk91jPbc_IceAgeVillage_1-37_1080p_5000k_av1,44,44,0,31,70,91,68,87,69,90,18,90,57,66,73,72,39,83,74,72,61,73,64,53,71,100,97,92,88,94,84,45,70,66,89,79,85,76,73,51,72,83,88,64,78,74,79
amt_gaming_vqa_dataset/lxGvk91jPbc_IceAgeVillage_1-37_1080p_500k_av1,44,44,0,27,63,75,75,78,72,64,7,61,58,63,83,71,47,75,75,72,50,72,64,50,69,57,97,81,61,79,69,54,55,68,87,55,45,77,48,65,50,77,59,64,69,71,78
amt_gaming_vqa_dataset/lxGvk91jPbc_IceAgeVillage_1-37_1080p_10000k_h264_nvenc,44,41,3,76,67,69,78,87,84,63,76,77,51,unset,88,72,47,74,79,71,61,70,72,50,75,unset,unset,73,78,94,70,79,71,73,100,63,74,72,73,40,55,73,69,69,91,74,80
amt_gaming_vqa_dataset/lxGvk91jPbc_IceAgeVillage_1-37_1080p_2300k_h264_nvenc,44,44,0,59,64,45,84,78,83,72,74,60,68,74,77,72,46,84,67,30,46,62,55,69,55,73,97,82,65,87,70,61,74,72,49,71,63,81,69,41,40,79,74,64,81,75,55
amt_gaming_vqa_dataset/lxGvk91jPbc_IceAgeVillage_1-37_1080p_5300k_h264_nvenc,44,44,0,50,70,93,77,87,70,88,4,52,59,83,83,73,45,94,62,72,65,66,46,68,70,92,97,87,77,84,78,49,71,84,90,71,69,72,59,43,59,78,80,69,69,75,61
amt_gaming_vqa_dataset/lxGvk91jPbc_IceAgeVillage_1-37_1080p_2000k_hevc_nvenc,44,44,0,70,64,75,76,73,72,69,71,67,50,77,64,73,44,100,65,72,52,73,59,68,65,66,71,92,79,0,78,49,63,69,68,69,73,72,74,36,44,56,69,61,74,72,70
amt_gaming_vqa_dataset/lxGvk91jPbc_IceAgeVillage_1-37_1080p_6000k_hevc_nvenc,44,44,0,73,66,75,76,78,60,97,87,82,62,78,81,70,38,88,74,71,63,65,63,68,71,68,97,98,69,74,71,49,56,73,89,69,82,67,71,43,60,92,70,63,73,71,61
amt_gaming_vqa_dataset/4fLYHpxkqSc_MarioKartTour_0-08_720p_2500k_h264_nvenc,44,43,1,38,92,67,unset,96,78,89,73,83,59,84,69,58,40,80,77,72,88,69,71,49,57,75,80,59,61,89,81,55,51,50,88,77,71,81,73,57,63,76,42,60,56,74,59
amt_gaming_vqa_dataset/4fLYHpxkqSc_MarioKartTour_0-08_720p_500k_av1,44,44,0,50,86,50,55,78,66,63,78,93,61,69,58,72,43,62,76,71,67,72,66,85,41,68,97,60,54,78,88,63,56,38,64,78,47,72,69,72,50,67,65,60,64,79,47
amt_gaming_vqa_dataset/y_5tz8uqo0dJA_Terraria_45-30_480p_1000k_av1,44,44,0,65,92,54,38,44,57,21,34,36,22,64,58,44,39,70,61,51,60,45,44,59,42,100,97,87,90,50,69,9,11,38,76,73,36,66,61,38,39,26,71,48,59,64,69
amt_gaming_vqa_dataset/4fLYHpxkqSc_MarioKartTour_0-08_720p_3000k_av1,44,44,0,77,91,61,49,87,91,95,84,71,59,70,82,60,37,81,85,72,77,69,60,87,55,98,97,69,53,100,72,71,57,73,92,75,40,74,70,56,60,83,71,60,50,83,66
amt_gaming_vqa_dataset/y_QgRoVX1cYvk_Myst_9-18_480p_1000k_h264_nvenc,44,43,1,20,90,33,29,32,9,37,23,7,29,unset,0,0,23,23,0,9,0,15,8,8,12,0,69,78,10,12,10,7,9,18,0,26,3,4,29,6,45,15,13,15,41,27,32
amt_gaming_vqa_dataset/y_QgRoVX1cYvk_Myst_9-18_480p_800k_hevc_nvenc,44,44,0,42,90,34,35,45,40,51,0,90,31,9,19,28,27,60,0,7,14,21,11,8,32,48,84,11,65,14,33,7,8,7,0,26,10,19,21,18,40,10,22,25,44,18,42
amt_gaming_vqa_dataset/y_5zWGVNQx3gw_Gardenscapes_17-25_480p_1000k_av1,44,43,1,69,92,71,40,87,47,89,81,75,87,43,69,70,46,78,88,72,40,62,68,86,70,93,97,57,unset,64,90,74,23,64,94,69,92,68,70,88,53,63,59,46,71,66,77
amt_gaming_vqa_dataset/y_5zWGVNQx3gw_Gardenscapes_17-25_480p_800k_hevc_nvenc,44,44,0,91,95,63,39,78,56,68,66,71,71,43,4,55,37,50,70,59,36,58,57,50,67,93,97,73,60,68,38,38,9,55,71,61,45,18,59,24,52,37,50,28,61,57,48
amt_gaming_vqa_dataset/y_5zWGVNQx3gw_Gardenscapes_17-25_480p_1000k_h264_nvenc,44,44,0,83,93,52,50,50,50,87,73,45,72,44,66,27,43,73,77,60,59,43,51,50,56,72,97,86,60,40,48,23,30,33,70,44,63,21,58,61,50,33,41,24,65,53,65
amt_gaming_vqa_dataset/cn1gXylV3CY_CallofDutyMobile_0-01,44,43,1,29,16,28,38,45,47,unset,2,82,77,6,15,27,29,44,20,29,32,10,13,29,30,50,71,20,13,21,50,8,9,17,25,27,17,9,25,39,34,29,13,28,36,28,56
amt_gaming_vqa_dataset/cn1gXylV3CY_CallofDutyMobile_0-01_480p_1000k_av1,44,44,0,50,59,21,40,50,20,64,15,24,41,13,12,0,10,39,24,7,19,22,14,27,59,67,77,11,18,19,41,9,10,18,68,31,39,10,30,17,30,13,21,27,38,56,65
amt_gaming_vqa_dataset/cn1gXylV3CY_CallofDutyMobile_0-01_480p_1000k_h264_nvenc,44,43,1,43,72,24,31,36,31,55,15,23,68,unset,0,29,37,27,0,0,27,16,16,7,42,0,75,11,27,21,20,7,9,7,41,20,27,11,14,27,29,13,25,27,41,31,50
amt_gaming_vqa_dataset/cn1gXylV3CY_CallofDutyMobile_0-01_480p_800k_hevc_nvenc,44,44,0,29,90,8,36,18,19,50,77,38,58,6,79,28,34,30,0,29,3,21,22,30,21,49,84,31,27,19,30,10,9,34,75,13,1,8,21,34,36,16,31,23,39,30,71
amt_gaming_vqa_dataset/izjN-qGUBTE_CallofDutyMobile_0-00,44,43,1,39,1,29,38,50,50,unset,34,54,44,22,0,41,30,27,10,29,21,26,13,28,23,60,97,31,14,25,59,9,9,9,24,32,22,25,25,70,48,11,30,21,43,31,47
amt_gaming_vqa_dataset/izjN-qGUBTE_CallofDutyMobile_0-00_480p_1000k_av1,44,44,0,16,78,25,36,56,48,46,10,78,34,18,10,28,16,47,0,0,39,28,13,10,20,59,84,17,24,16,0,9,8,32,0,26,53,14,52,37,40,17,40,19,47,40,30
amt_gaming_vqa_dataset/izjN-qGUBTE_CallofDutyMobile_0-00_480p_1000k_h264_nvenc,44,43,1,31,40,27,37,50,46,50,7,38,31,unset,0,0,8,1,20,0,30,4,19,29,18,0,97,4,17,21,9,13,10,12,38,20,6,20,22,41,36,9,13,18,37,33,46
amt_gaming_vqa_dataset/izjN-qGUBTE_CallofDutyMobile_0-00_480p_800k_hevc_nvenc,44,44,0,26,75,29,38,51,50,72,17,28,45,17,16,0,21,30,0,8,36,17,20,46,28,27,86,19,24,22,31,9,9,26,38,37,34,7,30,28,40,16,32,9,46,47,63
amt_gaming_vqa_dataset/GPCdNgg57wU_SubwaySurfers_0-08,44,43,1,87,40,75,49,78,79,unset,29,12,95,51,61,49,44,69,68,9,55,64,68,49,67,75,97,44,87,73,72,46,55,66,89,85,44,76,69,50,50,52,77,46,71,72,64
amt_gaming_vqa_dataset/GPCdNgg57wU_SubwaySurfers_0-08_480p_1000k_av1,44,44,0,76,94,52,60,92,91,69,65,34,95,42,33,28,47,94,82,70,52,62,31,85,66,84,97,56,46,60,32,55,21,68,100,77,63,47,68,64,53,80,69,25,57,72,86
amt_gaming_vqa_dataset/GPCdNgg57wU_SubwaySurfers_0-08_480p_1000k_h264_nvenc,44,43,1,16,92,57,48,55,78,59,9,68,100,unset,23,26,45,71,0,0,13,30,23,32,43,47,97,40,27,29,11,10,33,35,8,46,23,7,31,36,27,32,43,11,57,32,66
amt_gaming_vqa_dataset/GPCdNgg57wU_SubwaySurfers_0-08_480p_800k_hevc_nvenc,44,44,0,28,92,66,48,87,81,84,16,80,93,16,17,28,31,89,9,28,50,44,41,49,45,63,97,17,33,54,66,55,31,38,72,55,56,17,68,44,53,36,53,19,65,47,79
amt_gaming_vqa_dataset/4fLYHpxkqSc_MarioKartTour_0-08,44,42,2,88,0,59,56,87,75,unset,67,84,57,82,89,71,47,73,77,71,96,71,70,87,71,73,97,47,60,97,91,65,61,80,88,88,81,70,68,85,59,75,88,67,69,84,unset
amt_gaming_vqa_dataset/4fLYHpxkqSc_MarioKartTour_0-08_720p_1300k_av1,44,44,0,68,92,55,58,78,79,86,67,66,54,81,76,72,40,77,79,72,95,69,68,87,69,93,75,87,56,100,72,53,59,70,92,78,89,77,71,83,70,91,67,65,58,82,80
amt_gaming_vqa_dataset/lxGvk91jPbc_IceAgeVillage_1-37_1080p_800k_hevc_nvenc,44,44,0,50,69,56,47,86,77,53,71,77,50,64,88,72,38,36,83,72,38,61,18,50,52,94,97,97,72,79,82,47,67,26,67,52,61,72,73,44,44,29,43,64,70,49,34
amt_gaming_vqa_dataset/y_5tz8uqo0dJA_Terraria_45-30_480p_1000k_h264_nvenc,44,44,0,65,93,68,36,27,54,63,38,53,28,33,37,51,35,79,74,50,61,56,58,68,51,82,82,30,75,52,90,9,10,45,94,73,41,55,35,61,40,29,41,55,44,65,60
amt_gaming_vqa_dataset/y_upjjObZ950Y_DiabloIII_13-35_480p_800k_hevc_nvenc,44,44,0,72,93,30,47,87,58,27,36,65,79,31,22,50,37,25,12,27,29,39,12,30,12,20,71,31,43,21,46,50,58,45,35,36,58,24,22,61,16,11,54,35,72,51,46
amt_gaming_vqa_dataset/h2iS-DyFDH0_TheSims3_3-37_720p_500k_av1,44,44,0,62,88,28,38,50,54,26,17,60,50,23,0,30,38,49,31,9,28,14,25,26,59,50,81,22,23,31,47,8,9,23,72,27,19,20,67,15,28,15,50,55,31,33,39
amt_gaming_vqa_dataset/h2iS-DyFDH0_TheSims3_3-37_720p_2500k_h264_nvenc,44,44,0,80,91,40,40,78,53,63,0,52,50,27,25,29,28,66,17,28,47,27,41,49,21,78,74,44,46,57,71,33,10,40,54,46,55,27,59,31,40,20,43,47,67,49,65
amt_gaming_vqa_dataset/h2iS-DyFDH0_TheSims3_3-37_720p_5000k_h264_nvenc,44,43,1,59,50,33,40,50,46,94,24,79,46,unset,22,29,38,72,15,28,31,28,36,50,51,100,75,27,30,54,63,51,9,60,86,35,42,24,41,34,29,43,46,38,50,47,30
amt_gaming_vqa_dataset/h2iS-DyFDH0_TheSims3_3-37_720p_1500k_hevc_nvenc,44,44,0,68,50,38,40,78,48,50,28,71,36,22,15,41,36,53,22,0,38,31,35,50,29,50,65,45,45,40,74,66,8,48,65,37,46,32,43,25,24,34,46,47,55,48,66
amt_gaming_vqa_dataset/h2iS-DyFDH0_TheSims3_3-37_720p_3500k_hevc_nvenc,44,43,1,50,90,39,32,68,55,87,17,33,40,13,16,45,25,51,14,31,40,32,49,50,55,58,54,16,unset,35,53,9,8,27,73,37,39,33,46,19,29,35,47,35,45,38,30
amt_gaming_vqa_dataset/h2iS-DyFDH0_TheSims3_3-37_720p_600k_hevc_nvenc,44,44,0,40,89,27,37,36,52,45,15,72,45,12,0,30,38,45,11,28,32,20,26,30,45,64,79,31,26,29,60,51,9,65,66,28,30,11,41,49,23,16,28,38,43,35,57
amt_gaming_vqa_dataset/CRVZs3A8U3s_FIFA_2-00,44,41,3,61,4,54,77,87,82,unset,64,77,90,unset,66,52,57,89,73,71,81,70,42,87,66,86,80,83,77,96,73,64,58,76,68,79,91,73,70,78,78,74,68,61,74,69,unset
amt_gaming_vqa_dataset/CRVZs3A8U3s_FIFA_2-00_1080p_1500k_av1,44,44,0,72,91,93,65,87,85,87,80,61,86,78,65,70,63,96,75,71,33,70,63,50,55,50,80,96,73,79,92,49,53,65,66,72,64,40,71,70,50,60,73,43,74,66,78
amt_gaming_vqa_dataset/CRVZs3A8U3s_FIFA_2-00_1080p_5000k_av1,44,44,0,59,40,84,68,87,82,87,65,79,92,77,76,60,47,72,65,71,69,72,65,87,74,69,82,93,57,91,93,73,59,55,93,79,94,72,77,91,52,72,69,53,71,72,80
amt_gaming_vqa_dataset/CRVZs3A8U3s_FIFA_2-00_1080p_500k_av1,44,43,1,61,87,48,71,87,73,55,16,72,89,26,66,51,48,79,73,71,61,41,43,48,41,unset,78,87,43,66,91,32,29,70,32,75,40,67,57,32,54,40,36,42,57,69,59
amt_gaming_vqa_dataset/CRVZs3A8U3s_FIFA_2-00_1080p_10000k_h264_nvenc,44,42,2,58,88,55,73,87,79,96,84,68,100,unset,74,51,54,69,74,71,71,68,72,87,71,93,73,92,72,85,91,unset,59,68,69,78,81,66,72,57,72,83,79,51,63,76,71
amt_gaming_vqa_dataset/CRVZs3A8U3s_FIFA_2-00_1080p_2300k_h264_nvenc,44,44,0,71,89,63,68,87,58,89,81,83,88,79,81,58,65,61,44,71,72,64,49,50,71,50,77,94,72,78,72,48,54,69,33,74,73,61,74,71,70,72,55,43,50,69,47
amt_gaming_vqa_dataset/CRVZs3A8U3s_FIFA_2-00_1080p_5300k_h264_nvenc,44,42,2,75,unset,89,72,87,80,87,65,80,89,unset,82,51,64,89,83,59,68,67,69,68,68,93,79,93,80,78,71,66,55,77,18,72,83,70,73,44,70,79,73,48,82,70,63
amt_gaming_vqa_dataset/CRVZs3A8U3s_FIFA_2-00_1080p_2000k_hevc_nvenc,44,44,0,50,92,45,68,87,72,88,72,50,87,85,73,59,48,85,67,71,60,70,65,68,76,68,87,90,79,77,65,59,72,55,69,69,84,36,75,68,68,40,59,37,70,69,65
amt_gaming_vqa_dataset/CRVZs3A8U3s_FIFA_2-00_1080p_6000k_hevc_nvenc,44,44,0,89,84,93,73,59,86,89,81,67,99,78,81,50,46,96,72,71,77,73,66,85,72,92,97,92,93,94,80,67,51,83,58,76,73,75,80,77,71,78,38,53,59,78,67
amt_gaming_vqa_dataset/CRVZs3A8U3s_FIFA_2-00_1080p_800k_hevc_nvenc,44,44,0,72,88,71,63,78,87,60,22,68,89,71,80,52,38,64,67,71,56,74,71,49,55,70,77,87,78,75,98,45,56,36,39,47,62,16,41,72,66,31,61,34,84,72,77
amt_gaming_vqa_dataset/Fy7JTlGlcS0_SonicDash_4-25_360p_800k_av1,44,44,0,50,90,39,52,92,80,64,17,71,50,78,22,41,38,63,28,30,29,70,59,49,46,69,97,56,30,57,46,51,50,40,66,70,44,73,53,70,41,33,59,19,53,66,51
amt_gaming_vqa_dataset/Fy7JTlGlcS0_SonicDash_4-25_360p_800k_h264_nvenc,44,44,0,15,78,31,37,18,24,22,0,14,31,13,0,0,18,5,0,8,12,4,10,8,10,0,79,2,24,21,0,8,10,1,0,26,5,0,17,22,21,8,11,0,37,25,49
amt_gaming_vqa_dataset/Fy7JTlGlcS0_SonicDash_4-25_360p_600k_hevc_nvenc,44,43,1,22,79,27,31,87,46,45,5,60,49,unset,0,9,12,64,0,7,36,31,17,9,21,11,80,31,2,22,0,44,9,17,30,35,21,7,29,41,29,17,20,21,36,24,66
amt_gaming_vqa_dataset/y_upjjObZ950Y_DiabloIII_13-35_480p_1000k_av1,44,44,0,43,92,81,40,93,82,84,12,69,99,67,66,27,46,63,21,29,33,58,41,66,26,63,71,54,43,43,88,32,10,48,53,68,44,72,22,43,13,17,59,28,91,43,64
amt_gaming_vqa_dataset/h2iS-DyFDH0_TheSims3_3-37_720p_1000k_h264_nvenc,44,43,1,30,93,33,34,37,52,66,27,12,50,unset,28,29,28,31,10,40,31,32,30,12,44,60,54,38,31,42,25,9,9,49,66,30,36,20,48,39,31,32,31,29,55,37,63
amt_gaming_vqa_dataset/h2iS-DyFDH0_TheSims3_3-37_720p_3000k_av1,44,44,0,38,29,32,38,64,51,63,21,67,50,12,19,60,37,35,22,42,47,29,29,49,31,68,75,29,37,37,58,9,8,41,50,37,39,23,54,35,44,35,31,29,52,40,35
amt_gaming_vqa_dataset/p5rzPRQnycU_AngryBirds2_1-56,44,41,3,34,89,23,32,45,47,unset,22,43,50,unset,11,30,45,42,20,60,21,31,20,49,31,72,97,8,unset,42,63,8,10,31,70,22,43,22,28,37,47,29,31,23,47,41,66
amt_gaming_vqa_dataset/h2iS-DyFDH0_TheSims3_3-37_720p_1300k_av1,44,44,0,38,71,29,31,50,55,44,4,77,43,14,41,28,34,50,20,29,47,37,43,49,45,63,72,30,53,43,54,10,9,45,55,32,45,19,42,64,44,31,41,38,45,32,42
amt_gaming_vqa_dataset/y_upjjObZ950Y_DiabloIII_31-32_480p_1000k_av1,44,44,0,72,91,81,48,93,71,88,75,73,94,29,8,51,45,28,39,28,26,43,22,48,23,30,87,22,48,7,56,41,33,32,51,45,16,34,19,36,50,18,58,33,70,43,39
amt_gaming_vqa_dataset/y_upjjObZ950Y_DiabloIII_31-32_480p_1000k_h264_nvenc,44,44,0,68,91,76,38,93,54,87,0,71,91,5,24,27,37,59,0,29,12,49,28,9,17,0,85,11,19,12,46,12,10,4,0,38,17,20,17,60,12,15,25,42,72,31,46
amt_gaming_vqa_dataset/y_upjjObZ950Y_DiabloIII_31-32_480p_800k_hevc_nvenc,44,44,0,84,93,59,40,74,65,64,3,71,97,29,0,0,36,44,9,27,26,31,20,26,28,27,75,32,6,21,58,11,9,20,35,29,28,8,13,71,31,16,22,23,38,40,53
amt_gaming_vqa_dataset/6Dosfkr_y7E_Minecraft_7-30,44,43,1,78,91,44,41,60,45,unset,58,67,65,77,15,28,41,41,83,28,40,58,27,50,49,69,81,49,34,54,77,7,10,34,73,24,39,67,56,41,50,36,50,36,45,54,56
amt_gaming_vqa_dataset/aYWM3nhWeSE_SubwaySurfers_2-00,44,42,2,12,8,3,14,7,8,unset,0,10,23,unset,0,0,10,0,0,0,0,0,12,1,5,0,54,6,0,11,0,8,9,4,0,14,0,0,26,10,12,12,7,15,14,13,46
amt_gaming_vqa_dataset/vgasCfia1LA_RollerCoasterTycoon3_1-12-12,44,43,1,72,12,86,57,59,56,unset,64,93,69,71,74,73,45,59,42,72,84,51,55,69,69,96,77,73,90,84,80,73,9,50,64,72,64,36,48,57,40,46,68,73,69,71,72
amt_gaming_vqa_dataset/vgasCfia1LA_RollerCoasterTycoon3_1-12-12_1080p_1500k_av1,44,44,0,41,50,86,58,87,45,93,62,71,73,64,16,59,46,65,41,71,71,50,46,67,73,100,97,85,81,79,91,8,9,66,81,57,43,57,74,57,50,76,70,61,50,65,64
amt_gaming_vqa_dataset/vgasCfia1LA_RollerCoasterTycoon3_1-12-12_1080p_5000k_av1,44,44,0,83,71,93,68,87,54,87,65,61,59,65,80,59,49,77,59,71,42,51,42,68,54,79,97,87,66,91,95,9,10,51,90,70,36,42,56,60,46,72,66,74,72,76,67
amt_gaming_vqa_dataset/vgasCfia1LA_RollerCoasterTycoon3_1-12-12_1080p_500k_av1,44,44,0,56,71,75,49,86,50,87,79,41,69,32,83,71,39,72,43,71,43,37,33,66,73,100,79,78,75,71,81,8,8,11,75,55,66,21,50,84,40,41,22,49,60,64,64
amt_gaming_vqa_dataset/vgasCfia1LA_RollerCoasterTycoon3_1-12-12_1080p_10000k_h264_nvenc,44,43,1,78,59,91,40,78,53,88,41,80,72,68,26,70,46,63,40,50,55,47,58,83,69,81,97,53,81,88,90,10,9,64,62,66,74,54,69,46,45,79,70,72,72,68,unset
amt_gaming_vqa_dataset/vgasCfia1LA_RollerCoasterTycoon3_1-12-12_1080p_2300k_h264_nvenc,44,44,0,88,63,82,57,87,55,89,62,87,72,64,87,50,44,75,41,72,81,50,41,69,74,95,88,63,89,68,73,8,9,63,58,63,55,36,69,72,39,71,64,42,79,65,47
amt_gaming_vqa_dataset/vgasCfia1LA_RollerCoasterTycoon3_1-12-12_1080p_5300k_h264_nvenc,44,43,1,50,79,44,48,87,41,84,55,44,78,57,17,49,39,63,41,71,63,51,61,68,33,67,89,91,74,86,90,unset,9,65,64,71,79,55,58,64,50,60,51,61,70,79,52
amt_gaming_vqa_dataset/vgasCfia1LA_RollerCoasterTycoon3_1-12-12_1080p_2000k_hevc_nvenc,44,44,0,58,59,80,58,64,47,87,63,77,70,82,85,52,41,63,31,72,57,55,53,69,73,80,97,64,74,77,81,9,9,30,68,68,39,36,31,73,49,76,69,60,55,74,78
amt_gaming_vqa_dataset/vgasCfia1LA_RollerCoasterTycoon3_1-12-12_1080p_6000k_hevc_nvenc,44,44,0,80,92,92,45,87,53,98,62,62,78,43,56,72,37,73,45,72,64,59,57,83,74,92,97,87,64,83,81,9,16,30,95,75,64,39,72,38,51,81,71,61,43,72,54
amt_gaming_vqa_dataset/vgasCfia1LA_RollerCoasterTycoon3_1-12-12_1080p_800k_hevc_nvenc,44,43,1,35,70,45,58,69,46,87,9,25,71,14,73,50,37,41,34,41,41,21,23,52,45,100,97,24,unset,82,100,14,11,34,65,37,72,35,31,3,26,28,19,39,45,35,73
amt_gaming_vqa_dataset/MDkWLlirCMI_SuperMarioRun_0-38_480p_1000k_av1,44,44,0,77,70,71,68,80,76,78,72,77,30,76,74,100,47,88,83,71,89,71,18,87,69,100,77,29,91,99,83,51,31,67,95,82,73,80,73,71,59,70,69,62,48,78,47
amt_gaming_vqa_dataset/MDkWLlirCMI_SuperMarioRun_0-38_480p_1000k_h264_nvenc,44,44,0,76,90,54,65,97,74,87,87,73,29,82,37,70,45,78,75,58,84,67,66,85,74,99,74,48,71,68,88,65,45,68,82,73,64,72,68,50,71,76,42,65,55,70,34
amt_gaming_vqa_dataset/MDkWLlirCMI_SuperMarioRun_0-38_480p_800k_hevc_nvenc,44,43,1,32,88,68,76,99,64,71,83,83,61,71,78,100,40,86,74,72,81,71,73,87,58,95,97,78,unset,94,72,61,70,57,93,82,65,68,71,71,71,79,78,60,56,81,75
amt_gaming_vqa_dataset/h2iS-DyFDH0_TheSims3_3-37,44,43,1,73,28,44,41,50,48,unset,9,30,45,18,17,25,44,55,17,50,39,19,41,50,44,67,75,37,43,50,49,9,10,68,77,43,42,15,57,30,27,28,46,36,50,35,43
amt_gaming_vqa_dataset/y_QgRoVX1cYvk_Myst_9-18_480p_1000k_av1,44,44,0,22,90,30,35,50,49,75,8,65,50,19,19,50,44,65,0,7,15,33,46,28,38,36,78,40,13,9,36,41,9,33,59,35,72,2,52,50,52,19,23,22,71,32,32
amt_gaming_vqa_dataset/y_upjjObZ950Y_DiabloIII_13-35_480p_1000k_h264_nvenc,44,44,0,50,93,74,36,56,76,90,15,76,70,23,8,60,34,66,26,50,20,45,33,9,49,52,54,7,32,27,69,43,17,46,70,36,50,18,23,36,14,12,40,52,59,52,28
amt_gaming_vqa_dataset/X1nYdnUWzEE_Gardenscapes_20-57_480p_800k_hevc_nvenc,41,41,0,67,99,37,94,46,90,43,100,59,88,47,82,81,81,55,74,55,97,55,37,97,93,78,50,88,73,44,87,48,69,94,73,82,50,88,92,40,60,65,71,48,,,
amt_gaming_vqa_dataset/yebynRz26iU_Rust_0-00_1080p_2300k_h264_nvenc,41,40,1,29,unset,47,37,47,2,45,0,28,1,48,19,27,26,17,20,15,74,11,18,11,0,18,27,0,4,27,22,14,11,0,24,13,28,20,0,41,19,23,20,49,,,
amt_gaming_vqa_dataset/yebynRz26iU_Rust_0-00_1080p_500k_av1,41,41,0,71,93,52,65,53,50,70,19,51,53,48,25,50,26,37,56,41,90,18,33,34,90,24,36,55,37,72,86,49,59,61,60,55,50,42,99,52,43,69,69,42,,,
amt_gaming_vqa_dataset/yebynRz26iU_Rust_0-00_1080p_5000k_av1,41,41,0,78,92,71,60,66,91,88,82,73,69,65,67,89,64,76,73,55,70,92,46,91,100,71,88,71,80,81,95,55,82,100,72,91,89,88,86,70,61,74,76,43,,,
amt_gaming_vqa_dataset/yebynRz26iU_Rust_0-00_1080p_1500k_av1,41,41,0,71,100,62,71,67,75,72,65,51,70,46,45,65,63,64,64,57,83,16,37,31,97,58,74,97,75,73,81,68,63,95,73,78,50,63,76,59,54,74,73,47,,,
amt_gaming_vqa_dataset/yebynRz26iU_Rust_0-00,41,39,2,78,89,70,78,74,61,38,65,71,69,58,64,75,71,84,66,66,75,91,54,unset,unset,69,92,99,75,76,76,48,28,97,73,96,91,44,89,78,65,80,74,44,,,
amt_gaming_vqa_dataset/y_5ksFZIlktBY_Minecraft_4-18_480p_800k_hevc_nvenc,41,41,0,50,85,45,54,32,16,40,16,53,22,39,65,40,20,19,43,44,97,57,33,65,68,42,34,70,19,38,72,48,26,93,60,59,23,77,75,41,28,47,41,37,,,
amt_gaming_vqa_dataset/y_5ksFZIlktBY_Minecraft_4-18_480p_1000k_h264_nvenc,41,41,0,29,45,37,51,25,7,28,0,49,14,39,27,40,26,32,22,25,72,9,22,8,25,14,46,64,16,18,49,22,50,50,26,35,21,48,36,42,25,31,25,36,,,
amt_gaming_vqa_dataset/y_5ksFZIlktBY_Minecraft_4-18_480p_1000k_av1,41,41,0,50,87,38,79,29,74,55,26,71,35,29,45,64,45,55,69,62,83,92,27,90,85,71,55,70,57,71,42,44,31,90,60,87,38,91,100,50,34,59,55,43,,,
amt_gaming_vqa_dataset/CreZ1eCfJwQ_PUBGMobile_0-00_720p_600k_hevc_nvenc,41,41,0,62,93,73,54,74,6,53,5,27,35,24,20,28,23,21,33,30,97,36,33,71,50,21,45,64,3,46,10,9,25,37,29,70,15,17,29,31,55,40,22,25,,,
amt_gaming_vqa_dataset/CreZ1eCfJwQ_PUBGMobile_0-00_720p_3500k_hevc_nvenc,41,41,0,69,96,75,72,67,67,61,7,59,56,20,64,72,69,63,69,44,97,55,63,57,47,70,59,66,73,68,32,52,74,65,31,73,54,15,38,50,60,55,62,38,,,
amt_gaming_vqa_dataset/CreZ1eCfJwQ_PUBGMobile_0-00_720p_1500k_hevc_nvenc,41,41,0,75,94,67,60,65,87,75,31,70,56,58,78,58,64,66,60,68,97,46,62,34,66,20,50,49,22,72,64,30,52,68,71,91,49,19,60,50,63,68,72,43,,,
amt_gaming_vqa_dataset/CreZ1eCfJwQ_PUBGMobile_0-00_720p_5000k_h264_nvenc,41,40,1,53,78,69,52,68,71,73,0,72,69,35,63,65,unset,79,63,35,78,35,54,14,70,41,78,45,72,51,65,67,72,93,72,73,59,14,79,50,60,66,77,48,,,
amt_gaming_vqa_dataset/CreZ1eCfJwQ_PUBGMobile_0-00_720p_2500k_h264_nvenc,41,41,0,69,77,84,60,59,28,40,18,72,63,44,35,49,13,69,70,42,97,45,56,57,66,43,67,67,42,54,18,35,54,50,53,87,48,57,67,50,60,58,53,40,,,
amt_gaming_vqa_dataset/CreZ1eCfJwQ_PUBGMobile_0-00_720p_1000k_h264_nvenc,41,41,0,63,44,58,57,56,1,49,0,41,25,39,35,39,20,30,22,22,97,17,36,20,36,13,27,22,10,30,30,39,15,90,22,41,11,38,33,50,25,37,20,42,,,
amt_gaming_vqa_dataset/CreZ1eCfJwQ_PUBGMobile_0-00_720p_500k_av1,41,41,0,62,63,48,84,58,22,71,10,39,50,24,21,11,37,28,41,41,97,45,63,26,50,20,70,58,20,46,58,41,34,97,28,59,50,44,68,47,49,57,65,37,,,
amt_gaming_vqa_dataset/CreZ1eCfJwQ_PUBGMobile_0-00_720p_3000k_av1,41,41,0,74,95,58,72,63,81,86,73,68,63,37,31,47,45,75,76,39,68,53,55,41,80,30,77,86,25,61,22,67,22,56,73,64,53,42,54,50,48,73,72,48,,,
amt_gaming_vqa_dataset/CreZ1eCfJwQ_PUBGMobile_0-00_720p_1300k_av1,41,41,0,73,73,45,60,56,71,63,78,60,69,38,24,49,71,78,61,55,97,44,53,9,54,32,77,93,33,50,49,42,62,63,60,81,50,37,70,50,52,66,69,50,,,
amt_gaming_vqa_dataset/CreZ1eCfJwQ_PUBGMobile_0-00,41,40,1,73,77,71,88,74,71,65,20,71,80,39,77,61,unset,72,69,78,97,19,62,76,87,43,68,83,26,74,40,47,43,48,73,85,71,32,69,50,60,58,74,31,,,
amt_gaming_vqa_dataset/y0IsRAR6W90_WorldofWarcraft_0-12_480p_800k_hevc_nvenc,41,41,0,9,22,9,59,7,5,25,65,53,21,30,16,30,14,22,13,16,69,10,19,29,24,25,3,0,7,25,12,9,17,34,28,50,31,56,30,17,8,47,28,34,,,
amt_gaming_vqa_dataset/y0IsRAR6W90_WorldofWarcraft_0-12_480p_1000k_h264_nvenc,41,40,1,33,19,10,44,12,1,23,23,53,11,12,13,35,unset,25,10,18,75,9,2,12,22,18,17,0,7,20,14,12,17,0,0,31,12,18,0,23,5,13,30,36,,,
amt_gaming_vqa_dataset/yebynRz26iU_Rust_0-00_1080p_10000k_h264_nvenc,41,41,0,75,93,73,80,58,87,73,72,59,70,67,46,69,55,75,73,57,82,67,42,54,96,47,72,72,68,83,87,67,46,98,73,80,91,73,89,50,47,79,68,39,,,
amt_gaming_vqa_dataset/yebynRz26iU_Rust_0-00_1080p_5300k_h264_nvenc,41,41,0,54,64,55,64,71,43,86,24,59,13,68,65,50,45,18,55,16,71,26,28,38,76,64,71,67,21,64,86,57,73,60,43,70,41,73,62,50,39,57,40,39,,,
amt_gaming_vqa_dataset/X1nYdnUWzEE_Gardenscapes_20-57_480p_1000k_av1,41,41,0,69,97,39,92,57,87,57,33,77,73,58,84,73,93,80,69,64,98,44,44,95,67,75,73,100,73,61,83,50,89,69,72,87,50,53,100,50,50,75,76,35,,,
amt_gaming_vqa_dataset/yebynRz26iU_Rust_0-00_1080p_2000k_hevc_nvenc,41,39,2,74,88,63,59,55,63,53,38,68,29,35,35,51,45,74,58,29,85,43,42,16,66,40,54,93,63,73,unset,56,14,67,60,59,64,unset,59,54,43,57,62,47,,,
amt_gaming_vqa_dataset/Ad3zlJ-wNWk_PUBGMobile_0-05_1080p_800k_hevc_nvenc,41,39,2,66,54,73,75,39,2,75,70,59,33,47,35,32,32,21,54,23,97,54,73,43,19,23,31,31,40,39,unset,17,64,52,27,50,56,unset,92,71,23,35,45,44,,,
amt_gaming_vqa_dataset/Ad3zlJ-wNWk_PUBGMobile_0-05_1080p_6000k_hevc_nvenc,41,39,2,74,89,78,68,39,75,85,80,73,72,47,71,78,77,78,73,42,97,43,72,79,72,69,87,52,67,79,unset,57,27,84,74,83,89,unset,74,52,64,78,81,49,,,
amt_gaming_vqa_dataset/Ad3zlJ-wNWk_PUBGMobile_0-05_1080p_2000k_hevc_nvenc,41,39,2,71,87,75,55,65,50,78,35,73,54,51,62,52,66,71,44,59,97,56,95,35,87,49,74,54,64,74,unset,50,35,49,61,82,50,unset,64,50,54,68,69,43,,,
amt_gaming_vqa_dataset/Ad3zlJ-wNWk_PUBGMobile_0-05_1080p_5300k_h264_nvenc,41,38,3,63,93,75,65,67,57,68,35,70,61,53,83,44,65,63,58,72,97,90,67,52,unset,57,48,68,70,73,unset,70,74,58,unset,59,84,92,56,60,56,71,68,51,,,
amt_gaming_vqa_dataset/Ad3zlJ-wNWk_PUBGMobile_0-05_1080p_2300k_h264_nvenc,41,39,2,36,78,83,56,74,9,37,0,43,33,66,9,20,20,17,14,21,97,13,48,9,unset,13,17,0,15,38,unset,9,27,8,26,13,40,17,0,47,17,32,37,42,,,
amt_gaming_vqa_dataset/Ad3zlJ-wNWk_PUBGMobile_0-05_1080p_10000k_h264_nvenc,41,39,2,69,92,72,61,67,88,75,56,71,69,60,70,61,67,84,74,65,97,92,77,61,unset,56,76,90,66,72,unset,49,71,81,27,74,64,61,93,78,72,73,77,50,,,
amt_gaming_vqa_dataset/Ad3zlJ-wNWk_PUBGMobile_0-05_1080p_500k_av1,41,40,1,71,60,73,54,75,54,78,0,52,35,67,36,55,unset,38,50,42,97,43,65,40,51,30,83,57,74,68,25,49,83,54,22,55,55,46,50,50,48,55,69,34,,,
amt_gaming_vqa_dataset/Ad3zlJ-wNWk_PUBGMobile_0-05_1080p_5000k_av1,41,40,1,73,93,74,59,65,89,63,86,72,81,47,84,66,80,69,65,68,86,91,80,78,71,51,74,94,83,81,93,unset,72,92,72,89,86,77,94,50,56,80,77,39,,,
amt_gaming_vqa_dataset/Ad3zlJ-wNWk_PUBGMobile_0-05_1080p_1500k_av1,41,41,0,70,94,76,57,72,72,69,70,60,49,31,65,69,71,64,71,59,97,92,61,69,49,44,74,80,65,80,76,50,45,100,51,66,50,65,73,59,61,72,79,41,,,
amt_gaming_vqa_dataset/Ad3zlJ-wNWk_PUBGMobile_0-05,41,40,1,77,unset,80,65,75,91,88,62,59,73,48,70,67,72,78,78,77,97,91,78,78,70,72,92,82,64,83,68,44,50,95,72,87,86,70,92,74,71,66,70,27,,,
amt_gaming_vqa_dataset/y_7W7VViKGxfY_Palworld_2-48-30_480p_800k_hevc_nvenc,41,41,0,40,22,19,13,13,1,19,0,29,14,21,9,9,11,0,6,11,78,15,3,23,0,16,0,6,0,13,12,9,24,0,10,18,12,36,0,26,5,15,20,32,,,
amt_gaming_vqa_dataset/y_7W7VViKGxfY_Palworld_2-48-30_480p_1000k_h264_nvenc,41,41,0,12,17,31,9,10,1,31,0,7,0,20,0,0,19,8,14,14,54,9,1,12,0,15,0,0,6,24,15,9,16,0,21,9,11,16,0,29,5,22,22,32,,,
amt_gaming_vqa_dataset/y_7W7VViKGxfY_Palworld_2-48-30_480p_1000k_av1,41,41,0,40,18,28,65,23,0,32,10,40,23,18,6,11,11,45,15,16,97,10,4,45,21,25,5,36,0,20,10,9,23,0,43,41,22,25,24,29,19,33,21,29,,,
amt_gaming_vqa_dataset/qHQWcxUi4ic_Terraria_9-20_480p_800k_hevc_nvenc,41,41,0,74,45,35,59,30,59,29,40,49,22,37,56,44,46,55,36,51,54,8,28,77,57,61,37,51,35,37,53,10,44,68,50,50,47,29,64,50,38,47,38,38,,,
amt_gaming_vqa_dataset/qHQWcxUi4ic_Terraria_9-20_480p_1000k_h264_nvenc,41,41,0,50,60,35,51,23,70,42,79,50,43,29,46,25,45,54,36,45,82,25,30,48,60,27,22,73,64,43,21,9,63,75,51,71,41,72,70,30,38,52,36,46,,,
amt_gaming_vqa_dataset/qHQWcxUi4ic_Terraria_9-20_480p_1000k_av1,41,41,0,60,59,45,58,19,50,35,56,40,53,34,46,27,46,44,41,41,97,23,39,37,83,30,28,56,64,45,45,9,50,70,52,45,40,80,71,45,48,31,40,31,,,
amt_gaming_vqa_dataset/qHQWcxUi4ic_Terraria_9-20,41,39,2,61,50,35,50,33,50,51,24,50,30,37,unset,39,unset,36,58,22,97,56,34,71,63,50,40,55,67,44,33,12,36,98,52,37,46,41,73,45,40,32,30,40,,,
amt_gaming_vqa_dataset/yebynRz26iU_Rust_0-00_1080p_800k_hevc_nvenc,41,39,2,71,69,54,58,46,50,66,28,20,47,76,26,45,36,28,58,29,97,23,30,53,58,17,73,49,55,73,unset,47,26,67,50,59,52,unset,33,53,61,56,63,44,,,
amt_gaming_vqa_dataset/yebynRz26iU_Rust_0-00_1080p_6000k_hevc_nvenc,41,38,3,63,95,56,80,67,88,86,82,77,75,65,63,69,79,83,64,44,76,57,55,72,100,70,65,88,83,78,unset,unset,71,96,72,73,70,unset,94,69,60,71,70,38,,,
amt_gaming_vqa_dataset/y0IsRAR6W90_WorldofWarcraft_0-12_480p_1000k_av1,41,41,0,24,20,7,44,11,0,26,14,40,12,26,17,25,24,14,22,26,66,17,5,34,35,27,18,0,9,26,34,9,20,0,13,36,13,25,15,12,20,24,22,24,,,
amt_gaming_vqa_dataset/y0IsRAR6W90_WorldofWarcraft_0-12,41,41,0,50,22,12,44,7,4,34,10,42,10,28,20,33,19,67,15,28,70,7,16,16,0,42,19,21,9,29,9,11,30,31,29,41,27,79,0,19,19,20,35,36,,,
amt_gaming_vqa_dataset/y_75vBBJ_1n0s_FallGuys_15-02_480p_1000k_av1,41,40,1,78,93,47,95,57,88,50,79,93,70,49,71,26,70,76,67,67,97,92,61,unset,72,72,92,100,68,74,87,48,83,91,76,87,65,49,93,53,61,73,74,47,,,
amt_gaming_vqa_dataset/NFMrcGpbAFw_IceAgeVillage_9-00_720p_3500k_hevc_nvenc,41,41,0,68,78,54,78,54,82,65,34,74,62,68,68,56,80,62,65,43,97,93,53,96,71,68,84,92,65,71,77,60,76,72,60,73,42,44,86,46,63,74,65,47,,,
amt_gaming_vqa_dataset/NFMrcGpbAFw_IceAgeVillage_9-00_720p_5000k_h264_nvenc,41,40,1,66,78,48,77,31,63,80,66,72,72,59,79,47,81,74,68,66,97,40,42,42,96,45,74,86,62,74,92,67,74,71,unset,63,65,38,93,40,73,67,69,77,,,
amt_gaming_vqa_dataset/NFMrcGpbAFw_IceAgeVillage_9-00_720p_2500k_h264_nvenc,41,41,0,74,55,47,83,46,55,60,73,58,61,39,67,50,36,66,37,66,97,7,54,80,69,68,65,73,29,68,87,47,24,97,59,68,57,63,68,50,62,47,67,75,,,
amt_gaming_vqa_dataset/NFMrcGpbAFw_IceAgeVillage_9-00_720p_1000k_h264_nvenc,41,40,1,49,55,49,78,45,47,50,91,73,48,28,unset,59,15,18,42,14,97,55,25,90,83,23,6,15,46,39,96,57,43,48,74,31,31,51,54,30,25,74,69,69,,,
amt_gaming_vqa_dataset/NFMrcGpbAFw_IceAgeVillage_9-00_720p_500k_av1,41,41,0,66,86,47,54,39,0,72,77,72,40,59,45,41,72,74,42,23,97,47,30,91,66,73,69,93,28,69,87,50,72,67,59,50,56,6,65,44,52,53,75,80,,,
amt_gaming_vqa_dataset/NFMrcGpbAFw_IceAgeVillage_9-00_720p_3000k_av1,41,41,0,72,71,45,60,61,71,50,82,71,71,57,66,11,68,84,75,66,97,63,55,90,58,43,73,67,63,73,72,58,63,67,60,73,56,63,94,44,62,69,74,49,,,
amt_gaming_vqa_dataset/NFMrcGpbAFw_IceAgeVillage_9-00_720p_1300k_av1,41,40,1,66,86,35,82,68,34,77,72,75,59,46,unset,54,66,77,75,75,97,91,55,78,100,70,31,90,76,65,86,47,70,93,74,71,54,59,69,50,66,70,69,70,,,
amt_gaming_vqa_dataset/NFMrcGpbAFw_IceAgeVillage_9-00,41,40,1,68,86,55,81,40,72,58,82,73,67,65,74,45,86,82,68,21,97,9,60,93,unset,70,74,90,71,63,97,62,19,68,58,74,64,51,64,45,62,77,78,84,,,
amt_gaming_vqa_dataset/JQE8saholDA_GarrysMod_1-00_720p_600k_hevc_nvenc,41,41,0,52,55,47,63,39,6,50,17,30,17,36,27,37,24,31,36,26,76,20,27,28,62,55,29,23,28,46,24,41,50,69,28,59,25,40,55,35,44,49,45,83,,,
amt_gaming_vqa_dataset/JQE8saholDA_GarrysMod_1-00_720p_3500k_hevc_nvenc,41,41,0,68,64,40,61,29,51,50,83,51,50,38,36,61,46,72,55,39,80,74,35,31,88,67,36,95,57,69,66,45,27,71,55,73,59,94,90,50,61,58,66,80,,,
amt_gaming_vqa_dataset/JQE8saholDA_GarrysMod_1-00_720p_1500k_hevc_nvenc,41,41,0,59,88,44,50,48,50,54,25,28,48,39,32,29,30,64,56,56,97,92,38,30,50,45,41,42,46,66,69,43,92,63,29,87,50,36,69,41,52,46,60,47,,,
amt_gaming_vqa_dataset/JQE8saholDA_GarrysMod_1-00_720p_5000k_h264_nvenc,41,38,3,34,73,42,59,30,62,71,67,71,42,30,38,65,unset,55,64,59,84,91,33,unset,unset,73,33,99,66,69,62,48,57,80,49,78,64,92,48,46,53,60,68,61,,,
amt_gaming_vqa_dataset/JQE8saholDA_GarrysMod_1-00_720p_2500k_h264_nvenc,41,41,0,54,78,47,71,45,27,57,62,50,50,40,62,58,75,44,76,58,85,66,26,80,84,30,36,65,30,68,68,53,35,68,43,78,65,44,84,47,43,66,60,82,,,
amt_gaming_vqa_dataset/JQE8saholDA_GarrysMod_1-00_720p_1000k_h264_nvenc,41,40,1,60,51,31,53,36,29,69,16,29,30,27,26,19,28,22,36,43,97,21,25,unset,51,27,15,51,23,39,22,16,20,66,49,55,41,47,65,50,35,56,33,75,,,
amt_gaming_vqa_dataset/JQE8saholDA_GarrysMod_1-00_720p_500k_av1,41,41,0,56,86,44,74,32,56,56,75,29,38,37,24,72,15,63,38,22,82,93,36,52,80,69,27,83,32,54,44,41,20,73,51,50,29,40,65,50,29,52,50,56,,,
amt_gaming_vqa_dataset/JQE8saholDA_GarrysMod_1-00_720p_3000k_av1,41,41,0,71,84,39,59,32,57,43,77,50,49,39,61,71,80,37,65,67,82,92,28,61,94,43,36,93,62,64,69,51,55,92,58,78,52,93,51,50,53,53,70,71,,,
amt_gaming_vqa_dataset/JQE8saholDA_GarrysMod_1-00_720p_1300k_av1,41,41,0,62,59,45,65,48,63,29,55,40,45,44,29,40,29,38,67,68,81,91,36,55,67,44,38,50,33,65,72,56,83,75,41,68,59,80,75,46,43,51,55,71,,,
amt_gaming_vqa_dataset/JQE8saholDA_GarrysMod_1-00,41,40,1,62,55,55,84,55,63,68,79,31,61,37,66,47,unset,63,51,40,86,93,41,27,70,65,49,69,73,72,63,55,45,96,44,87,62,43,55,60,62,47,73,80,,,
amt_gaming_vqa_dataset/y_75vBBJ_1n0s_FallGuys_15-02_480p_800k_hevc_nvenc,41,41,0,65,87,47,88,47,11,29,25,68,51,47,55,56,30,29,26,28,88,16,34,20,91,48,25,55,30,54,59,55,85,97,55,82,48,65,55,50,37,64,35,55,,,
amt_gaming_vqa_dataset/y_75vBBJ_1n0s_FallGuys_15-02_480p_1000k_h264_nvenc,41,40,1,35,63,44,90,30,5,50,27,72,16,48,19,9,29,19,36,22,81,15,24,25,34,21,29,53,26,46,unset,12,24,15,29,41,31,46,39,51,29,41,68,47,,,
amt_gaming_vqa_dataset/NFMrcGpbAFw_IceAgeVillage_9-00_720p_1500k_hevc_nvenc,41,41,0,54,59,56,81,34,72,78,72,73,60,49,71,40,78,46,75,21,97,56,44,100,100,67,59,92,36,41,88,34,81,89,59,74,63,46,68,46,65,51,75,40,,,
amt_gaming_vqa_dataset/NFMrcGpbAFw_IceAgeVillage_9-00_720p_600k_hevc_nvenc,41,41,0,48,60,37,92,58,22,57,7,60,18,28,18,50,16,21,33,39,97,21,29,93,88,45,22,74,13,28,71,25,36,84,41,45,44,49,77,31,57,40,76,43,,,
amt_gaming_vqa_dataset/CVYN93MJDCE_Valheim_1-08-54,41,41,0,28,22,8,46,11,0,16,0,28,6,17,4,0,0,9,12,19,75,7,12,12,0,23,0,11,30,26,5,9,0,0,27,31,9,40,3,12,10,1,14,20,,,
amt_gaming_vqa_dataset/y_ZMN7neUo3Fk_EuroTruckSimulator2_7-38_480p_1000k_av1,41,41,0,79,60,10,53,20,31,49,26,32,7,37,70,38,16,55,25,67,81,93,29,53,29,55,47,69,35,38,62,46,36,93,45,78,46,71,67,51,25,49,38,49,,,
amt_gaming_vqa_dataset/y_5zWGVNQx3gw_Gardenscapes_6-30_480p_1000k_h264_nvenc,41,40,1,72,94,40,61,45,50,55,73,30,67,38,74,71,78,61,63,41,97,56,37,53,92,69,41,65,65,55,74,33,74,93,unset,78,49,54,79,50,37,74,74,44,,,
amt_gaming_vqa_dataset/y_5zWGVNQx3gw_Gardenscapes_6-30_480p_800k_hevc_nvenc,41,41,0,66,87,31,52,49,58,58,91,72,55,46,71,71,76,72,69,62,97,93,35,83,76,72,25,65,35,54,44,54,50,95,73,87,60,69,69,50,46,73,74,36,,,
amt_gaming_vqa_dataset/y_5zWGVNQx3gw_Gardenscapes_6-30_480p_1000k_av1,41,41,0,76,92,39,60,47,88,74,81,50,71,39,79,79,86,64,62,68,97,93,45,78,90,63,59,69,77,68,86,51,82,93,72,86,50,50,69,50,61,64,72,45,,,
amt_gaming_vqa_dataset/y_7W7VViKGxfY_Palworld_2-56-17_480p_800k_hevc_nvenc,41,41,0,16,92,39,69,12,12,63,27,51,21,37,31,23,46,21,12,22,97,7,39,13,89,56,18,58,24,53,53,39,44,63,29,78,31,55,66,22,45,16,20,32,,,
amt_gaming_vqa_dataset/y_7W7VViKGxfY_Palworld_2-56-17_480p_1000k_h264_nvenc,41,41,0,30,46,28,45,31,3,33,0,52,0,37,29,34,20,12,41,24,67,7,38,32,14,21,68,37,17,59,64,41,24,69,40,39,22,47,29,40,48,30,28,39,,,
amt_gaming_vqa_dataset/y_7W7VViKGxfY_Palworld_2-56-17_480p_1000k_av1,41,41,0,32,86,56,93,34,91,56,27,71,43,40,69,65,65,46,68,71,97,91,26,34,96,48,76,64,73,81,21,61,94,76,49,92,88,88,67,50,53,61,27,45,,,
amt_gaming_vqa_dataset/2FQ9qkN74MQ_FIFA_7-14_1080p_800k_hevc_nvenc,41,41,0,41,50,35,87,30,16,30,0,27,46,30,19,33,20,21,22,23,79,9,15,38,37,17,17,12,9,27,58,22,35,0,28,35,29,34,0,30,27,19,31,80,,,
amt_gaming_vqa_dataset/2FQ9qkN74MQ_FIFA_7-14_1080p_6000k_hevc_nvenc,41,40,1,79,78,56,92,48,78,69,73,59,91,38,unset,67,77,78,84,70,74,55,61,79,75,72,74,97,67,78,88,58,45,70,100,93,70,86,100,70,68,80,78,82,,,
amt_gaming_vqa_dataset/2FQ9qkN74MQ_FIFA_7-14_1080p_2000k_hevc_nvenc,41,41,0,71,51,57,92,59,50,30,23,55,56,36,37,59,54,62,71,62,97,55,52,77,63,74,59,73,15,58,82,22,80,69,52,46,50,37,100,59,46,66,70,70,,,
amt_gaming_vqa_dataset/2FQ9qkN74MQ_FIFA_7-14_1080p_5300k_h264_nvenc,41,40,1,76,87,73,87,45,73,69,67,71,72,37,65,54,45,82,68,62,81,92,34,94,87,70,87,65,55,75,90,unset,62,95,74,73,68,90,94,59,65,74,68,76,,,
amt_gaming_vqa_dataset/2FQ9qkN74MQ_FIFA_7-14_1080p_2300k_h264_nvenc,41,41,0,36,36,45,58,40,1,40,9,29,37,45,25,28,14,30,35,19,84,9,6,20,50,27,36,45,8,28,77,45,49,39,28,41,41,24,58,50,14,53,37,52,,,
amt_gaming_vqa_dataset/2FQ9qkN74MQ_FIFA_7-14_1080p_10000k_h264_nvenc,41,41,0,71,87,68,91,65,87,74,74,71,75,38,78,72,70,83,71,65,84,89,38,92,100,71,78,96,75,78,83,67,50,91,71,96,81,90,92,77,63,80,65,80,,,
amt_gaming_vqa_dataset/2FQ9qkN74MQ_FIFA_7-14_1080p_500k_av1,41,41,0,50,45,29,71,24,2,21,17,27,39,27,18,46,9,18,17,51,85,8,16,3,26,18,15,0,16,27,16,9,50,29,26,36,17,37,33,50,43,31,26,75,,,
amt_gaming_vqa_dataset/2FQ9qkN74MQ_FIFA_7-14_1080p_5000k_av1,41,41,0,71,85,30,83,47,83,77,81,68,100,32,78,64,68,82,75,65,78,95,52,78,59,80,83,96,68,72,73,71,83,64,96,87,69,89,97,59,62,75,78,75,,,
amt_gaming_vqa_dataset/2FQ9qkN74MQ_FIFA_7-14_1080p_1500k_av1,41,41,0,66,64,60,84,72,78,51,75,72,49,31,18,55,55,64,41,69,82,38,36,70,54,53,37,98,38,69,87,60,74,68,50,78,44,95,95,54,53,62,68,82,,,
amt_gaming_vqa_dataset/2FQ9qkN74MQ_FIFA_7-14,41,34,7,71,unset,82,81,70,75,75,69,73,86,58,unset,50,unset,93,unset,72,70,unset,75,88,70,69,70,80,66,82,87,49,unset,100,91,96,93,20,100,88,61,80,78,unset,,,
amt_gaming_vqa_dataset/llMU1DXmfuU_CallofDutyMobile_1-03,41,41,0,28,17,9,32,4,0,21,8,6,4,15,8,12,8,0,7,14,53,16,0,13,0,21,0,0,0,16,15,9,8,0,27,22,6,10,20,12,16,16,32,32,,,
amt_gaming_vqa_dataset/y_ZMN7neUo3Fk_EuroTruckSimulator2_7-38_480p_800k_hevc_nvenc,41,41,0,73,18,5,52,19,13,45,7,46,22,29,21,35,26,11,22,17,54,92,23,44,29,21,20,18,24,21,41,23,11,53,28,50,26,66,76,50,25,27,24,33,,,
amt_gaming_vqa_dataset/y_ZMN7neUo3Fk_EuroTruckSimulator2_7-38_480p_1000k_h264_nvenc,41,41,0,77,72,13,66,12,13,52,19,27,21,28,13,20,21,20,21,44,77,17,25,35,17,47,21,37,10,26,42,9,50,51,29,65,32,61,50,40,21,33,32,42,,,
amt_gaming_vqa_dataset/X1nYdnUWzEE_Gardenscapes_20-57_480p_1000k_h264_nvenc,41,41,0,66,94,33,84,46,91,46,88,74,79,48,74,81,86,83,74,30,97,35,34,77,94,52,84,88,71,38,69,48,96,69,71,74,64,79,94,50,53,69,78,37,,,
amt_gaming_vqa_dataset/llMU1DXmfuU_CallofDutyMobile_9-38,41,41,0,33,45,9,30,8,0,12,0,33,0,12,6,11,11,0,13,19,72,7,11,18,0,15,2,0,0,20,2,9,6,0,29,26,9,14,17,22,0,15,26,37,,,
amt_gaming_vqa_dataset/gvU2wTK3h94_IceAgeVillage_8-41_720p_1300k_av1,35,35,0,73,83,71,87,57,79,79,23,63,44,62,71,50,55,50,68,48,14,60,55,58,30,61,92,62,96,64,61,39,71,85,39,56,44,74,,,,,,,,,
amt_gaming_vqa_dataset/e1G5tiIl7L8_MarioKartTour_0-08_1080p_500k_av1,35,35,0,46,18,8,50,34,44,22,10,40,17,21,28,17,36,31,7,5,14,0,14,12,7,3,0,35,16,1,57,26,34,0,25,76,26,13,,,,,,,,,
amt_gaming_vqa_dataset/0RKUDAMVtlY_WorldofTanks_1-47_1080p_10000k_h264_nvenc,35,34,1,91,68,81,93,45,93,57,73,59,unset,47,73,47,39,50,88,68,35,69,68,69,42,62,71,53,53,67,50,47,76,91,78,31,79,55,,,,,,,,,
amt_gaming_vqa_dataset/0RKUDAMVtlY_WorldofTanks_1-47_1080p_2300k_h264_nvenc,35,35,0,89,56,84,91,45,86,70,63,59,63,71,60,50,44,40,75,77,46,71,43,55,41,83,85,52,67,66,63,33,76,77,72,68,39,69,,,,,,,,,
amt_gaming_vqa_dataset/0RKUDAMVtlY_WorldofTanks_1-47_1080p_5300k_h264_nvenc,35,35,0,89,78,83,92,48,85,64,38,66,68,59,59,46,39,41,81,97,42,67,60,57,45,69,89,47,82,59,60,43,62,86,67,72,14,70,,,,,,,,,
amt_gaming_vqa_dataset/0RKUDAMVtlY_WorldofTanks_1-47_1080p_2000k_hevc_nvenc,35,34,1,83,57,87,87,46,85,50,78,50,73,50,70,67,38,36,70,94,39,66,57,69,35,62,98,47,unset,64,39,54,61,66,63,49,37,67,,,,,,,,,
amt_gaming_vqa_dataset/0RKUDAMVtlY_WorldofTanks_1-47_1080p_6000k_hevc_nvenc,35,35,0,86,54,91,92,56,90,50,85,55,84,63,71,56,38,41,78,59,27,88,67,67,53,89,80,54,63,66,47,53,68,93,71,55,22,71,,,,,,,,,
amt_gaming_vqa_dataset/0RKUDAMVtlY_WorldofTanks_1-47_1080p_800k_hevc_nvenc,35,34,1,88,61,82,92,37,69,50,84,29,15,52,71,30,37,41,83,86,28,70,75,13,26,80,75,35,64,33,58,12,80,73,33,61,66,unset,,,,,,,,,
amt_gaming_vqa_dataset/e1G5tiIl7L8_MarioKartTour_0-08,35,32,3,26,10,9,1,45,unset,37,9,32,unset,25,7,30,37,60,22,8,40,12,14,21,14,3,7,36,13,9,unset,26,41,42,13,60,7,20,,,,,,,,,
amt_gaming_vqa_dataset/e1G5tiIl7L8_MarioKartTour_0-08_1080p_1500k_av1,35,35,0,71,19,8,71,40,59,44,0,41,17,2,28,10,38,36,10,6,52,30,11,10,35,12,0,28,21,10,28,10,40,9,29,64,24,28,,,,,,,,,
amt_gaming_vqa_dataset/e1G5tiIl7L8_MarioKartTour_0-08_1080p_5000k_av1,35,35,0,87,19,9,59,47,59,26,10,24,13,21,29,1,29,36,11,7,37,0,34,17,38,24,30,36,21,0,25,25,38,8,29,46,20,15,,,,,,,,,
amt_gaming_vqa_dataset/e1G5tiIl7L8_MarioKartTour_0-08_1080p_10000k_h264_nvenc,35,33,2,47,8,9,29,38,64,22,6,56,22,7,unset,25,33,31,0,9,27,0,11,20,25,7,0,25,12,5,56,19,41,4,17,unset,11,18,,,,,,,,,
amt_gaming_vqa_dataset/y_6wR3l2xR6rY_SonicDash_2-58_480p_800k_hevc_nvenc,35,35,0,61,59,69,93,40,84,31,67,39,55,3,28,26,45,50,19,26,30,11,32,42,26,60,66,59,32,34,18,14,60,62,32,62,37,40,,,,,,,,,
amt_gaming_vqa_dataset/e1G5tiIl7L8_MarioKartTour_0-08_1080p_2300k_h264_nvenc,35,34,1,52,9,8,17,45,19,19,0,16,2,21,0,0,33,31,0,58,10,0,14,15,11,8,0,31,8,0,unset,8,25,0,10,57,8,16,,,,,,,,,
amt_gaming_vqa_dataset/e1G5tiIl7L8_MarioKartTour_0-08_1080p_5300k_h264_nvenc,35,33,2,78,17,10,38,34,63,37,0,42,unset,18,unset,9,36,40,0,2,44,0,19,22,36,14,0,28,13,2,9,9,26,5,29,72,48,21,,,,,,,,,
amt_gaming_vqa_dataset/e1G5tiIl7L8_MarioKartTour_0-08_1080p_2000k_hevc_nvenc,35,32,3,74,18,8,39,46,26,41,8,31,unset,21,26,20,37,50,0,5,24,0,19,18,24,9,0,21,unset,unset,20,19,39,5,29,42,29,14,,,,,,,,,
amt_gaming_vqa_dataset/e1G5tiIl7L8_MarioKartTour_0-08_1080p_6000k_hevc_nvenc,35,32,3,50,17,9,50,47,63,28,17,41,unset,8,0,14,34,50,0,10,62,0,20,12,38,11,0,31,unset,unset,33,11,41,10,22,53,26,12,,,,,,,,,
amt_gaming_vqa_dataset/e1G5tiIl7L8_MarioKartTour_0-08_1080p_800k_hevc_nvenc,35,32,3,51,15,8,70,46,68,29,0,28,unset,33,8,3,26,36,28,18,27,0,16,11,19,13,7,31,unset,unset,33,10,40,12,28,63,18,18,,,,,,,,,
amt_gaming_vqa_dataset/HrBdHxZdcrs_TheSims3_12-08_1080p_1500k_av1,35,35,0,87,55,50,70,42,87,63,68,71,81,52,45,57,47,78,79,49,24,50,72,59,24,57,68,77,96,78,59,29,58,69,77,52,73,75,,,,,,,,,
amt_gaming_vqa_dataset/HrBdHxZdcrs_TheSims3_12-08_1080p_5000k_av1,35,35,0,93,50,50,71,41,87,65,71,87,84,55,60,63,74,64,69,78,52,66,69,44,46,83,81,81,77,87,57,11,77,95,63,63,47,79,,,,,,,,,
amt_gaming_vqa_dataset/HrBdHxZdcrs_TheSims3_12-08_1080p_500k_av1,35,35,0,88,52,50,78,54,72,55,40,72,63,60,59,1,45,31,74,73,24,52,69,46,14,35,72,69,38,46,57,47,55,92,35,67,61,51,,,,,,,,,
amt_gaming_vqa_dataset/0RKUDAMVtlY_WorldofTanks_1-47_1080p_500k_av1,35,35,0,55,21,76,59,48,50,73,58,48,25,38,72,30,37,50,65,87,24,28,61,57,19,50,66,36,48,30,51,9,69,95,32,54,55,54,,,,,,,,,
amt_gaming_vqa_dataset/0RKUDAMVtlY_WorldofTanks_1-47_1080p_5000k_av1,35,34,1,92,62,83,92,46,87,74,83,78,66,67,59,53,37,41,100,64,38,68,72,68,36,66,94,59,59,52,unset,44,71,82,69,55,34,68,,,,,,,,,
amt_gaming_vqa_dataset/0RKUDAMVtlY_WorldofTanks_1-47_1080p_1500k_av1,35,35,0,95,56,92,93,57,72,64,70,54,83,49,69,48,38,51,84,87,36,31,75,68,34,67,96,58,82,53,63,62,55,92,43,66,18,73,,,,,,,,,
amt_gaming_vqa_dataset/0RKUDAMVtlY_WorldofTanks_1-47,35,33,2,50,53,77,8,47,unset,55,64,59,83,46,59,50,36,60,90,87,61,100,67,67,34,unset,100,55,74,64,54,9,65,87,59,60,17,74,,,,,,,,,
amt_gaming_vqa_dataset/gvU2wTK3h94_IceAgeVillage_8-41_720p_3000k_av1,35,34,1,91,78,72,90,47,73,55,62,59,35,56,60,41,55,41,80,92,27,93,63,55,28,unset,94,40,96,66,56,36,76,66,29,52,54,73,,,,,,,,,
amt_gaming_vqa_dataset/gvU2wTK3h94_IceAgeVillage_8-41_720p_500k_av1,35,35,0,51,86,71,85,44,44,56,15,49,34,40,8,47,38,41,55,76,42,70,41,44,28,100,80,44,78,68,49,33,50,76,27,74,54,41,,,,,,,,,
amt_gaming_vqa_dataset/gvU2wTK3h94_IceAgeVillage_8-41_720p_1000k_h264_nvenc,35,35,0,70,62,61,75,39,27,36,33,64,20,53,50,33,43,50,41,59,15,61,39,71,14,54,69,19,96,35,49,8,61,49,28,56,48,40,,,,,,,,,
amt_gaming_vqa_dataset/gvU2wTK3h94_IceAgeVillage_8-41_720p_2500k_h264_nvenc,35,34,1,50,86,50,91,44,55,70,20,60,37,52,71,34,46,50,67,73,46,100,67,43,24,92,68,45,97,70,39,52,69,64,56,unset,57,23,,,,,,,,,
amt_gaming_vqa_dataset/gvU2wTK3h94_IceAgeVillage_8-41_720p_5000k_h264_nvenc,35,34,1,70,81,70,unset,44,63,44,7,70,22,55,72,49,46,39,88,76,36,73,65,68,29,88,95,58,96,72,49,36,71,70,60,46,53,34,,,,,,,,,
amt_gaming_vqa_dataset/gvU2wTK3h94_IceAgeVillage_8-41_720p_1500k_hevc_nvenc,35,35,0,49,84,65,54,48,58,50,36,54,26,47,73,52,54,45,74,92,28,65,19,31,23,69,66,44,94,72,45,30,66,62,31,57,18,29,,,,,,,,,
amt_gaming_vqa_dataset/gvU2wTK3h94_IceAgeVillage_8-41_720p_3500k_hevc_nvenc,35,35,0,71,79,71,70,48,64,72,42,70,36,40,72,53,46,69,65,49,35,77,69,69,28,91,63,42,94,68,55,47,73,68,25,76,94,57,,,,,,,,,
amt_gaming_vqa_dataset/gvU2wTK3h94_IceAgeVillage_8-41_720p_600k_hevc_nvenc,35,35,0,79,74,50,50,45,50,39,19,60,26,47,27,20,25,32,42,74,25,29,20,49,15,87,67,35,82,76,38,12,59,31,37,63,54,27,,,,,,,,,
amt_gaming_vqa_dataset/DlFrlfom9uk_WorldofWarcraft_34-05,35,34,1,33,57,38,8,39,unset,35,12,63,39,36,72,40,37,79,88,87,57,83,56,67,37,50,53,69,49,31,48,12,61,53,52,46,13,71,,,,,,,,,
amt_gaming_vqa_dataset/DlFrlfom9uk_WorldofWarcraft_34-05_1080p_1500k_av1,35,35,0,60,61,71,86,54,77,39,16,72,15,40,60,37,36,69,59,50,36,49,28,57,21,46,52,45,57,22,41,20,78,59,40,41,40,32,,,,,,,,,
amt_gaming_vqa_dataset/DlFrlfom9uk_WorldofWarcraft_34-05_1080p_5000k_av1,35,35,0,68,55,71,93,55,90,43,68,72,71,55,51,47,45,69,55,38,45,25,29,70,39,4,62,72,67,37,56,18,82,58,31,48,45,71,,,,,,,,,
amt_gaming_vqa_dataset/DlFrlfom9uk_WorldofWarcraft_34-05_1080p_500k_av1,35,35,0,50,55,31,78,41,22,29,13,32,20,12,29,19,21,41,21,41,26,0,27,49,24,32,15,26,68,11,9,10,41,7,14,60,39,25,,,,,,,,,
amt_gaming_vqa_dataset/DlFrlfom9uk_WorldofWarcraft_34-05_1080p_10000k_h264_nvenc,35,33,2,94,50,72,unset,55,88,42,42,70,28,52,58,43,43,50,68,48,25,71,69,57,33,73,50,53,unset,46,45,36,78,71,43,52,72,75,,,,,,,,,
amt_gaming_vqa_dataset/DlFrlfom9uk_WorldofWarcraft_34-05_1080p_2300k_h264_nvenc,35,32,3,51,43,unset,59,46,45,13,17,23,15,13,unset,21,41,31,22,23,7,0,23,unset,17,4,15,46,48,0,19,10,50,23,25,26,63,33,,,,,,,,,
amt_gaming_vqa_dataset/DlFrlfom9uk_WorldofWarcraft_34-05_1080p_5300k_h264_nvenc,35,35,0,54,61,71,77,58,89,50,64,71,33,33,48,45,38,78,35,35,29,100,41,65,28,51,64,77,51,33,49,28,55,37,51,74,39,71,,,,,,,,,
amt_gaming_vqa_dataset/DlFrlfom9uk_WorldofWarcraft_34-05_1080p_2000k_hevc_nvenc,35,34,1,58,53,29,90,46,84,38,74,71,36,29,61,25,35,79,60,54,27,unset,53,65,21,6,54,73,50,24,57,8,66,30,46,37,33,69,,,,,,,,,
amt_gaming_vqa_dataset/DlFrlfom9uk_WorldofWarcraft_34-05_1080p_6000k_hevc_nvenc,35,34,1,83,60,71,60,65,95,50,65,77,19,43,72,45,44,78,52,86,36,50,72,70,37,unset,89,78,59,34,38,47,78,43,28,60,74,78,,,,,,,,,
amt_gaming_vqa_dataset/DlFrlfom9uk_WorldofWarcraft_34-05_1080p_800k_hevc_nvenc,35,35,0,51,55,30,58,30,22,20,13,30,15,19,29,22,26,50,27,33,14,0,28,20,10,13,22,26,9,0,8,8,40,7,12,42,32,20,,,,,,,,,
amt_gaming_vqa_dataset/65G__Xkxja8_HalfLife2_12-43,35,32,3,49,17,29,39,17,unset,11,21,7,9,0,6,0,20,17,20,29,13,0,19,16,3,unset,20,26,0,0,unset,10,30,29,6,26,12,18,,,,,,,,,
amt_gaming_vqa_dataset/HrBdHxZdcrs_TheSims3_12-08_1080p_10000k_h264_nvenc,35,34,1,unset,73,50,92,54,98,89,72,97,77,52,60,64,46,78,71,88,29,63,58,63,51,93,86,77,77,83,45,48,82,94,65,62,52,72,,,,,,,,,
amt_gaming_vqa_dataset/HrBdHxZdcrs_TheSims3_12-08_1080p_2300k_h264_nvenc,35,34,1,53,50,50,85,44,92,71,65,41,76,41,60,43,43,40,42,86,18,35,69,31,17,59,71,73,59,73,41,44,46,94,58,unset,28,57,,,,,,,,,
amt_gaming_vqa_dataset/HrBdHxZdcrs_TheSims3_12-08_1080p_5300k_h264_nvenc,35,35,0,91,55,50,77,52,90,50,67,77,79,62,73,48,47,78,71,81,27,50,72,49,18,63,96,78,69,62,66,46,76,100,82,70,68,71,,,,,,,,,
amt_gaming_vqa_dataset/Chl0eDpDdFk_Gardenscapes_2-18_1080p_5300k_h264_nvenc,35,34,1,88,57,unset,93,51,85,50,64,69,71,67,72,84,47,51,50,92,57,71,75,71,67,98,94,69,68,87,54,10,70,69,59,78,29,60,,,,,,,,,
amt_gaming_vqa_dataset/Chl0eDpDdFk_Gardenscapes_2-18_1080p_6000k_hevc_nvenc,35,35,0,87,53,50,92,40,84,76,37,86,71,66,72,68,43,41,82,15,33,100,71,59,65,70,91,71,87,89,55,41,54,100,60,63,52,77,,,,,,,,,
amt_gaming_vqa_dataset/Chl0eDpDdFk_Gardenscapes_2-18_1080p_800k_hevc_nvenc,35,35,0,49,62,50,78,47,78,85,24,61,68,68,70,55,56,69,69,41,47,70,68,45,74,61,74,69,71,77,34,12,56,86,49,61,66,32,,,,,,,,,
amt_gaming_vqa_dataset/SKOeKcz32xM_MarioKartTour_9-13,35,33,2,55,9,1,28,6,unset,31,20,11,6,1,0,0,29,27,0,10,3,0,14,14,11,unset,0,22,2,2,14,7,29,0,11,52,10,14,,,,,,,,,
amt_gaming_vqa_dataset/cEfh_VKhTwY_DiabloIII_49-32,35,33,2,50,90,91,8,74,unset,79,72,60,54,59,unset,63,38,78,62,41,52,51,69,56,37,80,61,68,45,75,55,28,67,72,49,58,87,56,,,,,,,,,
amt_gaming_vqa_dataset/cEfh_VKhTwY_DiabloIII_49-32_1080p_1500k_av1,35,35,0,92,87,91,90,53,81,50,16,57,66,44,52,73,36,64,82,51,44,70,60,31,37,80,26,69,50,57,45,8,78,51,30,47,63,74,,,,,,,,,
amt_gaming_vqa_dataset/cEfh_VKhTwY_DiabloIII_49-32_1080p_5000k_av1,35,35,0,52,90,91,91,75,87,40,25,87,45,58,50,71,44,78,71,44,54,69,48,46,34,82,50,76,54,61,62,39,80,77,52,45,25,60,,,,,,,,,
amt_gaming_vqa_dataset/cEfh_VKhTwY_DiabloIII_49-32_1080p_500k_av1,35,35,0,46,80,91,93,73,27,72,37,71,25,68,50,62,35,69,83,30,40,69,31,57,45,79,57,68,20,33,58,35,62,10,30,55,33,67,,,,,,,,,
amt_gaming_vqa_dataset/cEfh_VKhTwY_DiabloIII_49-32_1080p_10000k_h264_nvenc,35,35,0,53,87,92,92,66,89,50,36,69,20,67,51,76,38,78,74,46,53,85,72,42,56,87,62,71,47,55,54,12,71,60,31,38,74,71,,,,,,,,,
amt_gaming_vqa_dataset/cEfh_VKhTwY_DiabloIII_49-32_1080p_2300k_h264_nvenc,35,35,0,49,86,92,88,73,83,13,60,80,69,60,27,73,36,69,74,49,24,50,16,22,38,63,67,70,44,54,57,37,56,54,37,46,27,44,,,,,,,,,
amt_gaming_vqa_dataset/cEfh_VKhTwY_DiabloIII_49-32_1080p_5300k_h264_nvenc,35,33,2,77,77,92,unset,74,86,34,18,67,66,58,52,68,35,69,100,78,52,unset,43,45,47,90,74,73,50,86,52,48,85,64,23,57,47,50,,,,,,,,,
amt_gaming_vqa_dataset/cEfh_VKhTwY_DiabloIII_49-32_1080p_2000k_hevc_nvenc,35,35,0,37,83,91,92,73,85,32,85,56,81,75,44,65,37,78,79,50,37,92,66,51,51,48,73,58,35,71,49,33,70,45,35,55,43,75,,,,,,,,,
amt_gaming_vqa_dataset/cEfh_VKhTwY_DiabloIII_49-32_1080p_6000k_hevc_nvenc,35,35,0,66,82,92,59,76,96,35,62,87,34,69,50,66,38,69,84,14,47,68,42,70,47,83,26,74,46,60,62,41,85,46,39,42,63,42,,,,,,,,,
amt_gaming_vqa_dataset/cEfh_VKhTwY_DiabloIII_49-32_1080p_800k_hevc_nvenc,35,35,0,69,93,92,90,72,50,30,69,58,75,44,57,64,35,59,78,28,48,64,37,70,42,60,27,79,52,69,43,41,66,42,34,56,35,72,,,,,,,,,
amt_gaming_vqa_dataset/dL5vzPLG18k_HalfLife2_29-00,35,34,1,30,41,8,40,12,unset,15,7,9,15,21,7,0,9,28,22,23,9,0,13,18,15,6,0,18,24,11,9,9,26,0,7,33,10,25,,,,,,,,,
amt_gaming_vqa_dataset/y_ITSBju9m_h8_RollerCoasterTycoon3_13-00_360p_800k_av1,35,35,0,60,29,50,49,36,68,50,63,53,55,31,60,30,40,50,56,35,43,71,55,42,34,74,93,36,57,79,9,9,65,79,26,59,89,80,,,,,,,,,
amt_gaming_vqa_dataset/y_ITSBju9m_h8_RollerCoasterTycoon3_13-00_360p_800k_h264_nvenc,35,35,0,60,54,30,58,35,38,50,23,26,13,29,70,9,37,31,39,12,9,0,52,26,22,51,100,31,74,32,8,11,50,100,20,57,79,34,,,,,,,,,
amt_gaming_vqa_dataset/y_ITSBju9m_h8_RollerCoasterTycoon3_13-00_360p_600k_hevc_nvenc,35,35,0,49,50,29,50,29,46,40,28,31,8,27,40,32,36,31,28,25,35,64,42,15,36,78,98,28,39,71,13,11,40,70,17,53,54,28,,,,,,,,,
amt_gaming_vqa_dataset/y_6wR3l2xR6rY_SonicDash_2-58_480p_1000k_av1,35,35,0,69,77,71,92,62,85,78,75,46,56,16,70,39,39,69,56,77,38,93,45,41,29,71,65,67,78,93,46,28,65,71,37,68,53,61,,,,,,,,,
amt_gaming_vqa_dataset/y_6wR3l2xR6rY_SonicDash_2-58_480p_1000k_h264_nvenc,35,35,0,69,54,71,86,54,64,81,10,38,54,0,59,0,46,50,55,77,16,19,12,43,10,16,43,42,62,7,8,9,59,34,31,62,45,37,,,,,,,,,
amt_gaming_vqa_dataset/Chl0eDpDdFk_Gardenscapes_2-18_1080p_2000k_hevc_nvenc,35,35,0,57,56,49,71,57,78,80,66,77,77,71,71,70,37,69,68,77,64,100,69,71,56,95,91,78,87,75,51,37,72,90,72,79,64,73,,,,,,,,,
amt_gaming_vqa_dataset/Chl0eDpDdFk_Gardenscapes_2-18_1080p_2300k_h264_nvenc,35,35,0,63,58,50,91,50,87,64,45,66,45,67,71,70,38,50,80,59,53,100,67,69,65,79,67,68,87,74,31,48,75,85,70,66,51,54,,,,,,,,,
amt_gaming_vqa_dataset/HrBdHxZdcrs_TheSims3_12-08_1080p_2000k_hevc_nvenc,35,35,0,88,55,50,92,66,85,75,85,77,75,50,72,39,38,59,74,45,43,95,55,67,34,68,70,66,76,61,50,42,69,70,68,82,66,75,,,,,,,,,
amt_gaming_vqa_dataset/Chl0eDpDdFk_Gardenscapes_2-18_1080p_10000k_h264_nvenc,35,33,2,79,62,50,unset,54,93,81,77,96,78,71,50,68,48,54,66,78,52,100,55,67,70,82,75,74,57,60,49,27,77,68,41,unset,77,74,,,,,,,,,
amt_gaming_vqa_dataset/HrBdHxZdcrs_TheSims3_12-08_1080p_6000k_hevc_nvenc,35,34,1,94,53,51,93,53,90,79,70,76,56,45,58,69,68,69,93,87,37,92,67,71,29,83,92,75,unset,92,46,25,65,92,71,61,75,74,,,,,,,,,
amt_gaming_vqa_dataset/HrBdHxZdcrs_TheSims3_12-08_1080p_800k_hevc_nvenc,35,35,0,62,47,50,71,28,38,69,24,41,23,26,42,15,27,31,29,76,3,28,29,13,10,17,93,31,52,31,37,9,50,71,42,56,25,20,,,,,,,,,
amt_gaming_vqa_dataset/y_kgZ5PfhuHVA_StardewValley_15-55_480p_1000k_av1,35,35,0,71,53,71,93,38,87,72,100,75,72,75,73,54,46,78,57,47,51,93,70,57,61,100,97,69,64,100,10,29,77,94,78,67,87,75,,,,,,,,,
amt_gaming_vqa_dataset/y_kgZ5PfhuHVA_StardewValley_15-55_480p_1000k_h264_nvenc,35,34,1,79,45,71,92,44,78,96,68,59,72,30,73,49,46,78,67,39,63,unset,57,57,63,89,97,67,69,96,20,13,67,85,46,66,82,42,,,,,,,,,
amt_gaming_vqa_dataset/y_kgZ5PfhuHVA_StardewValley_15-55_480p_800k_hevc_nvenc,35,35,0,48,55,70,83,56,84,88,90,81,66,50,51,41,45,69,74,10,61,49,68,70,61,81,59,80,31,100,10,7,66,96,51,59,80,55,,,,,,,,,
amt_gaming_vqa_dataset/M7Pz595vcs8_MarioKartTour_0-02,35,33,2,91,84,50,29,72,unset,80,76,74,88,65,73,66,45,78,91,62,72,69,67,68,64,unset,76,79,36,96,59,31,84,95,83,59,55,72,,,,,,,,,
amt_gaming_vqa_dataset/M7Pz595vcs8_MarioKartTour_0-02_720p_1300k_av1,35,33,2,89,81,51,92,72,88,65,62,71,80,55,51,52,45,78,62,21,47,unset,59,65,65,unset,93,79,44,72,72,11,68,92,70,55,86,71,,,,,,,,,
amt_gaming_vqa_dataset/M7Pz595vcs8_MarioKartTour_0-02_720p_3000k_av1,35,35,0,92,86,52,92,55,89,78,85,86,80,72,59,66,39,69,71,72,62,96,32,69,70,81,65,83,54,82,50,56,78,76,75,55,92,71,,,,,,,,,
amt_gaming_vqa_dataset/M7Pz595vcs8_MarioKartTour_0-02_720p_500k_av1,35,35,0,93,52,53,93,56,93,64,67,47,37,50,47,45,38,59,67,74,53,50,40,69,54,66,53,58,63,79,53,10,60,51,50,40,82,48,,,,,,,,,
amt_gaming_vqa_dataset/M7Pz595vcs8_MarioKartTour_0-02_720p_1000k_h264_nvenc,35,35,0,41,12,29,28,37,27,16,0,7,7,9,8,0,45,31,0,4,11,0,17,22,13,0,0,20,7,0,64,9,21,0,9,54,16,19,,,,,,,,,
amt_gaming_vqa_dataset/M7Pz595vcs8_MarioKartTour_0-02_720p_2500k_h264_nvenc,35,35,0,91,80,50,93,46,89,81,17,61,63,13,49,43,30,59,70,77,53,55,57,52,60,5,99,62,76,64,34,22,66,89,72,75,71,59,,,,,,,,,
amt_gaming_vqa_dataset/M7Pz595vcs8_MarioKartTour_0-02_720p_5000k_h264_nvenc,35,33,2,93,77,51,93,47,94,60,67,78,unset,61,71,59,37,78,71,50,57,unset,65,67,61,83,93,82,72,84,66,33,70,71,59,53,75,74,,,,,,,,,
amt_gaming_vqa_dataset/M7Pz595vcs8_MarioKartTour_0-02_720p_1500k_hevc_nvenc,35,35,0,90,83,50,93,65,93,50,74,78,63,50,50,59,43,83,85,80,61,100,71,55,62,80,93,83,72,86,46,45,59,57,63,65,74,73,,,,,,,,,
amt_gaming_vqa_dataset/M7Pz595vcs8_MarioKartTour_0-02_720p_3500k_hevc_nvenc,35,35,0,94,81,51,92,57,93,85,84,96,81,78,72,64,38,78,58,96,48,100,69,59,73,81,95,73,71,90,49,52,81,94,71,76,88,76,,,,,,,,,
amt_gaming_vqa_dataset/M7Pz595vcs8_MarioKartTour_0-02_720p_600k_hevc_nvenc,35,35,0,70,76,50,72,46,64,50,29,39,23,21,29,18,28,50,39,26,55,0,20,27,52,7,22,72,32,11,16,9,55,29,20,63,75,20,,,,,,,,,
amt_gaming_vqa_dataset/Chl0eDpDdFk_Gardenscapes_2-18,35,34,1,63,60,50,71,39,unset,73,61,69,65,69,59,74,38,78,68,96,60,95,72,69,67,80,71,71,77,74,57,45,71,93,71,64,43,77,,,,,,,,,
amt_gaming_vqa_dataset/Chl0eDpDdFk_Gardenscapes_2-18_1080p_1500k_av1,35,35,0,59,60,50,91,45,80,50,61,51,65,70,71,71,45,59,64,47,60,70,71,53,74,79,62,68,80,80,40,57,57,68,72,47,77,55,,,,,,,,,
amt_gaming_vqa_dataset/Chl0eDpDdFk_Gardenscapes_2-18_1080p_5000k_av1,35,35,0,44,70,50,71,50,90,84,31,78,57,74,74,68,36,59,77,96,61,94,68,57,60,81,87,47,73,87,62,53,72,100,79,64,80,69,,,,,,,,,
amt_gaming_vqa_dataset/Chl0eDpDdFk_Gardenscapes_2-18_1080p_500k_av1,35,35,0,67,59,50,64,44,55,68,58,67,34,70,71,54,48,69,80,88,49,100,69,42,62,66,71,74,48,90,46,32,64,65,44,52,54,75,,,,,,,,,
amt_gaming_vqa_dataset/gvU2wTK3h94_IceAgeVillage_8-41,35,33,2,92,83,unset,4,46,unset,85,33,64,33,46,71,50,66,50,70,72,35,58,57,37,36,76,85,55,79,88,51,39,83,88,32,41,35,57,,,,,,,,,
