video_name,total_ratings_count,valid_ratings_count,unset_count,final_rate1,final_rate2,final_rate3,final_rate4,final_rate5,final_rate6,final_rate7,final_rate8,final_rate9,final_rate10,final_rate11,final_rate12,final_rate13,final_rate14,final_rate15,final_rate16,final_rate17,final_rate18,final_rate19,final_rate20,final_rate21,final_rate22,final_rate23,final_rate24,final_rate25,final_rate26,final_rate27,final_rate28,final_rate29,final_rate30,final_rate31,final_rate32,final_rate33,final_rate34,final_rate35,final_rate36,final_rate37,final_rate38,final_rate39,final_rate40,final_rate41,final_rate42,final_rate43
amt_gaming_vqa_dataset/lxGvk91jPbc_IceAgeVillage_2-37,43,38,5,73,50,63,unset,59,0,75,78,unset,40,69,47,59,72,73,unset,54,72,94,67,78,77,45,92,28,71,68,86,87,83,96,unset,65,64,unset,73,69,74,84,74,62,94,59
amt_gaming_vqa_dataset/Nq13U3DXt2U_Myst_28-36_720p_5000k_h264_nvenc,43,41,2,76,94,50,38,50,92,41,59,49,16,51,49,32,65,15,92,42,50,78,78,55,45,46,40,58,unset,unset,50,58,55,48,52,68,52,56,70,39,31,31,76,49,72,57
amt_gaming_vqa_dataset/Nq13U3DXt2U_Myst_28-36_720p_3500k_hevc_nvenc,43,42,1,90,87,41,30,60,63,71,51,44,73,20,2,50,55,25,57,41,50,70,80,73,39,35,50,43,64,unset,45,95,60,41,52,63,49,71,63,30,20,34,81,57,50,42
amt_gaming_vqa_dataset/Nq13U3DXt2U_Myst_28-36_720p_600k_hevc_nvenc,43,43,0,25,37,8,20,46,50,28,12,41,15,27,50,2,22,6,46,26,41,36,79,76,21,26,31,15,68,17,31,20,43,24,33,18,46,5,15,25,22,11,35,9,6,29
amt_gaming_vqa_dataset/8yfoGo7unhM_FIFA_1-59,43,42,1,70,unset,38,40,61,8,72,27,30,72,79,50,50,24,48,62,46,55,74,57,63,58,41,87,67,71,79,74,91,59,95,53,56,59,78,74,51,36,52,55,71,91,75
amt_gaming_vqa_dataset/8yfoGo7unhM_FIFA_1-59_720p_1300k_av1,43,43,0,91,84,50,46,82,92,72,34,48,82,20,49,54,26,91,95,60,50,55,50,77,45,38,93,66,63,63,50,48,65,71,54,43,58,85,79,71,36,38,75,46,96,61
amt_gaming_vqa_dataset/8yfoGo7unhM_FIFA_1-59_720p_3000k_av1,43,41,2,68,94,59,38,57,92,71,68,54,22,72,52,64,unset,94,92,59,54,50,58,79,64,31,97,47,71,unset,78,89,54,67,72,50,61,67,54,72,27,69,63,69,97,74
amt_gaming_vqa_dataset/8yfoGo7unhM_FIFA_1-59_720p_500k_av1,43,43,0,63,74,51,47,53,93,51,35,50,36,73,70,29,14,57,94,52,29,66,51,70,63,40,88,44,48,62,59,68,70,60,52,29,41,65,47,93,34,59,50,42,50,41
amt_gaming_vqa_dataset/8yfoGo7unhM_FIFA_1-59_720p_1000k_h264_nvenc,43,43,0,29,59,60,47,24,93,70,28,49,19,50,65,59,18,17,56,52,30,36,50,77,27,45,88,71,73,86,72,13,47,48,52,38,71,73,57,90,39,32,55,24,59,36
amt_gaming_vqa_dataset/8yfoGo7unhM_FIFA_1-59_720p_2500k_h264_nvenc,43,42,1,50,90,59,45,62,92,73,32,50,25,72,91,62,37,89,93,52,50,68,51,67,39,57,72,37,68,56,78,unset,64,58,47,46,29,89,50,81,29,73,45,70,90,71
amt_gaming_vqa_dataset/8yfoGo7unhM_FIFA_1-59_720p_5000k_h264_nvenc,43,43,0,84,96,64,48,54,93,71,69,50,81,73,88,60,21,68,93,52,50,68,50,75,41,48,93,66,76,60,87,67,40,80,58,47,70,64,46,90,21,71,61,67,97,39
amt_gaming_vqa_dataset/8yfoGo7unhM_FIFA_1-59_720p_1500k_hevc_nvenc,43,43,0,50,87,50,44,55,92,83,62,41,26,51,64,59,33,47,94,59,44,77,59,71,40,39,72,48,100,77,64,69,70,69,50,34,61,74,70,91,37,67,48,65,94,38
amt_gaming_vqa_dataset/8yfoGo7unhM_FIFA_1-59_720p_3500k_hevc_nvenc,43,43,0,64,92,74,44,56,95,70,58,40,36,70,74,67,31,79,56,51,50,79,50,63,45,40,93,60,78,43,87,67,65,63,63,43,70,75,63,75,38,77,65,67,94,60
amt_gaming_vqa_dataset/8yfoGo7unhM_FIFA_1-59_720p_600k_hevc_nvenc,43,43,0,52,59,64,45,63,71,58,30,29,35,52,23,46,24,37,45,35,38,50,54,78,34,6,87,35,74,70,37,71,27,83,40,42,31,70,43,95,27,40,41,28,93,22
amt_gaming_vqa_dataset/y_ZMN7neUo3Fk_EuroTruckSimulator2_2-32_480p_1000k_av1,43,43,0,81,45,59,39,62,93,61,54,31,15,49,72,54,78,52,75,61,28,89,51,78,32,33,76,33,97,73,83,82,63,41,63,27,51,36,54,94,36,39,82,68,64,46
amt_gaming_vqa_dataset/y_ZMN7neUo3Fk_EuroTruckSimulator2_2-32_480p_1000k_h264_nvenc,43,41,2,59,45,49,unset,54,93,74,24,28,7,59,49,19,17,19,54,37,29,58,49,67,44,24,84,32,67,40,41,15,49,31,55,21,52,43,52,unset,19,13,56,23,45,32
amt_gaming_vqa_dataset/y_ZMN7neUo3Fk_EuroTruckSimulator2_2-32_480p_800k_hevc_nvenc,43,43,0,53,23,28,25,54,77,53,29,29,27,12,69,2,21,14,91,48,30,41,49,62,38,34,89,37,83,55,39,31,57,9,34,28,40,33,68,91,33,13,59,30,45,23
amt_gaming_vqa_dataset/y_pPCu2tCKBHQ_EuroTruckSimulator2_6-47_480p_1000k_av1,43,43,0,50,88,49,39,92,94,70,37,41,66,72,13,31,25,61,60,51,25,84,71,70,65,37,77,45,75,75,55,10,49,69,54,28,52,39,49,93,37,33,67,39,87,49
amt_gaming_vqa_dataset/y_pPCu2tCKBHQ_EuroTruckSimulator2_6-47_480p_1000k_h264_nvenc,43,43,0,41,88,37,36,59,95,43,53,29,27,70,18,18,24,16,55,44,30,50,60,54,54,19,53,24,55,35,40,31,43,46,51,18,41,26,47,92,37,31,87,41,52,31
amt_gaming_vqa_dataset/y_pPCu2tCKBHQ_EuroTruckSimulator2_6-47_480p_800k_hevc_nvenc,43,43,0,91,93,28,47,92,92,41,11,29,24,20,76,31,45,25,17,43,30,57,32,60,38,46,55,43,100,78,41,49,46,49,44,32,40,55,69,73,35,29,79,29,49,29
amt_gaming_vqa_dataset/LHO9HlqLtkk_WorldofWarcraft_2-50,43,42,1,30,unset,22,26,62,86,50,56,50,63,29,15,79,81,51,18,36,29,87,53,83,51,12,38,26,50,62,82,15,65,24,60,40,55,48,69,50,39,30,84,76,95,28
amt_gaming_vqa_dataset/Nq13U3DXt2U_Myst_28-36_720p_1500k_hevc_nvenc,43,43,0,50,55,41,35,62,60,30,29,29,26,14,29,43,17,52,55,46,30,39,74,75,25,19,65,22,10,35,50,66,59,56,60,63,51,21,52,24,20,32,67,28,50,36
amt_gaming_vqa_dataset/Nq13U3DXt2U_Myst_28-36_720p_2500k_h264_nvenc,43,43,0,76,85,29,33,63,59,50,52,29,25,28,72,15,30,17,76,39,40,63,70,72,83,27,20,54,42,68,40,47,53,50,47,68,46,43,60,48,38,23,44,40,50,19
amt_gaming_vqa_dataset/LHO9HlqLtkk_WorldofWarcraft_2-50_480p_1000k_h264_nvenc,43,43,0,45,51,40,21,55,60,29,72,50,65,23,11,59,81,34,45,33,52,59,51,80,29,21,51,33,31,25,22,29,60,44,44,54,50,89,62,33,36,28,58,34,50,20
amt_gaming_vqa_dataset/Nq13U3DXt2U_Myst_28-36_720p_1000k_h264_nvenc,43,43,0,16,43,30,30,28,40,1,17,9,14,16,11,5,15,4,14,28,40,20,33,72,21,18,20,64,40,4,13,22,35,27,31,28,29,29,31,48,6,12,39,13,4,22
amt_gaming_vqa_dataset/aAjWNgfYB-8_SubwaySurfers_0-00_1080p_5000k_av1,43,43,0,50,87,77,71,57,92,92,59,71,74,72,92,87,45,88,94,88,71,80,71,97,45,63,94,86,72,93,82,100,79,82,88,68,73,86,73,72,39,89,72,78,91,71
amt_gaming_vqa_dataset/aAjWNgfYB-8_SubwaySurfers_0-00_1080p_500k_av1,43,43,0,51,60,70,69,55,59,27,42,29,36,49,13,41,55,10,65,70,63,47,67,97,56,62,92,50,56,64,77,93,84,48,48,57,43,47,61,75,36,68,68,63,80,38
amt_gaming_vqa_dataset/aAjWNgfYB-8_SubwaySurfers_0-00_1080p_10000k_h264_nvenc,43,41,2,55,100,68,71,90,93,73,52,59,74,73,90,50,67,100,92,86,64,77,74,98,67,57,87,90,70,99,78,84,87,90,82,74,72,unset,85,unset,38,89,80,81,93,70
amt_gaming_vqa_dataset/aAjWNgfYB-8_SubwaySurfers_0-00_1080p_2300k_h264_nvenc,43,42,1,64,22,7,48,51,51,0,0,8,19,27,12,5,17,3,35,54,38,22,59,72,22,48,13,15,0,1,22,0,23,50,31,11,27,0,34,unset,47,40,46,14,39,29
amt_gaming_vqa_dataset/aAjWNgfYB-8_SubwaySurfers_0-00_1080p_5300k_h264_nvenc,43,41,2,56,88,59,57,82,70,69,28,40,70,49,26,20,22,16,56,68,50,43,71,97,64,59,93,29,44,4,68,19,65,91,30,60,50,unset,45,unset,54,68,64,62,50,71
amt_gaming_vqa_dataset/aAjWNgfYB-8_SubwaySurfers_0-00_1080p_2000k_hevc_nvenc,43,40,3,87,87,58,67,81,78,40,unset,40,57,49,19,54,24,12,63,68,36,49,60,97,14,53,unset,31,55,40,45,51,32,54,46,60,50,unset,72,81,38,50,69,70,88,71
amt_gaming_vqa_dataset/aAjWNgfYB-8_SubwaySurfers_0-00_1080p_6000k_hevc_nvenc,43,38,5,26,69,73,74,93,82,77,unset,41,63,74,100,90,46,59,92,84,71,84,72,79,57,57,unset,89,100,unset,54,72,75,91,87,78,unset,unset,83,71,51,78,86,78,92,67
amt_gaming_vqa_dataset/aAjWNgfYB-8_SubwaySurfers_0-00_1080p_800k_hevc_nvenc,43,40,3,75,55,62,54,60,92,50,unset,41,33,54,20,29,37,17,37,67,45,50,73,58,57,59,unset,44,53,44,83,47,61,60,46,51,43,unset,46,73,47,60,59,70,75,34
amt_gaming_vqa_dataset/y_QgRoVX1cYvk_Myst_16-31_480p_1000k_av1,43,43,0,72,96,88,63,69,91,59,59,50,54,71,53,72,69,70,92,72,59,75,77,55,51,31,93,64,94,47,69,65,83,91,60,62,59,71,72,81,47,80,78,41,91,60
amt_gaming_vqa_dataset/y_QgRoVX1cYvk_Myst_16-31_480p_1000k_h264_nvenc,43,42,1,15,59,40,43,60,90,74,10,50,34,49,50,31,25,18,92,38,50,38,51,68,26,10,60,62,60,19,83,87,63,65,57,27,48,13,55,unset,23,22,56,17,58,29
amt_gaming_vqa_dataset/y_QgRoVX1cYvk_Myst_16-31_480p_800k_hevc_nvenc,43,43,0,76,94,43,45,83,91,60,29,42,24,51,47,38,71,1,93,64,66,64,68,84,39,31,63,46,66,68,78,82,62,59,65,30,59,51,63,64,55,49,54,23,69,39
amt_gaming_vqa_dataset/gaTwfvmMmXI_AngryBirds2_14-18,43,41,2,71,unset,50,46,69,93,50,54,51,29,49,64,54,16,56,91,41,25,50,32,97,33,38,35,49,27,61,37,47,60,50,74,31,59,90,60,unset,28,40,60,42,55,43
amt_gaming_vqa_dataset/gaTwfvmMmXI_AngryBirds2_14-18_480p_1000k_av1,43,43,0,74,50,71,28,60,60,49,63,30,17,51,54,59,20,55,57,46,30,50,31,98,44,28,21,35,51,64,45,23,64,77,55,32,52,73,76,35,37,41,53,70,50,32
amt_gaming_vqa_dataset/gaTwfvmMmXI_AngryBirds2_14-18_480p_1000k_h264_nvenc,43,41,2,59,54,69,24,50,71,11,36,30,28,51,53,72,unset,31,73,36,29,57,32,97,40,16,22,48,56,unset,36,20,63,68,65,29,51,54,54,15,41,22,41,39,10,33
amt_gaming_vqa_dataset/gaTwfvmMmXI_AngryBirds2_14-18_480p_800k_hevc_nvenc,43,43,0,88,50,68,34,54,72,20,12,49,32,49,50,58,18,51,54,41,30,38,33,97,32,25,14,42,31,54,60,74,60,43,60,21,54,70,70,46,34,31,60,39,62,31
amt_gaming_vqa_dataset/Nq13U3DXt2U_Myst_28-36,43,37,6,78,unset,50,45,58,30,41,62,41,31,23,42,40,27,unset,59,46,43,31,71,60,45,13,50,47,51,46,unset,unset,72,58,59,71,unset,28,41,unset,15,35,76,26,48,28
amt_gaming_vqa_dataset/Nq13U3DXt2U_Myst_28-36_720p_1300k_av1,43,42,1,56,59,47,36,50,91,47,27,41,68,7,17,42,20,25,56,43,48,47,51,73,45,25,50,68,51,78,41,68,54,51,63,44,unset,31,55,48,28,40,58,65,54,38
amt_gaming_vqa_dataset/Nq13U3DXt2U_Myst_28-36_720p_3000k_av1,43,43,0,60,94,32,53,59,61,42,59,50,38,48,42,42,45,35,93,38,45,63,72,71,73,49,49,50,71,71,41,74,63,59,61,73,53,59,60,31,29,37,65,40,50,45
amt_gaming_vqa_dataset/Nq13U3DXt2U_Myst_28-36_720p_500k_av1,43,43,0,8,50,31,37,16,59,50,30,47,13,19,32,54,20,14,46,35,16,30,58,65,25,20,17,56,51,12,31,51,40,26,36,28,40,63,59,50,31,13,62,12,10,18
amt_gaming_vqa_dataset/LHO9HlqLtkk_WorldofWarcraft_2-50_480p_1000k_av1,43,43,0,70,44,50,21,73,93,51,75,58,64,18,23,43,79,25,8,29,26,87,70,97,59,13,45,39,0,49,27,23,41,27,45,40,48,52,27,18,36,23,54,77,85,33
amt_gaming_vqa_dataset/LHO9HlqLtkk_WorldofWarcraft_2-50_480p_800k_hevc_nvenc,43,43,0,69,23,59,18,85,59,52,33,59,35,51,21,35,79,24,24,28,17,50,61,97,35,5,60,30,49,30,36,42,48,33,44,72,41,36,59,28,30,29,63,39,96,34
amt_gaming_vqa_dataset/lxGvk91jPbc_IceAgeVillage_2-37_1080p_1500k_av1,43,43,0,57,71,52,69,55,70,71,87,70,50,75,40,13,67,74,69,63,71,85,58,59,85,56,85,40,59,72,84,87,80,94,36,64,85,24,56,69,86,71,69,61,91,93
amt_gaming_vqa_dataset/0oosqCBVaxY_StarCraft_28-28_1080p_6000k_hevc_nvenc,43,42,1,51,88,28,75,84,92,72,84,71,76,73,100,88,76,95,97,79,66,82,81,69,58,75,51,82,92,unset,87,68,86,76,74,57,71,79,86,70,57,86,81,87,95,38
amt_gaming_vqa_dataset/VPkBQ7e9zvk_StarCraft_3-50,43,41,2,15,unset,7,10,27,1,28,0,0,16,29,5,0,0,12,11,9,8,8,20,63,0,53,9,0,0,9,13,0,0,4,17,4,29,7,17,unset,13,7,18,22,16,9
amt_gaming_vqa_dataset/CVYN93MJDCE_Valheim_29-19,43,41,2,22,unset,3,41,10,9,28,0,29,7,5,39,23,13,16,9,9,18,14,30,68,73,6,16,22,0,45,3,0,23,7,21,20,28,28,23,unset,10,10,18,13,2,10
amt_gaming_vqa_dataset/y_75vBBJ_1n0s_FallGuys_2-14_480p_1000k_av1,43,43,0,69,88,59,46,20,92,72,33,70,35,51,36,40,45,67,54,52,71,78,59,52,26,38,89,53,92,40,37,64,59,57,65,67,53,38,74,41,38,59,60,79,40,78
amt_gaming_vqa_dataset/y_75vBBJ_1n0s_FallGuys_2-14_480p_1000k_h264_nvenc,43,42,1,13,55,14,38,22,40,15,3,9,9,17,10,21,12,2,8,27,30,45,50,68,21,19,18,26,0,1,13,6,17,9,33,16,28,4,17,unset,47,18,36,17,20,8
amt_gaming_vqa_dataset/y_75vBBJ_1n0s_FallGuys_2-14_480p_800k_hevc_nvenc,43,43,0,29,59,41,32,32,90,31,24,29,7,17,0,32,11,4,35,32,37,22,32,86,15,35,15,21,67,26,36,18,28,38,37,13,29,0,18,50,49,28,36,33,10,22
amt_gaming_vqa_dataset/LHO9HlqLtkk_WorldofWarcraft_1-53,43,42,1,18,unset,13,10,36,50,50,23,41,22,12,17,45,16,30,33,29,30,32,71,61,46,9,20,24,42,8,22,0,61,8,51,27,50,16,34,49,12,21,60,61,63,18
amt_gaming_vqa_dataset/LHO9HlqLtkk_WorldofWarcraft_1-53_480p_1000k_av1,43,43,0,37,20,29,25,50,41,70,0,30,15,21,6,8,9,13,12,29,30,57,31,70,19,16,16,36,7,45,35,0,43,36,32,18,29,23,49,26,9,10,70,21,38,13
amt_gaming_vqa_dataset/LHO9HlqLtkk_WorldofWarcraft_1-53_480p_1000k_h264_nvenc,43,43,0,29,22,8,27,45,50,28,0,28,16,29,5,41,11,12,18,31,12,36,27,79,26,8,17,10,15,27,27,0,26,8,37,27,29,13,30,27,9,28,63,30,40,14
amt_gaming_vqa_dataset/LHO9HlqLtkk_WorldofWarcraft_1-53_480p_800k_hevc_nvenc,43,43,0,56,21,22,11,46,40,30,0,30,11,15,6,8,10,7,55,28,11,32,30,59,20,8,23,25,30,32,31,0,27,32,25,18,29,17,17,25,10,24,59,15,52,15
amt_gaming_vqa_dataset/gLWwqxJP-d0_IceAgeVillage_5-49,43,40,3,92,unset,63,54,71,49,71,57,71,66,73,unset,80,unset,89,94,58,50,90,84,76,69,61,48,62,69,88,91,82,86,93,85,29,72,79,81,50,46,67,77,50,93,40
amt_gaming_vqa_dataset/gLWwqxJP-d0_IceAgeVillage_5-49_720p_1300k_av1,43,43,0,79,76,59,46,67,66,72,69,71,65,58,97,68,81,91,92,49,29,92,80,71,65,49,45,78,96,88,78,100,83,81,91,70,60,76,89,13,39,70,71,42,93,42
amt_gaming_vqa_dataset/gLWwqxJP-d0_IceAgeVillage_5-49_720p_3000k_av1,43,43,0,64,90,54,47,60,94,71,66,50,70,51,54,70,79,100,54,49,51,61,74,62,33,48,22,74,92,100,50,95,92,50,78,43,71,59,82,11,40,77,84,72,93,73
amt_gaming_vqa_dataset/gLWwqxJP-d0_IceAgeVillage_5-49_720p_500k_av1,43,43,0,67,45,64,45,60,94,59,46,70,55,51,92,59,33,89,91,45,56,42,76,71,82,46,37,81,92,92,69,95,81,78,79,48,71,65,76,13,41,52,70,50,67,50
amt_gaming_vqa_dataset/gLWwqxJP-d0_IceAgeVillage_5-49_720p_1000k_h264_nvenc,43,43,0,71,59,40,35,52,71,71,33,60,45,69,89,52,55,89,95,41,23,49,53,97,65,35,22,61,51,97,37,67,93,71,78,24,58,78,79,68,39,50,71,51,87,39
amt_gaming_vqa_dataset/gLWwqxJP-d0_IceAgeVillage_5-49_720p_2500k_h264_nvenc,43,43,0,72,77,64,44,59,92,74,100,62,54,26,98,58,88,90,64,62,40,75,88,78,69,42,31,72,82,95,77,86,80,96,76,44,72,65,82,24,38,65,71,41,96,26
amt_gaming_vqa_dataset/gLWwqxJP-d0_IceAgeVillage_5-49_720p_5000k_h264_nvenc,43,43,0,70,77,59,37,71,71,71,64,70,33,75,88,78,64,89,93,57,59,59,77,97,83,46,50,66,100,83,73,100,82,87,84,68,71,89,79,27,56,71,69,66,92,78
amt_gaming_vqa_dataset/gLWwqxJP-d0_IceAgeVillage_5-49_720p_1500k_hevc_nvenc,43,43,0,86,59,69,43,83,93,71,59,71,61,73,75,42,76,95,56,48,30,49,71,97,64,46,41,58,70,84,65,59,86,89,72,47,72,67,87,24,49,72,83,35,40,76
amt_gaming_vqa_dataset/gLWwqxJP-d0_IceAgeVillage_5-49_720p_3500k_hevc_nvenc,43,43,0,90,90,61,45,77,90,69,54,50,74,49,78,81,68,89,93,59,50,79,77,97,74,38,51,86,66,92,55,95,87,81,84,70,62,81,84,12,46,80,75,64,60,74
amt_gaming_vqa_dataset/gLWwqxJP-d0_IceAgeVillage_5-49_720p_600k_hevc_nvenc,43,43,0,50,22,59,35,92,83,71,48,51,13,28,12,43,17,89,92,34,27,38,58,97,21,37,35,64,50,88,45,64,58,31,55,24,71,70,77,12,36,48,76,56,36,32
amt_gaming_vqa_dataset/0oosqCBVaxY_StarCraft_28-28_1080p_800k_hevc_nvenc,43,43,0,33,23,60,29,77,92,71,27,50,80,50,77,67,45,88,92,56,50,71,65,83,78,66,45,74,95,70,65,12,77,66,54,62,51,79,53,8,36,50,70,40,83,40
amt_gaming_vqa_dataset/0oosqCBVaxY_StarCraft_28-28_1080p_2000k_hevc_nvenc,43,43,0,72,60,20,72,94,92,83,78,68,88,73,87,82,89,100,93,86,56,72,77,74,73,57,31,52,94,82,73,100,80,62,79,73,60,90,79,13,34,82,82,50,85,41
amt_gaming_vqa_dataset/TQCbclN8d0k_StardewValley_3-07,43,41,2,41,unset,68,46,51,8,59,58,50,67,76,100,59,30,94,55,54,60,34,61,75,44,48,72,61,71,89,87,66,83,62,85,40,71,89,76,unset,52,72,60,69,80,79
amt_gaming_vqa_dataset/0oosqCBVaxY_StarCraft_28-28_1080p_5300k_h264_nvenc,43,42,1,85,88,61,75,86,93,70,77,70,79,74,unset,82,79,99,94,70,60,75,87,97,73,59,47,93,100,61,83,94,77,88,79,71,71,69,80,22,48,78,87,60,97,40
amt_gaming_vqa_dataset/TQCbclN8d0k_StardewValley_3-07_720p_1300k_av1,43,43,0,41,87,60,46,60,78,60,62,52,74,49,100,70,63,92,94,55,69,37,63,97,50,36,72,77,99,90,46,94,89,68,69,56,72,93,80,24,58,71,44,43,44,92
amt_gaming_vqa_dataset/TQCbclN8d0k_StardewValley_3-07_720p_3000k_av1,43,43,0,92,87,64,42,54,80,71,72,57,83,51,60,65,25,55,93,51,65,66,50,66,64,41,51,68,68,90,66,96,83,70,81,69,71,92,76,44,46,92,38,75,87,75
amt_gaming_vqa_dataset/TQCbclN8d0k_StardewValley_3-07_720p_500k_av1,43,43,0,59,59,60,52,49,80,50,72,50,77,25,100,57,36,100,56,42,63,61,53,77,43,40,70,77,85,90,59,50,84,66,60,44,71,93,85,46,56,82,55,70,92,61
amt_gaming_vqa_dataset/TQCbclN8d0k_StardewValley_3-07_720p_1000k_h264_nvenc,43,43,0,88,50,58,49,56,70,51,53,50,82,71,100,33,55,88,57,52,53,52,59,63,37,47,52,58,86,100,82,68,76,56,60,44,71,85,69,37,55,68,83,80,50,59
amt_gaming_vqa_dataset/TQCbclN8d0k_StardewValley_3-07_720p_2500k_h264_nvenc,43,42,1,90,60,59,42,61,49,60,51,53,79,71,89,66,38,unset,91,52,55,50,58,97,33,38,67,68,96,88,59,93,81,57,69,29,72,89,73,25,54,78,50,74,90,71
amt_gaming_vqa_dataset/TQCbclN8d0k_StardewValley_3-07_720p_5000k_h264_nvenc,43,43,0,71,87,67,53,54,75,59,64,60,76,27,89,64,55,100,95,52,59,43,68,84,44,55,50,64,70,88,41,94,76,69,76,47,61,83,77,36,55,92,38,78,91,69
amt_gaming_vqa_dataset/TQCbclN8d0k_StardewValley_3-07_720p_1500k_hevc_nvenc,43,43,0,78,79,67,47,58,70,50,75,50,75,71,78,50,55,100,63,49,50,36,58,60,36,49,71,74,68,90,65,100,83,69,60,57,59,88,83,34,56,69,32,69,95,70
amt_gaming_vqa_dataset/TQCbclN8d0k_StardewValley_3-07_720p_3500k_hevc_nvenc,43,43,0,42,87,59,55,57,71,72,72,59,71,27,100,69,56,91,93,56,41,50,55,81,28,12,71,77,97,93,69,69,81,68,66,42,61,84,78,22,53,78,46,68,91,80
amt_gaming_vqa_dataset/TQCbclN8d0k_StardewValley_3-07_720p_600k_hevc_nvenc,43,43,0,60,39,65,44,59,60,55,37,50,67,54,90,30,36,88,47,48,50,60,50,56,73,56,72,81,65,99,70,64,73,65,51,16,71,85,69,17,57,37,47,50,83,36
amt_gaming_vqa_dataset/jrjI3pnNcFA_RollerCoasterTycoon3_9-45,43,40,3,17,unset,8,9,17,1,0,0,0,5,23,6,4,20,11,12,24,29,9,32,71,0,10,13,22,34,unset,22,0,31,6,14,13,28,34,21,unset,13,15,19,14,3,9
amt_gaming_vqa_dataset/aOSaIseir1o_SuperMarioRun_0-03_480p_1000k_av1,43,43,0,53,94,87,73,54,63,79,72,70,75,28,86,72,75,88,93,69,73,60,50,97,69,65,53,76,100,50,87,95,88,83,87,73,73,63,86,71,31,50,50,86,86,77
amt_gaming_vqa_dataset/aOSaIseir1o_SuperMarioRun_0-03_480p_1000k_h264_nvenc,43,43,0,50,93,60,62,53,70,73,52,72,86,52,88,62,71,72,45,54,50,72,50,80,35,67,70,67,94,77,40,96,81,71,86,67,72,85,91,67,29,49,59,59,94,71
amt_gaming_vqa_dataset/aOSaIseir1o_SuperMarioRun_0-03_480p_800k_hevc_nvenc,43,43,0,34,94,64,74,53,68,69,41,70,84,51,49,72,73,42,94,70,71,61,52,77,69,51,72,95,94,81,69,87,85,56,87,69,73,79,81,63,30,50,59,78,89,80
amt_gaming_vqa_dataset/0oosqCBVaxY_StarCraft_28-28,43,40,3,59,unset,52,48,50,2,70,60,70,82,72,89,96,unset,95,94,73,54,71,78,97,41,74,44,86,70,71,82,98,77,92,85,73,60,80,88,unset,57,79,84,77,95,75
amt_gaming_vqa_dataset/0oosqCBVaxY_StarCraft_28-28_1080p_1500k_av1,43,43,0,64,51,29,67,93,92,72,61,59,82,73,95,72,62,75,64,73,59,71,79,60,44,59,42,82,88,77,87,100,89,81,67,72,62,100,88,19,57,80,78,71,89,70
amt_gaming_vqa_dataset/0oosqCBVaxY_StarCraft_28-28_1080p_5000k_av1,43,43,0,85,64,50,75,86,92,71,63,70,82,54,95,88,79,64,93,82,50,70,78,61,77,67,37,92,100,80,84,68,84,93,76,67,59,69,83,11,50,78,86,78,98,59
amt_gaming_vqa_dataset/0oosqCBVaxY_StarCraft_28-28_1080p_500k_av1,43,43,0,24,15,50,38,63,59,50,44,68,74,71,80,78,81,69,94,56,41,75,71,75,36,57,41,52,91,79,40,68,80,59,85,57,60,72,79,28,48,50,75,32,38,35
amt_gaming_vqa_dataset/0oosqCBVaxY_StarCraft_28-28_1080p_10000k_h264_nvenc,43,43,0,74,87,28,76,82,92,72,100,71,82,92,90,76,87,100,93,84,57,93,70,74,37,64,40,77,90,85,92,88,82,90,78,70,72,82,79,22,59,69,77,78,95,71
amt_gaming_vqa_dataset/0oosqCBVaxY_StarCraft_28-28_1080p_2300k_h264_nvenc,43,43,0,29,74,59,76,71,90,71,34,68,87,52,76,92,64,90,64,71,66,76,81,71,41,60,29,89,68,77,78,98,87,93,77,61,58,75,74,17,54,69,68,49,98,57
amt_gaming_vqa_dataset/aAjWNgfYB-8_SubwaySurfers_0-00_1080p_1500k_av1,43,43,0,56,54,72,68,91,73,50,56,50,56,51,31,61,27,22,8,73,50,81,71,97,30,58,81,50,69,96,87,93,81,90,55,71,57,75,69,72,37,78,87,80,85,78
amt_gaming_vqa_dataset/aAjWNgfYB-8_SubwaySurfers_0-00,43,42,1,18,unset,68,75,83,3,70,52,50,76,72,91,96,67,70,43,79,85,64,59,97,66,65,82,77,93,100,91,93,92,91,93,74,72,100,76,51,29,91,79,90,95,86
amt_gaming_vqa_dataset/lxGvk91jPbc_IceAgeVillage_2-37_1080p_5000k_av1,43,43,0,56,60,46,68,55,59,70,85,71,50,72,52,59,68,72,71,56,72,100,66,59,78,44,47,52,60,94,88,77,79,88,85,75,81,8,61,70,74,86,63,65,93,87
amt_gaming_vqa_dataset/9pZUBpZomdk_AngryBirds2_0-05_1080p_6000k_hevc_nvenc,43,39,4,23,59,52,87,82,49,70,78,71,57,35,64,unset,59,73,67,72,50,69,57,50,85,55,62,unset,93,69,78,unset,83,unset,80,73,92,27,79,70,90,82,83,42,91,53
amt_gaming_vqa_dataset/9pZUBpZomdk_AngryBirds2_0-05_1080p_5300k_h264_nvenc,43,42,1,32,87,40,60,67,67,65,87,50,70,31,61,59,46,75,80,74,50,unset,59,64,80,56,80,71,87,97,85,77,86,64,22,75,82,44,75,70,74,78,50,54,94,64
amt_gaming_vqa_dataset/9pZUBpZomdk_AngryBirds2_0-05_1080p_2300k_h264_nvenc,43,43,0,31,78,71,59,64,59,73,87,50,71,56,53,61,56,82,74,76,50,85,52,49,79,62,67,72,69,84,64,74,81,58,50,63,84,30,51,66,78,63,62,38,93,54
amt_gaming_vqa_dataset/9pZUBpZomdk_AngryBirds2_0-05_1080p_10000k_h264_nvenc,43,42,1,25,50,38,59,58,68,50,85,50,70,56,52,49,58,71,71,76,66,unset,66,46,89,56,82,63,70,93,74,50,73,73,55,74,80,49,49,69,74,87,50,47,97,57
amt_gaming_vqa_dataset/9pZUBpZomdk_AngryBirds2_0-05_1080p_500k_av1,43,43,0,28,70,45,51,84,90,79,87,70,63,26,51,61,28,72,50,68,54,95,68,49,73,49,25,65,100,85,79,77,81,73,31,48,87,33,62,86,72,70,61,63,95,59
amt_gaming_vqa_dataset/9pZUBpZomdk_AngryBirds2_0-05_1080p_5000k_av1,43,43,0,30,79,46,63,77,50,77,87,50,50,45,63,60,43,72,62,73,70,62,62,77,84,56,92,72,84,78,80,77,83,83,71,82,83,46,67,78,43,78,59,61,88,64
amt_gaming_vqa_dataset/9pZUBpZomdk_AngryBirds2_0-05_1080p_1500k_av1,43,43,0,30,69,55,80,77,70,82,68,50,55,46,62,50,59,72,79,78,49,90,67,50,86,57,73,49,49,75,84,69,81,30,46,67,86,69,81,71,70,87,62,63,88,73
amt_gaming_vqa_dataset/9pZUBpZomdk_AngryBirds2_0-05,43,40,3,42,50,68,unset,42,29,74,73,unset,79,56,61,62,70,73,unset,66,50,100,62,62,78,55,83,88,50,92,85,69,83,78,54,73,81,50,85,78,72,80,51,65,61,91
amt_gaming_vqa_dataset/NvgnOQbJZC8_StarCraft_1-32_720p_600k_hevc_nvenc,43,43,0,82,68,57,50,35,88,63,87,71,31,65,27,31,19,30,65,65,10,66,50,75,21,17,7,28,66,43,20,13,30,38,26,9,34,30,69,22,31,25,51,25,10,41
amt_gaming_vqa_dataset/NvgnOQbJZC8_StarCraft_1-32_720p_3500k_hevc_nvenc,43,43,0,86,78,56,93,46,59,70,87,72,30,72,53,75,36,51,69,67,52,57,73,73,52,43,40,46,70,100,53,44,58,62,89,46,65,28,76,33,73,79,78,61,91,87
amt_gaming_vqa_dataset/NvgnOQbJZC8_StarCraft_1-32_720p_1500k_hevc_nvenc,43,43,0,74,70,53,88,39,93,69,87,71,41,87,63,73,26,48,78,44,79,82,53,74,62,44,36,50,97,100,24,40,59,45,64,42,67,7,55,44,26,70,64,52,29,83
amt_gaming_vqa_dataset/NvgnOQbJZC8_StarCraft_1-32_720p_5000k_h264_nvenc,43,41,2,93,78,78,93,59,unset,71,92,unset,48,92,67,72,36,31,50,68,71,75,63,77,25,58,45,45,100,78,55,41,71,48,54,67,75,30,75,41,52,77,86,53,57,87
amt_gaming_vqa_dataset/NvgnOQbJZC8_StarCraft_1-32_720p_2500k_h264_nvenc,43,43,0,82,59,68,89,53,91,64,86,70,56,24,49,59,38,17,33,62,78,69,60,75,55,41,33,50,51,96,47,59,59,58,75,30,73,29,77,29,35,76,61,48,94,87
amt_gaming_vqa_dataset/NvgnOQbJZC8_StarCraft_1-32_720p_1000k_h264_nvenc,43,43,0,91,50,65,65,47,91,69,73,72,34,35,50,71,14,51,59,67,36,45,56,78,20,20,38,26,50,67,51,16,35,68,71,20,64,6,56,50,30,23,55,29,50,76
amt_gaming_vqa_dataset/NvgnOQbJZC8_StarCraft_1-32_720p_500k_av1,43,43,0,43,70,42,59,79,85,60,68,72,20,11,27,50,18,28,61,75,37,70,55,75,22,7,10,19,50,53,25,35,34,69,26,19,27,35,71,27,22,41,50,53,11,66
amt_gaming_vqa_dataset/NvgnOQbJZC8_StarCraft_1-32_720p_3000k_av1,43,43,0,86,72,71,86,46,88,77,93,71,50,83,40,72,20,49,68,63,31,84,54,60,59,46,68,50,70,94,47,63,70,64,93,30,66,24,64,61,37,41,65,55,77,87
amt_gaming_vqa_dataset/NvgnOQbJZC8_StarCraft_1-32_720p_1300k_av1,43,43,0,85,70,48,95,48,91,64,87,73,41,72,14,60,29,50,66,78,29,63,59,76,53,36,31,68,90,66,51,50,63,31,66,27,50,29,57,34,37,78,74,60,63,66
amt_gaming_vqa_dataset/NvgnOQbJZC8_StarCraft_1-32,43,41,2,90,70,88,unset,56,4,66,59,72,64,36,61,71,37,73,unset,63,63,86,67,78,65,39,56,71,68,88,64,55,68,50,74,69,72,50,71,50,40,75,60,62,94,78
amt_gaming_vqa_dataset/wvKrS1h7Z6U_FallGuys_4-12_1080p_800k_hevc_nvenc,43,43,0,71,51,55,85,74,92,69,78,71,30,34,9,62,42,50,45,77,42,64,47,78,57,40,37,18,90,95,71,63,34,96,86,17,65,33,68,40,36,20,40,24,54,46
amt_gaming_vqa_dataset/wvKrS1h7Z6U_FallGuys_4-12_1080p_6000k_hevc_nvenc,43,42,1,86,50,55,94,74,36,81,78,71,61,79,56,59,70,71,72,66,50,100,59,76,79,64,77,92,100,100,84,87,78,96,unset,62,70,50,64,67,40,79,60,55,92,77
amt_gaming_vqa_dataset/9pZUBpZomdk_AngryBirds2_0-05_1080p_2000k_hevc_nvenc,43,38,5,27,79,71,59,74,71,71,87,50,66,unset,60,unset,56,51,78,64,41,84,60,54,80,50,50,unset,70,93,79,unset,78,unset,33,83,80,28,71,78,72,75,79,38,93,61
amt_gaming_vqa_dataset/9pZUBpZomdk_AngryBirds2_0-05_1080p_800k_hevc_nvenc,43,39,4,37,70,44,64,56,60,76,87,50,70,47,34,unset,31,70,81,57,19,70,56,50,64,57,66,unset,72,73,76,unset,65,unset,74,65,53,22,73,62,71,63,45,47,84,64
amt_gaming_vqa_dataset/lxGvk91jPbc_IceAgeVillage_2-37_1080p_500k_av1,43,43,0,57,39,58,43,54,93,71,85,70,50,21,53,22,42,51,81,44,50,100,52,71,48,47,44,16,52,92,75,87,74,96,65,73,78,25,71,50,39,71,61,61,50,49
amt_gaming_vqa_dataset/HpcO0MPaK-8_FIFA_7-39,43,39,4,23,31,44,unset,31,unset,65,46,29,17,32,11,13,17,72,unset,62,35,35,30,33,30,19,21,40,50,64,54,60,51,21,56,14,62,unset,70,31,18,41,34,29,59,46
amt_gaming_vqa_dataset/7-hLU5CPD88_AngryBirds2_4-26_720p_600k_hevc_nvenc,43,43,0,30,78,40,64,47,87,66,50,71,37,43,55,60,42,52,67,67,47,64,48,65,58,48,46,51,100,72,76,22,71,62,50,36,85,35,70,31,40,63,54,51,50,72
amt_gaming_vqa_dataset/7-hLU5CPD88_AngryBirds2_4-26_720p_3500k_hevc_nvenc,43,43,0,27,70,53,55,47,88,68,93,71,59,41,44,59,64,55,77,72,47,73,56,74,78,21,80,69,72,88,87,49,66,49,76,32,85,24,61,69,61,69,72,55,92,83
amt_gaming_vqa_dataset/7-hLU5CPD88_AngryBirds2_4-26_720p_1500k_hevc_nvenc,43,43,0,44,78,39,44,46,93,77,86,72,64,35,55,59,65,49,69,79,24,92,58,72,59,29,40,46,62,83,85,46,82,57,69,65,83,26,84,64,41,65,41,57,75,87
amt_gaming_vqa_dataset/7-hLU5CPD88_AngryBirds2_4-26_720p_5000k_h264_nvenc,43,41,2,30,78,68,87,40,92,72,87,unset,49,46,55,50,68,52,71,37,50,100,57,72,86,43,83,38,unset,59,77,58,80,63,67,73,77,42,69,69,29,78,48,55,60,92
amt_gaming_vqa_dataset/7-hLU5CPD88_AngryBirds2_4-26_720p_2500k_h264_nvenc,43,43,0,30,88,57,79,39,90,74,87,71,51,55,61,66,37,51,68,77,39,91,52,64,49,46,55,56,100,95,77,69,89,73,43,79,79,17,73,69,71,79,50,44,40,73
amt_gaming_vqa_dataset/7-hLU5CPD88_AngryBirds2_4-26_720p_1000k_h264_nvenc,43,43,0,23,71,41,69,44,92,82,62,71,55,43,50,59,49,51,73,30,64,60,53,58,47,28,25,57,100,91,77,50,87,40,35,64,81,21,72,69,41,66,43,28,78,55
amt_gaming_vqa_dataset/7-hLU5CPD88_AngryBirds2_4-26_720p_500k_av1,43,43,0,32,71,57,45,57,91,72,87,71,41,57,67,60,58,48,73,67,47,81,47,71,68,45,49,35,97,91,75,50,80,86,84,57,80,28,65,66,37,78,54,37,90,73
amt_gaming_vqa_dataset/7-hLU5CPD88_AngryBirds2_4-26_720p_3000k_av1,43,43,0,29,60,59,88,37,91,72,87,71,59,34,72,60,65,51,47,58,100,100,61,64,78,43,78,44,100,66,73,51,84,37,36,32,72,29,56,81,37,79,63,44,87,79
amt_gaming_vqa_dataset/7-hLU5CPD88_AngryBirds2_4-26_720p_1300k_av1,43,43,0,32,87,53,80,36,91,63,87,71,56,44,61,70,64,73,71,64,31,68,34,77,66,36,62,50,94,75,83,86,85,64,36,63,75,46,68,67,53,77,69,54,98,78
amt_gaming_vqa_dataset/7-hLU5CPD88_AngryBirds2_4-26,43,39,4,38,83,40,unset,55,11,71,54,unset,46,unset,64,60,47,52,unset,59,91,95,49,74,75,27,49,48,69,100,86,91,71,63,81,66,92,50,84,69,57,75,37,46,85,86
amt_gaming_vqa_dataset/HpcO0MPaK-8_FIFA_7-39_720p_600k_hevc_nvenc,43,43,0,26,69,45,45,26,59,66,59,29,38,11,12,23,12,2,16,59,29,47,31,33,30,35,5,16,40,13,37,31,53,17,50,23,25,31,79,8,12,36,29,14,59,73
amt_gaming_vqa_dataset/HpcO0MPaK-8_FIFA_7-39_720p_3500k_hevc_nvenc,43,43,0,34,50,36,88,36,14,65,78,29,48,31,21,32,17,27,37,77,43,49,30,35,77,17,36,22,38,44,57,44,55,22,27,33,54,53,68,13,16,40,50,29,80,39
amt_gaming_vqa_dataset/HpcO0MPaK-8_FIFA_7-39_720p_1500k_hevc_nvenc,43,43,0,27,59,40,79,29,79,70,78,29,36,15,15,22,19,23,31,76,35,22,31,62,22,13,17,73,59,66,45,13,52,49,26,15,48,50,62,22,14,31,40,14,94,59
amt_gaming_vqa_dataset/HpcO0MPaK-8_FIFA_7-39_720p_5000k_h264_nvenc,43,42,1,27,61,41,86,31,78,57,78,unset,23,26,25,0,13,26,34,69,51,44,34,57,68,21,21,21,51,100,33,40,49,44,37,20,63,43,69,13,29,41,37,30,69,70
amt_gaming_vqa_dataset/HpcO0MPaK-8_FIFA_7-39_720p_2500k_h264_nvenc,43,43,0,20,36,41,88,29,91,73,76,29,40,16,13,19,18,49,15,79,50,53,36,31,33,14,42,19,41,49,30,63,44,41,36,38,54,46,79,30,18,41,35,8,61,41
amt_gaming_vqa_dataset/HpcO0MPaK-8_FIFA_7-39_720p_1000k_h264_nvenc,43,42,1,26,36,31,55,35,58,62,60,29,10,15,15,22,15,21,22,65,31,40,36,32,32,11,7,40,57,27,46,32,52,12,unset,33,49,53,67,8,13,29,27,25,59,40
amt_gaming_vqa_dataset/HpcO0MPaK-8_FIFA_7-39_720p_500k_av1,43,43,0,26,41,39,45,29,71,59,73,29,38,20,20,13,15,73,17,57,38,43,32,45,30,11,15,16,49,25,29,25,57,16,15,15,59,24,72,31,16,31,35,23,40,50
amt_gaming_vqa_dataset/HpcO0MPaK-8_FIFA_7-39_720p_3000k_av1,43,43,0,32,40,44,94,37,78,65,45,29,42,18,22,30,14,18,29,69,49,41,31,33,30,12,5,62,41,59,55,31,62,15,13,20,50,44,79,8,16,77,41,19,62,57
amt_gaming_vqa_dataset/HpcO0MPaK-8_FIFA_7-39_720p_1300k_av1,43,43,0,16,50,64,69,36,60,49,64,29,41,26,29,24,17,21,18,67,40,54,32,34,59,28,11,17,51,58,60,41,52,21,25,22,50,45,79,23,29,63,21,26,60,44
amt_gaming_vqa_dataset/wvKrS1h7Z6U_FallGuys_4-12_1080p_2000k_hevc_nvenc,43,43,0,70,64,59,93,69,92,80,94,71,56,80,37,60,64,73,85,62,51,89,60,81,97,55,89,70,100,67,87,87,94,92,92,62,88,46,67,88,74,77,50,52,97,92
amt_gaming_vqa_dataset/wvKrS1h7Z6U_FallGuys_4-12_1080p_5300k_h264_nvenc,43,42,1,66,79,57,94,75,unset,73,93,71,71,74,48,60,69,71,84,78,57,100,57,71,94,58,86,50,100,71,86,96,97,95,90,64,95,25,71,78,91,80,50,47,71,87
amt_gaming_vqa_dataset/wvKrS1h7Z6U_FallGuys_4-12_1080p_2300k_h264_nvenc,43,43,0,79,73,55,93,71,94,74,87,73,65,23,29,68,68,71,68,65,49,93,51,73,80,57,93,50,79,91,81,96,80,97,81,62,90,34,71,45,67,70,57,38,56,68
amt_gaming_vqa_dataset/wvKrS1h7Z6U_FallGuys_4-12_1080p_10000k_h264_nvenc,43,42,1,66,70,59,95,64,91,79,93,71,67,81,49,60,64,74,83,62,74,82,71,78,98,63,99,57,unset,100,63,95,87,92,64,73,90,48,76,78,80,78,60,52,84,83
amt_gaming_vqa_dataset/g9Gd3VnIDeY_Terraria_5-39_1080p_5000k_av1,43,43,0,61,50,71,72,56,39,76,63,50,59,46,56,41,59,49,43,66,49,55,67,59,50,47,24,38,93,87,79,21,75,61,45,30,67,14,70,54,69,74,38,52,82,49
amt_gaming_vqa_dataset/g9Gd3VnIDeY_Terraria_5-39_1080p_1500k_av1,43,43,0,50,50,61,59,55,70,61,44,49,71,44,50,28,28,28,43,68,50,60,71,30,64,45,51,22,66,68,60,30,74,10,50,66,80,7,72,68,84,79,50,55,84,68
amt_gaming_vqa_dataset/g9Gd3VnIDeY_Terraria_5-39,43,40,3,55,70,64,unset,64,8,62,55,50,59,26,35,21,58,21,unset,78,50,63,65,63,58,47,30,23,100,68,65,35,75,39,47,61,74,unset,65,44,71,69,30,45,85,41
amt_gaming_vqa_dataset/vFgHHcjlsa4_HalfLife2_22-39_1080p_800k_hevc_nvenc,43,43,0,50,60,83,43,55,92,77,64,91,57,68,33,50,22,53,31,65,32,43,52,75,38,44,30,96,50,92,37,50,42,59,21,19,63,49,73,22,31,25,43,44,59,64
amt_gaming_vqa_dataset/vFgHHcjlsa4_HalfLife2_22-39_1080p_6000k_hevc_nvenc,43,43,0,70,78,80,94,56,93,78,88,91,77,85,50,59,56,81,85,60,72,61,69,70,73,64,52,95,86,100,58,60,50,76,17,34,62,29,73,92,60,87,89,68,91,81
amt_gaming_vqa_dataset/vFgHHcjlsa4_HalfLife2_22-39_1080p_2000k_hevc_nvenc,43,42,1,69,70,69,93,71,92,72,55,92,76,76,45,unset,68,73,69,73,40,72,64,75,59,64,78,93,94,54,65,31,61,65,79,55,69,48,73,69,40,65,78,39,92,73
amt_gaming_vqa_dataset/vFgHHcjlsa4_HalfLife2_22-39_1080p_5300k_h264_nvenc,43,42,1,69,70,77,90,57,93,85,87,71,72,78,61,71,76,51,88,81,81,51,69,68,42,46,81,95,52,92,53,70,63,50,74,73,63,unset,65,71,78,67,83,52,87,79
amt_gaming_vqa_dataset/vFgHHcjlsa4_HalfLife2_22-39_1080p_2300k_h264_nvenc,43,41,2,72,40,56,93,47,90,72,87,91,67,85,56,71,64,51,70,65,32,72,58,67,59,44,44,95,77,58,67,73,51,unset,25,44,47,unset,61,50,62,29,72,49,50,73
amt_gaming_vqa_dataset/vFgHHcjlsa4_HalfLife2_22-39_1080p_10000k_h264_nvenc,43,39,4,64,59,86,93,66,unset,87,93,unset,79,76,52,41,74,72,82,67,70,81,67,50,44,61,54,96,69,96,59,22,65,82,unset,56,58,unset,85,78,52,70,58,50,98,78
amt_gaming_vqa_dataset/vFgHHcjlsa4_HalfLife2_22-39_1080p_500k_av1,43,43,0,58,49,79,85,58,90,88,76,91,72,64,37,60,59,52,82,52,47,90,57,72,29,49,68,96,65,85,54,68,68,53,66,29,60,30,71,32,49,23,83,53,50,64
amt_gaming_vqa_dataset/vFgHHcjlsa4_HalfLife2_22-39_1080p_5000k_av1,43,42,1,61,78,64,90,77,87,76,87,29,86,unset,51,50,71,70,63,65,50,74,67,78,72,46,63,94,90,67,68,83,74,87,65,80,94,50,51,66,70,82,63,51,92,75
amt_gaming_vqa_dataset/vFgHHcjlsa4_HalfLife2_22-39_1080p_1500k_av1,43,43,0,74,78,70,81,73,92,82,60,91,69,23,51,70,65,74,69,63,68,91,71,76,60,63,68,90,72,70,58,63,63,69,78,25,66,42,71,55,68,70,67,62,56,83
amt_gaming_vqa_dataset/vFgHHcjlsa4_HalfLife2_22-39,43,37,6,65,78,74,unset,77,0,88,unset,unset,54,63,55,71,76,51,unset,61,57,91,68,72,59,52,68,92,92,77,59,69,60,77,unset,73,78,unset,79,69,67,72,87,56,91,68
amt_gaming_vqa_dataset/lxGvk91jPbc_IceAgeVillage_2-37_1080p_800k_hevc_nvenc,43,43,0,59,50,46,64,46,73,69,80,71,32,65,29,41,56,53,65,74,21,70,48,61,81,46,82,19,51,52,78,87,52,93,70,33,78,11,54,22,57,23,63,61,90,54
amt_gaming_vqa_dataset/lxGvk91jPbc_IceAgeVillage_2-37_1080p_6000k_hevc_nvenc,43,42,1,60,70,62,93,56,78,70,87,68,50,75,60,32,61,51,67,67,72,94,53,68,85,46,82,50,unset,53,85,87,72,96,18,71,94,7,71,72,77,81,69,67,94,83
amt_gaming_vqa_dataset/lxGvk91jPbc_IceAgeVillage_2-37_1080p_2000k_hevc_nvenc,43,42,1,57,59,59,79,55,90,67,64,71,50,38,41,40,55,48,63,67,72,83,36,50,86,56,77,83,52,61,75,93,77,96,unset,71,89,19,66,69,72,70,86,67,91,77
amt_gaming_vqa_dataset/lxGvk91jPbc_IceAgeVillage_2-37_1080p_5300k_h264_nvenc,43,43,0,57,71,73,90,59,70,72,85,70,68,70,49,60,63,74,71,79,42,100,55,49,98,55,88,51,50,69,72,92,78,96,63,72,69,29,78,87,74,81,74,61,89,83
amt_gaming_vqa_dataset/lxGvk91jPbc_IceAgeVillage_2-37_1080p_2300k_h264_nvenc,43,43,0,53,59,52,59,39,71,65,78,71,62,35,48,4,65,50,62,57,33,100,48,60,91,50,90,40,94,96,80,87,87,96,74,72,83,10,65,70,78,69,63,60,91,83
amt_gaming_vqa_dataset/lxGvk91jPbc_IceAgeVillage_2-37_1080p_10000k_h264_nvenc,43,42,1,54,50,59,88,67,unset,63,65,71,71,45,65,71,58,54,67,65,52,83,67,57,87,52,61,31,71,92,85,87,81,96,17,61,84,18,73,78,71,87,87,63,95,88
amt_gaming_vqa_dataset/g9Gd3VnIDeY_Terraria_5-39_1080p_500k_av1,43,43,0,50,29,68,37,56,39,57,45,50,44,35,48,34,55,71,24,59,51,73,67,32,51,65,21,40,95,64,71,58,78,23,55,61,61,30,66,92,32,81,39,51,79,59
amt_gaming_vqa_dataset/g9Gd3VnIDeY_Terraria_5-39_1080p_10000k_h264_nvenc,43,41,2,48,30,55,94,54,unset,20,54,unset,59,44,60,23,37,23,20,73,51,50,73,33,65,37,26,27,97,70,78,54,79,26,54,56,79,20,66,71,68,84,32,49,91,72
amt_gaming_vqa_dataset/g9Gd3VnIDeY_Terraria_5-39_1080p_2300k_h264_nvenc,43,43,0,57,60,71,43,45,42,63,50,50,56,53,52,22,42,16,70,56,50,60,68,33,75,47,21,34,68,67,71,45,75,29,54,68,69,6,48,67,59,87,46,51,71,67
amt_gaming_vqa_dataset/4-bEP5UaZug_TheWitcher3_14-52_1080p_2300k_h264_nvenc,43,42,1,50,60,40,72,34,50,74,59,9,10,0,4,13,23,21,64,67,8,unset,49,13,4,8,4,17,69,47,40,44,31,13,8,7,28,18,70,13,27,17,42,14,9,47
amt_gaming_vqa_dataset/wvKrS1h7Z6U_FallGuys_4-12_1080p_500k_av1,43,43,0,85,70,49,80,57,94,77,68,71,52,67,23,60,42,52,69,76,30,95,56,50,50,51,44,38,73,93,55,93,75,96,82,57,64,50,71,31,63,60,44,35,50,41
amt_gaming_vqa_dataset/wvKrS1h7Z6U_FallGuys_4-12_1080p_5000k_av1,43,43,0,83,69,50,93,73,92,83,92,70,78,78,55,58,74,73,69,74,44,100,57,51,96,64,93,90,100,92,86,87,87,96,78,71,90,38,71,92,80,86,61,47,49,92
amt_gaming_vqa_dataset/wvKrS1h7Z6U_FallGuys_4-12_1080p_1500k_av1,43,43,0,75,78,57,89,83,93,72,87,70,64,75,30,65,62,71,86,67,48,100,69,78,77,66,92,80,69,100,76,95,79,100,82,67,84,41,72,87,30,79,64,60,96,81
amt_gaming_vqa_dataset/wvKrS1h7Z6U_FallGuys_4-12,43,39,4,65,50,58,unset,74,0,91,unset,71,92,80,43,70,66,70,unset,68,69,unset,62,78,78,47,91,67,97,100,81,96,85,96,90,79,88,50,73,71,61,78,78,41,70,92
amt_gaming_vqa_dataset/4-bEP5UaZug_TheWitcher3_14-52_1080p_800k_hevc_nvenc,43,43,0,52,71,48,50,58,50,72,45,8,9,30,12,4,20,30,42,66,0,34,30,12,11,6,7,19,29,63,26,12,23,31,19,14,30,30,75,8,10,19,30,24,6,41
amt_gaming_vqa_dataset/4-bEP5UaZug_TheWitcher3_14-52_1080p_6000k_hevc_nvenc,43,43,0,39,78,52,89,38,6,67,72,8,32,13,14,4,27,28,50,64,9,63,47,26,19,20,12,23,0,14,50,49,32,32,35,20,24,31,71,13,30,40,59,38,37,78
amt_gaming_vqa_dataset/4-bEP5UaZug_TheWitcher3_14-52_1080p_2000k_hevc_nvenc,43,43,0,41,49,60,85,34,89,64,37,9,11,9,6,2,33,24,64,64,16,31,46,29,10,11,44,26,44,62,30,50,43,22,9,29,50,51,13,23,21,68,41,36,43,69
amt_gaming_vqa_dataset/4-bEP5UaZug_TheWitcher3_14-52_1080p_5300k_h264_nvenc,43,42,1,47,40,34,64,37,31,64,55,9,10,unset,12,2,25,48,40,67,10,66,51,14,13,6,8,44,21,64,36,22,39,30,11,28,37,54,14,26,15,38,68,28,47,68
amt_gaming_vqa_dataset/4-bEP5UaZug_TheWitcher3_14-52_1080p_10000k_h264_nvenc,43,42,1,39,59,49,89,38,unset,69,87,9,42,0,13,3,23,50,61,50,8,70,51,16,10,13,57,36,10,38,52,13,31,39,3,21,31,50,64,12,9,29,71,4,41,83
amt_gaming_vqa_dataset/g9Gd3VnIDeY_Terraria_5-39_1080p_5300k_h264_nvenc,43,42,1,52,69,64,64,46,50,66,45,unset,52,29,42,32,49,60,53,65,71,70,59,28,65,50,45,26,95,60,65,31,78,8,31,64,83,8,72,81,85,79,47,35,92,81
amt_gaming_vqa_dataset/4-bEP5UaZug_TheWitcher3_14-52_1080p_500k_av1,43,43,0,20,60,52,44,22,58,58,44,8,23,0,19,12,19,26,36,74,9,29,35,12,21,12,6,16,29,28,19,31,30,22,6,17,29,54,62,9,10,17,22,14,5,69
amt_gaming_vqa_dataset/4-bEP5UaZug_TheWitcher3_14-52_1080p_5000k_av1,43,43,0,57,50,56,95,39,41,69,73,9,31,15,18,4,26,12,39,68,8,68,47,12,10,6,4,22,54,96,30,62,37,37,6,12,50,33,17,38,28,54,64,24,29,82
amt_gaming_vqa_dataset/4-bEP5UaZug_TheWitcher3_14-52_1080p_1500k_av1,43,43,0,42,69,59,60,38,89,65,59,9,31,36,20,1,12,28,63,69,52,33,31,15,16,19,39,17,43,49,42,22,40,15,46,20,29,50,67,18,26,51,55,24,31,73
amt_gaming_vqa_dataset/4-bEP5UaZug_TheWitcher3_14-52,43,39,4,59,13,56,unset,34,7,75,56,unset,30,14,33,1,9,11,unset,38,8,60,48,12,20,7,45,18,63,28,36,45,33,23,unset,26,53,51,22,8,28,41,43,28,96,68
amt_gaming_vqa_dataset/Q92r7R5VPGw_GuildWars_1-37,43,41,2,8,41,12,unset,12,9,57,22,8,9,4,27,1,13,27,unset,69,0,0,27,22,2,8,2,8,0,7,15,26,32,8,10,4,20,50,64,9,11,32,17,26,30,13
amt_gaming_vqa_dataset/g9Gd3VnIDeY_Terraria_5-39_1080p_800k_hevc_nvenc,43,43,0,53,50,70,45,35,40,66,45,50,46,37,33,23,46,27,47,56,72,64,57,31,72,56,20,22,71,97,77,32,73,27,64,66,68,3,79,59,80,78,37,42,60,45
amt_gaming_vqa_dataset/g9Gd3VnIDeY_Terraria_5-39_1080p_6000k_hevc_nvenc,43,43,0,63,69,68,90,44,59,40,50,50,57,56,43,31,44,53,68,69,50,76,68,27,58,47,44,37,70,53,73,36,64,36,37,76,69,9,71,79,78,87,37,52,83,92
amt_gaming_vqa_dataset/g9Gd3VnIDeY_Terraria_5-39_1080p_2000k_hevc_nvenc,43,43,0,57,61,60,84,45,60,51,54,50,58,43,42,22,49,50,9,61,74,63,62,32,70,54,34,17,72,87,62,41,80,11,18,65,78,17,79,50,69,81,36,61,59,50
amt_gaming_vqa_dataset/BwTBDIsfemM_Rust_1-13-23,43,42,1,31,unset,1,8,26,91,29,0,0,17,22,7,0,5,9,7,14,16,28,33,67,0,9,14,17,4,6,8,0,31,16,26,23,29,12,16,50,9,14,33,12,2,19
amt_gaming_vqa_dataset/Nq13U3DXt2U_Myst_35-00,38,36,2,72,71,71,5,78,50,20,49,60,29,37,69,31,54,53,27,61,63,47,unset,63,50,49,50,55,20,46,25,72,75,71,32,62,37,43,unset,68,60,,,,,
amt_gaming_vqa_dataset/Nq13U3DXt2U_Myst_35-00_720p_1300k_av1,38,38,0,72,70,50,29,69,92,65,29,32,41,28,59,31,57,86,40,28,79,34,10,51,69,46,50,45,0,67,28,53,61,18,27,75,9,33,63,60,28,,,,,
amt_gaming_vqa_dataset/v86eGfgYN4g_WarRobots_2-05_1080p_10000k_h264_nvenc,38,37,1,90,87,50,84,50,94,60,73,72,71,89,78,49,100,67,63,unset,97,39,50,87,92,48,71,95,32,73,88,94,69,50,92,85,56,70,61,84,91,,,,,
amt_gaming_vqa_dataset/v86eGfgYN4g_WarRobots_2-05_1080p_2000k_hevc_nvenc,38,38,0,64,83,50,84,100,92,54,74,74,71,77,69,31,96,86,59,74,78,22,63,78,88,49,50,94,76,62,60,70,57,77,89,83,55,59,64,82,54,,,,,
amt_gaming_vqa_dataset/v86eGfgYN4g_WarRobots_2-05_1080p_6000k_hevc_nvenc,38,38,0,89,69,50,90,64,93,61,71,72,70,87,78,32,93,100,76,77,97,37,55,80,89,87,73,69,39,71,71,67,59,38,60,79,46,68,76,85,71,,,,,
amt_gaming_vqa_dataset/v86eGfgYN4g_WarRobots_2-05_1080p_800k_hevc_nvenc,38,38,0,70,57,50,56,69,94,45,58,41,29,78,50,24,74,92,59,46,97,17,25,37,87,26,81,76,12,30,78,69,79,28,29,78,54,37,44,74,28,,,,,
amt_gaming_vqa_dataset/2hRQj7qbY08_HalfLife2_9-32,38,37,1,54,50,50,8,45,91,39,0,9,29,52,41,31,unset,51,26,15,58,16,11,12,78,28,5,52,17,26,67,95,71,17,29,67,12,13,16,34,14,,,,,
amt_gaming_vqa_dataset/HiLctOW-3bU_CitiesSkylines_18-02,38,38,0,82,37,71,51,64,95,67,50,50,29,82,79,31,95,82,64,79,72,33,27,41,82,29,66,92,30,70,86,70,43,77,54,70,38,68,54,84,59,,,,,
amt_gaming_vqa_dataset/HiLctOW-3bU_CitiesSkylines_18-02_720p_1300k_av1,38,38,0,78,40,71,50,55,94,31,49,46,41,81,34,29,65,50,64,23,80,52,46,50,69,29,85,89,50,20,56,90,36,37,50,69,31,50,68,67,56,,,,,
amt_gaming_vqa_dataset/HiLctOW-3bU_CitiesSkylines_18-02_720p_3000k_av1,38,38,0,71,35,50,61,55,93,41,49,47,30,79,78,31,78,68,69,64,97,39,37,68,68,69,74,88,55,55,72,100,67,69,65,64,32,57,54,66,45,,,,,
amt_gaming_vqa_dataset/HiLctOW-3bU_CitiesSkylines_18-02_720p_500k_av1,38,38,0,53,44,50,65,64,58,59,29,40,30,79,51,50,58,64,73,72,65,47,23,58,50,82,37,73,75,44,43,26,55,50,80,74,56,50,36,70,27,,,,,
amt_gaming_vqa_dataset/HiLctOW-3bU_CitiesSkylines_18-02_720p_1000k_h264_nvenc,38,36,2,66,40,50,39,87,50,37,29,41,unset,89,69,29,97,55,61,35,70,26,21,59,59,27,54,96,33,43,unset,69,26,69,52,60,11,50,55,60,43,,,,,
amt_gaming_vqa_dataset/HiLctOW-3bU_CitiesSkylines_18-02_720p_2500k_h264_nvenc,38,37,1,75,28,69,50,64,92,31,50,64,29,75,68,50,94,77,61,66,75,46,47,77,78,47,57,94,51,58,unset,94,49,66,50,71,39,50,42,57,29,,,,,
amt_gaming_vqa_dataset/HiLctOW-3bU_CitiesSkylines_18-02_720p_5000k_h264_nvenc,38,37,1,68,23,50,42,55,94,60,31,50,42,81,69,31,81,76,50,17,55,46,18,72,69,50,25,62,35,63,unset,83,54,50,30,67,36,59,46,54,62,,,,,
amt_gaming_vqa_dataset/HiLctOW-3bU_CitiesSkylines_18-02_720p_1500k_hevc_nvenc,38,38,0,64,40,50,65,50,50,55,28,45,29,74,59,31,69,82,59,56,75,47,20,40,69,50,78,82,31,58,47,64,55,69,72,64,37,50,37,50,38,,,,,
amt_gaming_vqa_dataset/HiLctOW-3bU_CitiesSkylines_18-02_720p_3500k_hevc_nvenc,38,38,0,87,43,50,47,78,65,62,48,56,50,82,78,32,63,66,69,20,98,63,33,78,81,18,79,60,65,55,93,95,66,71,80,74,25,65,57,84,8,,,,,
amt_gaming_vqa_dataset/HiLctOW-3bU_CitiesSkylines_18-02_720p_600k_hevc_nvenc,38,38,0,73,23,50,29,68,94,13,27,57,50,74,50,31,56,54,26,25,79,43,28,59,54,21,27,56,0,25,55,59,23,31,29,37,23,31,47,41,18,,,,,
amt_gaming_vqa_dataset/KrQ4bNQlPk8_GuildWars_1-00,38,38,0,45,53,50,35,74,92,19,50,40,29,30,69,30,64,55,31,28,83,25,35,47,84,29,71,55,32,52,59,50,31,44,50,67,42,59,55,65,50,,,,,
amt_gaming_vqa_dataset/KrQ4bNQlPk8_GuildWars_1-00_720p_1300k_av1,38,38,0,47,44,50,46,78,92,60,29,44,30,33,41,21,49,55,46,74,97,14,12,35,69,49,74,5,9,60,50,49,26,29,68,50,21,29,44,78,28,,,,,
amt_gaming_vqa_dataset/KrQ4bNQlPk8_GuildWars_1-00_720p_3000k_av1,38,38,0,41,72,30,63,93,87,71,29,33,30,58,69,15,90,100,40,75,97,23,22,41,70,48,25,66,26,42,58,82,39,40,74,65,48,34,41,73,48,,,,,
amt_gaming_vqa_dataset/KrQ4bNQlPk8_GuildWars_1-00_720p_500k_av1,38,38,0,45,37,29,29,50,91,40,28,29,8,56,35,21,44,64,22,16,97,26,21,23,37,24,18,3,26,20,12,70,20,28,17,58,21,30,59,54,58,,,,,
amt_gaming_vqa_dataset/KrQ4bNQlPk8_GuildWars_1-00_720p_1000k_h264_nvenc,38,38,0,52,41,29,45,23,71,34,51,9,9,27,40,15,95,64,35,22,72,23,26,23,49,19,36,24,15,17,43,68,11,21,22,71,15,18,42,70,36,,,,,
amt_gaming_vqa_dataset/v86eGfgYN4g_WarRobots_2-05_1080p_2300k_h264_nvenc,38,38,0,72,72,71,76,87,95,63,72,49,60,86,78,31,100,77,58,36,97,21,44,59,59,39,33,53,7,21,86,75,69,60,71,71,54,68,37,78,71,,,,,
amt_gaming_vqa_dataset/v86eGfgYN4g_WarRobots_2-05_1080p_500k_av1,38,38,0,89,78,50,76,55,93,58,51,44,29,80,31,31,67,79,44,54,97,19,32,50,58,23,27,68,30,22,69,90,39,22,4,74,30,31,44,59,90,,,,,
amt_gaming_vqa_dataset/KrQ4bNQlPk8_GuildWars_1-00_720p_5000k_h264_nvenc,38,38,0,84,75,49,67,50,92,66,30,28,41,46,65,29,68,85,59,25,98,34,31,14,70,11,74,58,43,44,64,59,45,69,49,71,25,38,47,59,15,,,,,
amt_gaming_vqa_dataset/v86eGfgYN4g_WarRobots_2-05_1080p_5000k_av1,38,38,0,78,84,50,83,87,92,63,72,51,71,80,78,30,100,76,68,82,97,39,58,74,70,49,83,67,55,59,86,100,74,79,41,86,48,65,63,87,59,,,,,
amt_gaming_vqa_dataset/sfRXREOaNBE_WorldofTanks_4-02,38,38,0,40,16,29,30,45,60,25,16,18,30,37,31,13,15,36,2,46,77,13,10,18,50,8,31,43,4,25,42,23,0,12,29,56,29,12,46,37,5,,,,,
amt_gaming_vqa_dataset/Nq13U3DXt2U_Myst_35-00_720p_3000k_av1,38,38,0,73,61,29,30,78,60,58,49,59,59,43,69,30,71,46,37,37,78,34,37,22,59,49,19,52,12,41,59,58,64,50,54,85,22,32,47,89,64,,,,,
amt_gaming_vqa_dataset/Nq13U3DXt2U_Myst_35-00_720p_500k_av1,38,38,0,58,40,29,3,55,59,40,15,11,9,32,36,17,44,9,12,36,74,33,8,9,35,39,22,42,14,24,53,7,15,12,11,59,10,13,46,42,26,,,,,
amt_gaming_vqa_dataset/Nq13U3DXt2U_Myst_35-00_720p_1000k_h264_nvenc,38,38,0,22,26,29,0,9,22,27,7,41,8,35,31,17,0,0,15,45,72,28,24,34,37,8,10,10,0,11,88,0,15,16,4,62,36,7,23,54,58,,,,,
amt_gaming_vqa_dataset/Nq13U3DXt2U_Myst_35-00_720p_2500k_h264_nvenc,38,37,1,76,60,50,29,78,93,21,29,32,29,37,69,32,36,45,8,76,80,33,17,48,64,31,11,54,34,25,unset,87,39,29,33,70,29,31,58,79,59,,,,,
amt_gaming_vqa_dataset/Nq13U3DXt2U_Myst_35-00_720p_5000k_h264_nvenc,38,38,0,69,83,51,21,87,89,57,43,50,29,76,78,30,53,46,34,20,97,20,27,54,72,47,31,72,22,77,88,64,71,28,50,67,37,41,53,87,35,,,,,
amt_gaming_vqa_dataset/Nq13U3DXt2U_Myst_35-00_720p_1500k_hevc_nvenc,38,38,0,80,59,29,9,59,70,47,30,62,8,72,69,32,49,72,9,20,68,36,19,43,50,35,63,89,30,59,47,86,45,26,18,72,19,22,61,79,50,,,,,
amt_gaming_vqa_dataset/Nq13U3DXt2U_Myst_35-00_720p_3500k_hevc_nvenc,38,37,1,51,83,50,43,93,71,52,28,42,49,75,78,68,76,56,30,36,unset,36,35,45,69,48,64,88,56,46,86,70,44,39,50,87,19,23,74,84,70,,,,,
amt_gaming_vqa_dataset/Nq13U3DXt2U_Myst_35-00_720p_600k_hevc_nvenc,38,38,0,50,54,50,22,9,51,19,30,33,8,29,40,21,22,44,19,43,97,21,18,19,37,8,56,34,0,26,24,37,17,28,5,44,39,10,52,55,8,,,,,
amt_gaming_vqa_dataset/y_5ksFZIlktBY_Minecraft_58-40_480p_1000k_av1,38,38,0,82,88,71,73,65,93,45,54,55,71,70,50,32,100,50,26,66,97,43,39,44,92,67,15,100,65,61,64,96,28,77,57,80,57,36,75,59,56,,,,,
amt_gaming_vqa_dataset/y_5ksFZIlktBY_Minecraft_58-40_480p_1000k_h264_nvenc,38,37,1,31,44,9,8,22,50,21,28,21,0,22,31,13,37,0,9,56,68,18,36,2,37,8,20,13,0,13,unset,0,2,19,13,57,29,11,46,36,2,,,,,
amt_gaming_vqa_dataset/y_5ksFZIlktBY_Minecraft_58-40_480p_800k_hevc_nvenc,38,38,0,78,81,50,32,80,62,46,41,41,29,74,40,22,67,70,3,43,97,27,31,15,70,49,25,91,11,25,70,67,35,24,19,77,56,31,59,59,7,,,,,
amt_gaming_vqa_dataset/lNmyW_abRQs_WorldofWarcraft_0-21,38,38,0,46,9,29,3,17,71,7,30,22,9,25,25,15,0,18,11,17,72,18,10,11,37,20,46,0,0,30,42,9,34,13,12,46,14,15,47,24,21,,,,,
amt_gaming_vqa_dataset/AfRkzHvr2c4_CitiesSkylines_8-19,38,38,0,54,37,29,4,73,87,22,25,14,29,31,31,30,59,65,35,80,73,29,29,12,50,42,27,63,32,37,42,39,36,27,29,74,48,18,35,37,8,,,,,
amt_gaming_vqa_dataset/y_75vBBJ_1n0s_FallGuys_10-27_480p_1000k_av1,38,38,0,92,93,91,71,96,96,72,72,60,71,89,78,68,100,100,64,71,65,57,59,90,96,50,76,90,65,69,96,100,94,69,57,88,48,66,80,81,55,,,,,
amt_gaming_vqa_dataset/y_75vBBJ_1n0s_FallGuys_10-27_480p_1000k_h264_nvenc,38,38,0,14,81,71,29,50,50,63,59,33,8,35,31,22,34,74,17,34,72,22,45,13,55,46,37,42,26,25,12,27,23,27,15,71,48,25,73,45,39,,,,,
amt_gaming_vqa_dataset/y_75vBBJ_1n0s_FallGuys_10-27_480p_800k_hevc_nvenc,38,38,0,47,75,71,20,99,63,52,29,27,30,70,41,30,70,55,27,44,97,15,35,25,64,29,18,48,27,33,50,46,24,15,28,72,52,27,53,38,18,,,,,
amt_gaming_vqa_dataset/v86eGfgYN4g_WarRobots_2-05,38,36,2,81,87,50,70,92,8,81,74,78,70,79,82,50,91,87,57,unset,97,38,51,71,69,49,unset,54,38,76,80,93,55,45,84,69,56,69,38,80,92,,,,,
amt_gaming_vqa_dataset/v86eGfgYN4g_WarRobots_2-05_1080p_1500k_av1,38,38,0,78,58,50,80,87,93,65,68,79,50,81,69,31,75,56,72,81,71,26,53,87,92,48,74,71,54,69,59,86,60,43,33,70,46,57,65,62,83,,,,,
amt_gaming_vqa_dataset/KrQ4bNQlPk8_GuildWars_1-00_720p_2500k_h264_nvenc,38,38,0,64,59,49,52,69,93,64,49,49,29,42,60,32,84,73,39,19,97,27,9,16,60,48,48,39,27,44,87,81,39,29,67,75,35,31,47,68,59,,,,,
amt_gaming_vqa_dataset/v86eGfgYN4g_WarRobots_2-05_1080p_5300k_h264_nvenc,38,37,1,72,87,71,97,93,94,78,72,68,unset,80,69,29,73,92,72,78,73,44,56,77,87,49,92,67,52,73,65,84,76,66,72,79,49,51,48,84,52,,,,,
amt_gaming_vqa_dataset/KrQ4bNQlPk8_GuildWars_1-00_720p_1500k_hevc_nvenc,38,37,1,54,68,50,42,59,50,49,50,41,9,32,50,21,80,51,24,42,74,27,19,21,50,48,85,52,26,42,unset,73,54,38,65,54,13,20,37,62,56,,,,,
amt_gaming_vqa_dataset/y_upjjObZ950Y_DiabloIII_18-40_480p_1000k_av1,38,37,1,66,59,29,86,87,91,50,51,50,29,78,50,30,84,54,19,unset,65,27,36,9,63,49,67,61,40,31,44,66,51,40,28,83,37,66,55,82,39,,,,,
amt_gaming_vqa_dataset/BdmIY7ieD0s_TheWitcher3_38-08_1080p_1500k_av1,38,38,0,70,78,71,82,50,92,67,51,87,29,74,69,32,82,83,84,79,69,37,46,49,61,67,85,79,53,62,83,60,65,78,93,77,25,77,54,66,78,,,,,
amt_gaming_vqa_dataset/BdmIY7ieD0s_TheWitcher3_38-08_1080p_5000k_av1,38,38,0,78,86,50,85,86,92,54,50,77,50,77,78,50,100,100,68,82,97,53,57,43,87,88,73,50,44,78,77,85,93,74,83,80,36,69,32,76,88,,,,,
amt_gaming_vqa_dataset/BdmIY7ieD0s_TheWitcher3_38-08_1080p_500k_av1,38,38,0,70,8,50,78,43,96,58,28,48,30,67,56,30,78,59,45,26,82,44,35,16,78,26,17,59,71,22,35,19,36,20,6,76,19,37,44,41,58,,,,,
amt_gaming_vqa_dataset/BdmIY7ieD0s_TheWitcher3_38-08_1080p_10000k_h264_nvenc,38,38,0,85,78,71,92,94,92,78,49,78,50,82,37,51,59,72,63,88,97,34,46,62,68,78,19,90,89,72,69,64,72,78,93,82,27,78,53,69,91,,,,,
amt_gaming_vqa_dataset/BdmIY7ieD0s_TheWitcher3_38-08_1080p_2300k_h264_nvenc,38,36,2,90,72,50,71,12,64,50,24,47,29,59,31,30,76,54,30,unset,97,43,26,41,68,16,57,75,14,23,unset,49,30,14,3,91,29,59,32,50,73,,,,,
amt_gaming_vqa_dataset/BdmIY7ieD0s_TheWitcher3_38-08_1080p_5300k_h264_nvenc,38,37,1,77,83,71,68,87,60,44,29,78,49,83,59,50,95,65,65,81,72,43,41,70,89,71,64,63,82,71,unset,48,88,58,70,69,26,71,43,77,61,,,,,
amt_gaming_vqa_dataset/BdmIY7ieD0s_TheWitcher3_38-08_1080p_2000k_hevc_nvenc,38,37,1,64,77,71,80,unset,95,56,50,68,59,81,50,68,73,91,59,65,78,53,34,58,71,68,74,87,82,67,74,51,69,63,71,81,17,71,41,53,89,,,,,
amt_gaming_vqa_dataset/BdmIY7ieD0s_TheWitcher3_38-08_1080p_6000k_hevc_nvenc,38,38,0,70,78,50,78,92,94,67,72,71,50,69,78,69,100,95,77,74,97,55,40,74,81,86,36,64,42,71,58,82,70,72,84,85,22,64,64,80,50,,,,,
amt_gaming_vqa_dataset/BdmIY7ieD0s_TheWitcher3_38-08_1080p_800k_hevc_nvenc,38,38,0,75,76,50,62,50,92,30,29,41,8,75,50,30,65,51,41,7,77,34,15,25,42,18,21,72,5,31,31,51,32,12,1,93,47,35,47,42,91,,,,,
amt_gaming_vqa_dataset/y_upjjObZ950Y_DiabloIII_18-40_480p_1000k_h264_nvenc,38,37,1,82,38,71,53,55,71,4,50,50,49,33,51,14,78,72,32,84,66,37,29,32,50,8,69,49,41,30,unset,51,80,65,29,65,45,67,59,68,62,,,,,
amt_gaming_vqa_dataset/xkUEEUBJVIQ_FIFA_0-00_1080p_800k_hevc_nvenc,38,36,2,45,45,50,43,59,71,62,59,37,50,31,41,20,20,64,39,18,62,29,37,26,59,11,81,45,unset,44,unset,37,32,26,14,80,46,24,66,40,30,,,,,
amt_gaming_vqa_dataset/y_upjjObZ950Y_DiabloIII_18-40_480p_800k_hevc_nvenc,38,38,0,72,50,50,57,87,73,65,50,45,29,72,59,12,58,40,11,91,72,45,16,72,63,49,56,24,35,16,62,41,35,40,20,55,36,50,62,54,29,,,,,
amt_gaming_vqa_dataset/_seGSJWMHSk_EuroTruckSimulator2_11-52,38,38,0,53,45,70,29,86,62,47,29,41,49,55,50,19,17,21,39,72,71,28,20,8,75,49,86,22,75,43,58,4,65,15,84,65,29,22,48,43,13,,,,,
amt_gaming_vqa_dataset/_seGSJWMHSk_EuroTruckSimulator2_11-52_480p_1000k_av1,38,38,0,53,59,50,47,78,67,33,28,47,50,32,69,14,51,24,32,46,81,27,11,69,56,46,56,55,78,42,49,28,36,25,83,75,19,32,33,51,19,,,,,
amt_gaming_vqa_dataset/_seGSJWMHSk_EuroTruckSimulator2_11-52_480p_1000k_h264_nvenc,38,37,1,53,44,50,29,85,64,38,29,30,29,46,50,15,34,29,34,36,57,16,13,13,71,26,72,45,60,28,unset,28,36,39,92,81,29,29,58,46,49,,,,,
amt_gaming_vqa_dataset/_seGSJWMHSk_EuroTruckSimulator2_11-52_480p_800k_hevc_nvenc,38,38,0,52,63,51,8,87,59,35,26,37,48,65,69,12,28,5,31,32,73,44,27,55,69,48,75,64,69,59,49,22,35,30,70,54,37,31,60,40,7,,,,,
amt_gaming_vqa_dataset/F84TmQCWEJk_SubwaySurfers_0-14,38,38,0,85,53,50,29,78,12,59,30,42,29,31,69,32,82,60,59,27,73,38,29,35,69,49,83,46,2,57,36,54,29,63,56,70,34,50,41,85,9,,,,,
amt_gaming_vqa_dataset/F84TmQCWEJk_SubwaySurfers_0-14_480p_1000k_av1,38,38,0,78,50,50,46,59,70,35,28,49,71,71,36,29,55,64,40,24,97,22,30,26,50,32,75,34,2,18,20,56,29,65,51,88,17,46,56,59,16,,,,,
amt_gaming_vqa_dataset/F84TmQCWEJk_SubwaySurfers_0-14_480p_1000k_h264_nvenc,38,38,0,25,41,50,13,59,59,21,0,32,29,30,28,21,0,0,29,22,77,14,17,8,41,21,16,3,0,15,8,0,9,17,16,55,9,11,39,39,2,,,,,
amt_gaming_vqa_dataset/KrQ4bNQlPk8_GuildWars_1-00_720p_3500k_hevc_nvenc,38,38,0,57,77,50,71,50,94,33,30,41,30,53,69,21,59,86,33,11,77,19,33,34,87,46,50,52,48,54,23,61,35,41,44,63,36,60,63,38,51,,,,,
amt_gaming_vqa_dataset/BdmIY7ieD0s_TheWitcher3_38-08,38,38,0,91,78,75,82,87,17,27,71,61,71,73,78,59,88,85,57,65,72,26,43,96,89,86,65,58,99,72,73,93,76,62,93,74,44,69,62,87,81,,,,,
amt_gaming_vqa_dataset/F84TmQCWEJk_SubwaySurfers_0-14_480p_800k_hevc_nvenc,38,38,0,47,59,50,31,59,50,41,27,47,30,54,50,17,45,58,23,24,97,28,36,14,50,35,17,35,0,21,16,0,30,49,7,70,19,45,23,59,30,,,,,
amt_gaming_vqa_dataset/xkUEEUBJVIQ_FIFA_0-00_1080p_6000k_hevc_nvenc,38,36,2,60,71,28,80,87,71,50,29,77,70,41,69,31,100,63,68,76,74,27,27,68,69,50,32,68,unset,31,unset,71,25,72,58,80,37,19,52,60,52,,,,,
amt_gaming_vqa_dataset/iBHJDw8p0bY_Minecraft_0-13_1080p_6000k_hevc_nvenc,38,36,2,53,40,30,50,26,67,58,53,57,50,28,41,32,59,59,63,25,75,53,67,45,50,50,63,59,unset,67,unset,70,46,75,50,72,48,69,10,41,24,,,,,
amt_gaming_vqa_dataset/KrQ4bNQlPk8_GuildWars_1-00_720p_600k_hevc_nvenc,38,38,0,56,59,29,29,31,66,18,21,9,10,32,31,13,94,36,6,27,83,5,24,8,37,27,50,34,16,29,7,60,36,22,8,75,24,12,46,40,51,,,,,
amt_gaming_vqa_dataset/iBHJDw8p0bY_Minecraft_0-13,38,38,0,51,50,29,74,59,12,56,28,70,50,68,50,49,69,86,66,36,80,47,64,78,37,50,50,48,59,68,68,68,67,77,46,26,56,67,36,69,4,,,,,
amt_gaming_vqa_dataset/iBHJDw8p0bY_Minecraft_0-13_1080p_1500k_av1,38,38,0,55,50,29,70,59,66,68,51,69,50,45,50,31,94,49,77,45,63,53,58,26,40,49,54,97,70,46,25,95,14,66,69,74,47,70,15,52,52,,,,,
amt_gaming_vqa_dataset/iBHJDw8p0bY_Minecraft_0-13_1080p_5000k_av1,38,38,0,51,50,29,75,55,66,36,59,58,50,36,83,51,93,65,76,44,70,24,62,42,50,49,13,92,51,71,77,89,43,68,71,20,55,79,64,49,11,,,,,
amt_gaming_vqa_dataset/iBHJDw8p0bY_Minecraft_0-13_1080p_500k_av1,38,38,0,47,44,29,67,45,59,30,49,41,29,59,36,41,85,76,60,76,58,53,49,77,45,49,34,85,71,43,44,84,45,76,60,63,46,56,66,41,49,,,,,
amt_gaming_vqa_dataset/iBHJDw8p0bY_Minecraft_0-13_1080p_2300k_h264_nvenc,38,38,0,51,45,29,69,45,71,46,30,24,50,71,50,31,59,75,45,26,55,52,30,54,50,49,49,54,43,67,73,54,41,28,70,41,33,65,34,47,70,,,,,
amt_gaming_vqa_dataset/iBHJDw8p0bY_Minecraft_0-13_1080p_5300k_h264_nvenc,38,37,1,51,37,29,75,45,60,59,48,68,50,43,41,31,55,77,55,35,49,47,49,51,41,50,49,75,81,68,unset,68,39,79,69,68,54,68,24,46,20,,,,,
amt_gaming_vqa_dataset/iBHJDw8p0bY_Minecraft_0-13_1080p_2000k_hevc_nvenc,38,36,2,54,16,29,78,18,59,48,32,69,50,41,68,50,94,46,74,64,48,53,59,77,50,43,17,74,unset,60,unset,79,54,71,27,45,55,60,9,38,20,,,,,
amt_gaming_vqa_dataset/iBHJDw8p0bY_Minecraft_0-13_1080p_10000k_h264_nvenc,38,36,2,59,31,29,78,60,59,66,54,69,unset,75,69,31,48,71,66,64,63,51,57,69,74,50,45,95,71,69,unset,83,54,75,42,80,62,65,61,73,37,,,,,
amt_gaming_vqa_dataset/iBHJDw8p0bY_Minecraft_0-13_1080p_800k_hevc_nvenc,38,36,2,46,50,29,40,45,63,72,49,40,50,45,35,33,32,50,32,56,80,53,62,62,72,30,29,85,unset,47,unset,49,39,79,11,75,55,63,22,60,46,,,,,
amt_gaming_vqa_dataset/xkUEEUBJVIQ_FIFA_0-00_1080p_10000k_h264_nvenc,38,38,0,50,44,29,73,84,71,34,30,66,71,54,78,28,75,75,70,34,56,33,41,73,70,68,25,50,29,43,40,59,28,70,50,88,32,26,63,41,8,,,,,
amt_gaming_vqa_dataset/xkUEEUBJVIQ_FIFA_0-00,38,37,1,47,12,29,29,93,2,15,58,56,71,43,69,32,67,82,26,18,56,29,17,64,61,47,56,unset,71,42,34,35,33,57,36,82,37,14,57,45,60,,,,,
amt_gaming_vqa_dataset/xkUEEUBJVIQ_FIFA_0-00_1080p_5300k_h264_nvenc,38,37,1,38,19,29,71,56,51,59,75,51,unset,52,69,31,60,61,40,23,69,47,38,82,69,48,76,91,73,42,34,55,26,62,38,88,59,21,52,49,45,,,,,
amt_gaming_vqa_dataset/xkUEEUBJVIQ_FIFA_0-00_1080p_2300k_h264_nvenc,38,38,0,16,50,29,55,45,71,38,29,32,71,36,22,21,0,6,27,54,66,29,37,13,32,30,16,35,5,23,53,0,16,21,7,75,48,13,62,31,7,,,,,
amt_gaming_vqa_dataset/xkUEEUBJVIQ_FIFA_0-00_1080p_2000k_hevc_nvenc,38,36,2,45,35,29,68,87,70,33,26,71,71,45,59,30,90,69,62,55,73,34,31,49,69,50,36,43,unset,51,unset,54,30,68,77,89,54,27,56,43,29,,,,,
amt_gaming_vqa_dataset/xkUEEUBJVIQ_FIFA_0-00_1080p_500k_av1,38,38,0,53,26,29,37,78,70,65,43,48,71,35,31,32,65,60,39,17,62,27,28,15,51,8,68,93,13,44,21,37,37,36,38,69,46,25,57,29,51,,,,,
amt_gaming_vqa_dataset/xkUEEUBJVIQ_FIFA_0-00_1080p_5000k_av1,38,37,1,46,59,29,59,86,70,57,58,59,71,36,68,28,92,93,75,unset,84,23,44,58,84,68,65,62,75,45,61,54,29,63,70,87,48,23,51,47,36,,,,,
amt_gaming_vqa_dataset/xkUEEUBJVIQ_FIFA_0-00_1080p_1500k_av1,38,37,1,41,76,30,68,50,70,56,71,65,71,52,50,30,86,62,44,unset,74,29,35,27,58,54,82,56,56,55,71,69,31,60,70,71,46,28,47,36,50,,,,,
amt_gaming_vqa_dataset/0jJNLlJU-84_SubwaySurfers_0-00_720p_500k_av1,36,35,1,73,69,46,71,44,37,73,30,50,21,50,59,69,66,76,52,26,48,97,unset,85,50,43,66,77,64,45,81,51,27,50,64,34,50,33,27,,,,,,,
amt_gaming_vqa_dataset/l2r2yrzKm-0_MarioKartTour_0-03_480p_1000k_h264_nvenc,36,36,0,22,22,14,8,20,11,20,0,8,6,31,22,8,0,0,0,0,32,97,10,0,15,2,21,54,27,20,0,46,28,6,25,9,39,7,13,,,,,,,
amt_gaming_vqa_dataset/l2r2yrzKm-0_MarioKartTour_0-03_480p_1000k_av1,36,36,0,55,62,23,29,20,37,35,0,18,0,17,24,29,29,0,2,0,50,61,40,0,8,19,16,63,11,4,19,6,14,18,57,17,30,17,16,,,,,,,
amt_gaming_vqa_dataset/l2r2yrzKm-0_MarioKartTour_0-03,36,34,2,unset,64,9,29,21,34,19,0,22,0,17,21,18,unset,0,0,0,28,70,27,0,45,12,19,80,33,17,19,20,11,50,45,12,56,13,18,,,,,,,
amt_gaming_vqa_dataset/0jJNLlJU-84_SubwaySurfers_0-00_720p_600k_hevc_nvenc,36,35,1,18,78,63,65,32,26,63,26,31,50,27,49,47,31,71,54,20,unset,97,27,60,30,29,30,72,63,14,15,15,53,39,69,19,58,21,14,,,,,,,
amt_gaming_vqa_dataset/0jJNLlJU-84_SubwaySurfers_0-00_720p_3500k_hevc_nvenc,36,36,0,86,84,50,49,43,39,78,44,68,51,75,73,69,65,91,60,35,69,97,88,64,50,64,77,80,75,60,73,75,96,79,72,71,58,56,60,,,,,,,
amt_gaming_vqa_dataset/0jJNLlJU-84_SubwaySurfers_0-00_720p_1500k_hevc_nvenc,36,36,0,95,78,77,70,38,42,72,49,68,50,84,59,69,71,53,69,66,71,97,85,74,50,41,72,76,72,49,36,50,43,69,74,34,58,40,33,,,,,,,
amt_gaming_vqa_dataset/0jJNLlJU-84_SubwaySurfers_0-00_720p_5000k_h264_nvenc,36,35,1,95,80,51,64,49,44,72,71,69,70,70,75,76,93,93,74,59,79,77,72,69,62,57,64,76,74,unset,93,72,59,92,84,72,50,51,55,,,,,,,
amt_gaming_vqa_dataset/0jJNLlJU-84_SubwaySurfers_0-00_720p_2500k_h264_nvenc,36,36,0,80,63,52,70,43,38,88,49,44,31,68,59,64,61,9,41,28,87,97,42,28,38,64,75,26,36,48,32,53,80,58,53,39,60,23,28,,,,,,,
amt_gaming_vqa_dataset/0jJNLlJU-84_SubwaySurfers_0-00_720p_1000k_h264_nvenc,36,36,0,19,26,9,29,21,38,19,0,0,9,16,26,23,0,0,0,4,29,45,17,0,22,41,29,58,7,8,0,29,10,7,25,22,20,11,9,,,,,,,
amt_gaming_vqa_dataset/y_6Cpi_nAfJV4_TheSims3_13-10_480p_800k_hevc_nvenc,36,36,0,45,97,56,92,48,36,76,91,71,58,89,81,44,64,83,100,66,89,97,68,95,81,53,65,61,70,44,75,65,63,89,76,68,96,48,65,,,,,,,
amt_gaming_vqa_dataset/0jJNLlJU-84_SubwaySurfers_0-00_720p_3000k_av1,36,36,0,89,85,59,68,49,33,84,70,69,72,66,70,62,82,100,100,63,87,97,65,75,43,69,67,71,75,74,96,64,87,85,87,71,71,48,50,,,,,,,
amt_gaming_vqa_dataset/0jJNLlJU-84_SubwaySurfers_0-00_720p_1300k_av1,36,36,0,73,81,54,87,39,54,72,51,62,59,79,59,69,54,50,55,43,50,97,34,84,50,46,60,73,72,59,82,50,59,95,79,63,73,63,41,,,,,,,
amt_gaming_vqa_dataset/0jJNLlJU-84_SubwaySurfers_0-00,36,35,1,unset,88,76,29,58,57,85,58,71,51,80,76,82,100,94,83,35,70,71,84,71,46,58,82,34,77,77,90,75,96,61,70,60,82,69,41,,,,,,,
amt_gaming_vqa_dataset/y_rXC_XFEm1gg_Palworld_32-22_480p_800k_hevc_nvenc,36,36,0,88,98,34,86,78,31,57,7,22,51,45,77,43,12,50,45,22,30,97,24,45,63,24,46,64,37,59,30,65,35,22,31,17,63,13,22,,,,,,,
amt_gaming_vqa_dataset/y_rXC_XFEm1gg_Palworld_32-22_480p_1000k_h264_nvenc,36,36,0,74,96,11,83,86,33,42,22,31,50,35,56,79,12,28,53,14,22,97,22,0,39,23,25,82,28,32,22,19,21,39,29,38,57,23,12,,,,,,,
amt_gaming_vqa_dataset/y_rXC_XFEm1gg_Palworld_32-22_480p_1000k_av1,36,36,0,94,93,54,94,84,35,74,82,83,49,74,79,73,50,65,60,63,90,97,84,85,71,10,50,67,36,87,24,83,46,77,41,40,88,43,59,,,,,,,
amt_gaming_vqa_dataset/y_75vBBJ_1n0s_FallGuys_6-36_480p_800k_hevc_nvenc,36,35,1,44,50,39,39,41,14,62,7,13,28,51,69,26,50,55,63,33,41,63,unset,45,29,0,28,82,20,49,14,8,76,3,66,18,64,10,13,,,,,,,
amt_gaming_vqa_dataset/y_75vBBJ_1n0s_FallGuys_6-36_480p_1000k_h264_nvenc,36,36,0,44,45,16,40,40,22,32,9,13,25,42,59,23,45,17,51,49,50,80,65,65,29,61,36,65,27,52,2,5,63,26,79,19,41,12,11,,,,,,,
amt_gaming_vqa_dataset/y_75vBBJ_1n0s_FallGuys_6-36_480p_1000k_av1,36,36,0,59,80,83,72,43,27,77,51,68,59,77,73,45,67,56,100,66,51,65,45,71,29,68,43,40,64,77,75,33,97,34,73,36,72,31,70,,,,,,,
amt_gaming_vqa_dataset/y_Q63Qb_5PzLI_GuildWars_14-07_480p_1000k_av1,36,35,1,85,50,76,92,61,30,94,50,64,48,75,79,52,50,36,53,72,unset,76,37,65,54,35,39,37,73,44,54,83,43,97,42,20,78,55,65,,,,,,,
amt_gaming_vqa_dataset/l2r2yrzKm-0_MarioKartTour_0-03_480p_800k_hevc_nvenc,36,36,0,37,45,5,3,17,11,13,29,23,0,20,12,23,0,0,0,0,33,71,8,5,29,13,20,72,31,8,23,12,8,8,48,18,40,7,13,,,,,,,
amt_gaming_vqa_dataset/7B22h8ZiZ5M_FIFA_19-00,36,35,1,unset,31,30,41,48,19,22,8,3,9,25,30,29,0,8,43,10,41,59,33,0,28,10,29,67,33,16,0,22,11,9,43,13,43,11,13,,,,,,,
amt_gaming_vqa_dataset/y_Q63Qb_5PzLI_GuildWars_14-07_480p_1000k_h264_nvenc,36,35,1,72,50,62,89,49,32,79,51,42,51,71,82,37,29,64,82,44,51,97,43,75,50,32,48,71,62,46,31,unset,36,94,40,21,82,59,11,,,,,,,
amt_gaming_vqa_dataset/y_Q63Qb_5PzLI_GuildWars_14-07_480p_800k_hevc_nvenc,36,36,0,43,86,53,92,67,35,35,51,50,51,71,72,55,30,54,57,63,79,67,72,48,50,58,24,50,59,40,54,84,33,90,43,40,72,31,69,,,,,,,
amt_gaming_vqa_dataset/VZdrzpg-Iok_Valheim_1-34-06_720p_3500k_hevc_nvenc,36,36,0,95,87,59,94,85,36,79,45,57,48,81,85,70,66,61,79,94,87,59,64,65,79,44,49,63,48,68,76,21,72,90,47,37,72,48,61,,,,,,,
amt_gaming_vqa_dataset/VZdrzpg-Iok_Valheim_1-34-06_720p_1500k_hevc_nvenc,36,36,0,59,87,78,93,84,43,84,12,58,50,78,69,83,54,87,58,72,51,69,77,61,72,26,48,60,55,41,46,66,49,64,49,41,62,64,78,,,,,,,
amt_gaming_vqa_dataset/VZdrzpg-Iok_Valheim_1-34-06_720p_5000k_h264_nvenc,36,36,0,85,86,59,90,90,45,83,50,42,50,79,83,57,75,86,57,73,80,58,70,87,61,59,71,48,52,87,80,76,62,95,37,42,89,35,70,,,,,,,
amt_gaming_vqa_dataset/VZdrzpg-Iok_Valheim_1-34-06_720p_2500k_h264_nvenc,36,36,0,97,87,48,93,89,34,37,46,43,13,89,69,72,49,60,64,84,70,70,75,66,71,60,44,68,62,53,35,67,21,60,48,36,76,39,64,,,,,,,
amt_gaming_vqa_dataset/VZdrzpg-Iok_Valheim_1-34-06_720p_1000k_h264_nvenc,36,36,0,59,87,52,93,83,29,21,29,29,27,52,89,53,45,70,66,31,50,80,30,50,50,38,39,40,53,59,79,43,59,38,43,29,73,44,26,,,,,,,
amt_gaming_vqa_dataset/VZdrzpg-Iok_Valheim_1-34-06_720p_500k_av1,36,36,0,19,86,57,93,89,40,72,14,22,29,80,69,59,27,30,50,27,84,82,17,55,54,50,40,75,60,78,25,48,54,8,59,27,73,40,25,,,,,,,
amt_gaming_vqa_dataset/VZdrzpg-Iok_Valheim_1-34-06_720p_3000k_av1,36,36,0,93,87,76,94,78,31,73,50,69,51,73,50,69,65,50,83,40,50,63,64,72,63,54,61,65,62,78,77,92,58,96,49,13,75,50,78,,,,,,,
amt_gaming_vqa_dataset/VZdrzpg-Iok_Valheim_1-34-06_720p_1300k_av1,36,36,0,54,86,87,91,87,39,65,28,50,28,82,91,45,50,50,56,35,79,97,83,70,71,30,51,82,67,55,28,52,69,69,56,28,80,61,61,,,,,,,
amt_gaming_vqa_dataset/VZdrzpg-Iok_Valheim_1-34-06,36,35,1,unset,67,53,40,88,35,66,58,63,48,51,83,72,53,64,53,44,87,97,73,60,71,71,49,33,65,62,66,23,69,93,44,55,92,59,69,,,,,,,
amt_gaming_vqa_dataset/bHfntU1mEzU_TheWitcher3_6-54,36,35,1,unset,13,7,29,29,11,15,0,0,0,29,24,15,0,31,0,0,30,64,8,0,3,4,4,75,22,6,14,5,30,8,48,5,32,8,10,,,,,,,
amt_gaming_vqa_dataset/iQ44avzILLw_Minecraft_4-25,36,35,1,unset,50,40,91,43,15,59,30,22,1,31,33,25,11,45,31,0,40,69,26,50,19,14,29,44,49,22,31,32,21,11,43,29,50,23,17,,,,,,,
amt_gaming_vqa_dataset/y_6Cpi_nAfJV4_TheSims3_13-10_480p_1000k_av1,36,35,1,85,96,78,89,58,45,71,50,78,51,77,79,69,unset,92,74,84,89,97,80,90,71,49,54,71,65,60,85,84,68,84,80,60,82,50,76,,,,,,,
amt_gaming_vqa_dataset/zKxpt9ha534_Cyberpunk2077_9-22,36,33,3,unset,50,37,91,33,12,26,72,22,51,50,53,36,14,unset,50,35,28,61,18,60,36,38,41,74,30,43,45,unset,63,33,82,9,70,12,24,,,,,,,
amt_gaming_vqa_dataset/y_upjjObZ950Y_DiabloIII_41-28_480p_800k_hevc_nvenc,36,36,0,18,87,29,74,59,31,65,29,19,28,50,57,24,0,0,0,0,30,70,16,9,29,16,14,71,27,11,27,44,25,2,33,9,67,11,17,,,,,,,
amt_gaming_vqa_dataset/y_upjjObZ950Y_DiabloIII_41-28_480p_1000k_h264_nvenc,36,35,1,22,55,24,71,44,26,17,8,13,27,80,41,31,0,49,0,0,49,97,7,0,34,11,2,69,23,unset,17,44,35,1,44,22,45,9,11,,,,,,,
amt_gaming_vqa_dataset/y_upjjObZ950Y_DiabloIII_41-28_480p_1000k_av1,36,35,1,51,74,52,95,72,35,71,8,4,30,66,44,35,3,3,7,2,unset,71,25,0,50,59,8,45,35,13,33,50,73,18,49,12,90,30,22,,,,,,,
amt_gaming_vqa_dataset/y_EQ25DFLTq3M_Cyberpunk2077_23-22_480p_800k_hevc_nvenc,36,36,0,89,87,72,96,59,36,70,29,58,50,59,84,51,58,71,84,44,50,81,55,50,70,60,45,64,39,63,37,79,36,78,61,48,86,53,40,,,,,,,
amt_gaming_vqa_dataset/y_EQ25DFLTq3M_Cyberpunk2077_23-22_480p_1000k_h264_nvenc,36,36,0,78,86,77,93,47,29,78,41,62,50,50,54,45,52,69,64,59,50,97,19,89,81,35,53,53,51,57,58,50,58,42,75,28,78,38,22,,,,,,,
amt_gaming_vqa_dataset/y_EQ25DFLTq3M_Cyberpunk2077_23-22_480p_1000k_av1,36,36,0,87,88,58,93,86,35,84,46,84,50,69,68,56,70,82,72,68,50,75,66,93,81,46,54,74,50,71,70,67,84,83,70,77,91,64,79,,,,,,,
amt_gaming_vqa_dataset/y_6Cpi_nAfJV4_TheSims3_13-10_480p_1000k_h264_nvenc,36,35,1,87,96,82,78,52,45,71,71,69,70,57,76,81,100,95,89,66,87,97,74,97,78,64,64,59,74,77,88,unset,57,74,72,56,80,65,78,,,,,,,
amt_gaming_vqa_dataset/QXPT_kEoVT4_HalfLife2_9-35,36,31,5,unset,81,50,4,87,31,50,72,64,72,60,44,34,unset,unset,71,15,unset,72,unset,70,37,61,57,44,83,62,37,64,54,47,59,63,69,53,62,,,,,,,
amt_gaming_vqa_dataset/qaLb_5zAD2o_SonicDash_8-57_360p_600k_hevc_nvenc,36,36,0,27,59,55,71,47,53,66,50,42,50,45,42,53,59,45,31,37,87,56,56,61,60,36,53,76,57,40,53,55,53,39,63,38,74,18,21,,,,,,,
amt_gaming_vqa_dataset/8cN8L9nNCYI_FallGuys_1-06_720p_1300k_av1,36,36,0,87,75,69,86,45,48,78,50,68,72,80,72,53,75,100,100,56,87,62,72,70,50,83,46,55,43,44,56,86,95,50,86,56,70,49,64,,,,,,,
amt_gaming_vqa_dataset/l89zFimeNk4_SubwaySurfers_4-14_720p_600k_hevc_nvenc,36,36,0,45,56,24,49,38,11,16,29,3,9,27,30,25,8,37,50,4,51,97,64,64,24,6,19,59,20,21,19,25,6,3,87,23,44,11,20,,,,,,,
amt_gaming_vqa_dataset/l89zFimeNk4_SubwaySurfers_4-14_720p_3500k_hevc_nvenc,36,36,0,78,93,92,91,73,26,86,54,63,52,53,83,53,78,96,75,90,88,97,63,100,50,65,69,77,61,98,77,77,96,92,69,44,74,69,40,,,,,,,
amt_gaming_vqa_dataset/l89zFimeNk4_SubwaySurfers_4-14_720p_1500k_hevc_nvenc,36,36,0,87,94,88,92,53,45,91,29,58,71,76,81,50,70,96,93,82,87,97,72,94,61,61,34,81,36,40,34,62,74,63,75,41,68,51,50,,,,,,,
amt_gaming_vqa_dataset/l89zFimeNk4_SubwaySurfers_4-14_720p_5000k_h264_nvenc,36,35,1,100,92,70,93,53,37,97,41,62,30,80,83,69,80,89,91,81,87,97,75,100,64,53,50,69,67,83,26,76,96,92,unset,59,78,55,71,,,,,,,
amt_gaming_vqa_dataset/l89zFimeNk4_SubwaySurfers_4-14_720p_2500k_h264_nvenc,36,36,0,93,89,78,94,75,44,78,60,82,30,76,92,43,78,82,92,89,77,97,22,93,50,24,66,54,64,18,67,55,99,63,73,76,75,64,70,,,,,,,
amt_gaming_vqa_dataset/l89zFimeNk4_SubwaySurfers_4-14_720p_1000k_h264_nvenc,36,36,0,50,51,47,50,42,44,21,0,22,49,51,27,27,1,19,64,23,88,97,7,46,49,6,24,47,30,55,31,46,83,9,67,32,49,22,20,,,,,,,
amt_gaming_vqa_dataset/l89zFimeNk4_SubwaySurfers_4-14_720p_500k_av1,36,36,0,60,45,47,71,41,15,60,0,22,30,36,70,35,0,32,51,0,22,79,17,24,29,2,34,39,33,39,0,9,30,9,69,20,48,19,30,,,,,,,
amt_gaming_vqa_dataset/l89zFimeNk4_SubwaySurfers_4-14_720p_3000k_av1,36,36,0,94,93,83,93,77,44,92,50,56,49,77,80,55,78,95,95,74,86,97,79,69,62,30,56,80,53,86,78,27,89,88,87,58,80,45,50,,,,,,,
amt_gaming_vqa_dataset/l89zFimeNk4_SubwaySurfers_4-14_720p_1300k_av1,36,35,1,85,95,76,93,84,54,57,59,45,24,71,83,37,70,96,64,69,88,97,unset,87,41,30,25,73,54,92,68,74,86,64,88,38,69,59,60,,,,,,,
amt_gaming_vqa_dataset/l89zFimeNk4_SubwaySurfers_4-14,36,35,1,unset,93,86,12,63,47,74,73,73,53,80,84,64,98,86,72,79,28,74,24,98,37,40,60,70,60,73,58,64,96,94,87,42,74,52,68,,,,,,,
amt_gaming_vqa_dataset/QXPT_kEoVT4_HalfLife2_9-35_1080p_800k_hevc_nvenc,36,36,0,22,84,30,51,58,12,37,0,13,29,33,24,31,0,33,31,20,42,63,23,4,29,22,42,46,53,43,29,17,40,11,58,31,54,22,15,,,,,,,
amt_gaming_vqa_dataset/QXPT_kEoVT4_HalfLife2_9-35_1080p_6000k_hevc_nvenc,36,36,0,93,85,49,87,88,45,84,28,71,31,34,50,32,67,67,59,46,71,71,80,29,50,74,53,77,65,46,37,83,69,55,69,41,72,52,71,,,,,,,
amt_gaming_vqa_dataset/QXPT_kEoVT4_HalfLife2_9-35_1080p_2000k_hevc_nvenc,36,36,0,86,84,45,59,83,27,65,46,50,29,43,36,37,51,65,52,62,51,67,63,72,28,25,35,43,58,62,40,18,82,50,65,63,76,58,80,,,,,,,
amt_gaming_vqa_dataset/QXPT_kEoVT4_HalfLife2_9-35_1080p_5300k_h264_nvenc,36,35,1,85,80,56,92,65,29,45,38,62,60,41,53,31,unset,54,69,50,61,78,62,50,50,49,45,64,61,73,36,21,69,58,69,59,72,45,69,,,,,,,
amt_gaming_vqa_dataset/QXPT_kEoVT4_HalfLife2_9-35_1080p_2300k_h264_nvenc,36,36,0,55,84,28,72,54,26,37,38,22,28,31,29,26,11,66,29,17,75,76,37,14,29,18,33,70,38,77,5,48,74,41,92,30,60,22,41,,,,,,,
amt_gaming_vqa_dataset/QXPT_kEoVT4_HalfLife2_9-35_1080p_10000k_h264_nvenc,36,36,0,77,87,56,65,67,36,28,72,57,22,53,37,45,67,97,64,65,50,55,45,77,50,67,63,77,65,73,36,81,68,92,67,48,75,55,65,,,,,,,
amt_gaming_vqa_dataset/QXPT_kEoVT4_HalfLife2_9-35_1080p_500k_av1,36,36,0,19,60,36,87,43,14,15,0,3,28,31,33,27,27,6,50,10,51,72,45,29,29,6,30,43,38,32,0,12,38,20,74,13,50,12,13,,,,,,,
amt_gaming_vqa_dataset/QXPT_kEoVT4_HalfLife2_9-35_1080p_5000k_av1,36,36,0,94,84,58,93,88,35,69,52,74,51,73,34,39,81,65,50,69,70,61,74,77,49,43,50,77,66,69,62,47,73,61,70,65,73,56,78,,,,,,,
amt_gaming_vqa_dataset/QXPT_kEoVT4_HalfLife2_9-35_1080p_1500k_av1,36,36,0,59,89,58,92,60,44,40,28,62,43,30,34,36,47,86,68,51,69,64,66,59,30,60,57,73,53,58,31,9,69,37,74,22,69,29,68,,,,,,,
amt_gaming_vqa_dataset/8cN8L9nNCYI_FallGuys_1-06,36,35,1,unset,64,63,30,48,54,91,29,78,84,82,87,72,74,73,60,66,86,67,89,96,44,32,64,69,32,87,75,64,56,94,78,40,70,41,38,,,,,,,
amt_gaming_vqa_dataset/8cN8L9nNCYI_FallGuys_1-06_720p_3000k_av1,36,36,0,89,68,57,92,51,43,92,82,77,73,73,71,48,86,100,71,73,61,97,55,85,49,68,64,76,50,96,60,75,98,46,90,71,73,52,63,,,,,,,
amt_gaming_vqa_dataset/qaLb_5zAD2o_SonicDash_8-57_360p_800k_h264_nvenc,36,36,0,23,22,17,29,44,39,17,1,8,55,27,25,29,0,0,0,100,51,53,43,0,29,2,12,62,20,6,0,28,16,5,42,25,37,13,11,,,,,,,
amt_gaming_vqa_dataset/8cN8L9nNCYI_FallGuys_1-06_720p_500k_av1,36,36,0,36,31,72,88,41,36,63,28,29,52,52,43,32,0,37,65,30,70,69,35,42,41,30,27,55,37,73,12,38,43,18,70,39,69,31,16,,,,,,,
amt_gaming_vqa_dataset/qaLb_5zAD2o_SonicDash_8-57_360p_800k_av1,36,36,0,45,86,77,49,67,44,85,50,83,49,74,65,81,81,89,59,40,87,97,76,72,61,55,65,70,78,67,46,50,49,94,74,42,98,48,79,,,,,,,
amt_gaming_vqa_dataset/mEPr4AZNtZU_TheWitcher3_6-39_480p_800k_hevc_nvenc,36,36,0,15,50,17,50,40,28,27,8,8,48,36,21,24,16,25,37,10,30,80,6,0,17,5,2,29,21,11,10,37,5,37,64,29,58,14,13,,,,,,,
amt_gaming_vqa_dataset/mEPr4AZNtZU_TheWitcher3_6-39_480p_1000k_h264_nvenc,36,36,0,55,50,31,41,41,16,58,51,8,5,26,39,18,13,0,22,8,49,48,9,0,23,29,26,17,29,8,14,29,25,12,53,16,70,11,17,,,,,,,
amt_gaming_vqa_dataset/mEPr4AZNtZU_TheWitcher3_6-39_480p_1000k_av1,36,36,0,42,50,29,38,42,11,32,28,12,8,34,35,31,0,45,0,35,44,97,8,0,18,0,11,58,30,12,8,32,23,29,32,22,50,16,12,,,,,,,
amt_gaming_vqa_dataset/mEPr4AZNtZU_TheWitcher3_6-39,36,35,1,unset,55,55,45,38,40,22,30,0,29,30,29,17,32,0,46,27,31,58,11,27,23,17,14,19,25,10,12,18,12,23,32,14,59,33,18,,,,,,,
amt_gaming_vqa_dataset/9oiLnlNxG-A_GarrysMod_4-16_480p_800k_hevc_nvenc,36,36,0,22,45,23,60,51,31,32,51,13,28,50,87,48,22,45,44,11,27,71,35,39,40,51,10,59,19,42,19,19,59,26,51,15,49,19,13,,,,,,,
amt_gaming_vqa_dataset/9oiLnlNxG-A_GarrysMod_4-16_480p_1000k_h264_nvenc,36,36,0,43,45,17,66,53,35,43,24,13,29,70,41,28,0,39,46,0,50,74,45,25,28,31,20,75,24,61,25,37,49,10,36,17,55,12,14,,,,,,,
amt_gaming_vqa_dataset/9oiLnlNxG-A_GarrysMod_4-16_480p_1000k_av1,36,36,0,44,45,28,59,56,16,50,53,23,57,70,69,37,0,45,40,22,50,71,20,32,29,58,34,75,34,68,36,18,62,59,73,18,54,26,33,,,,,,,
amt_gaming_vqa_dataset/9oiLnlNxG-A_GarrysMod_4-16,36,33,3,unset,50,14,29,20,36,65,7,21,28,41,70,28,0,33,41,4,50,81,9,unset,31,56,11,48,37,46,30,54,50,27,57,25,unset,12,12,,,,,,,
amt_gaming_vqa_dataset/0ucrLD3HRD4_StarCraft_15-15_480p_800k_hevc_nvenc,36,36,0,13,37,10,10,14,11,12,0,8,6,17,13,10,3,0,0,0,31,48,25,0,8,14,16,18,13,12,0,4,20,15,36,8,40,10,10,,,,,,,
amt_gaming_vqa_dataset/0ucrLD3HRD4_StarCraft_15-15_480p_1000k_h264_nvenc,36,36,0,13,36,36,8,27,11,22,0,4,8,14,25,20,0,4,0,4,50,66,3,0,8,3,8,73,0,12,15,7,6,22,76,8,50,11,13,,,,,,,
amt_gaming_vqa_dataset/0ucrLD3HRD4_StarCraft_15-15_480p_1000k_av1,36,35,1,18,18,28,39,18,15,23,7,0,8,12,20,14,2,0,0,0,29,42,unset,0,8,8,17,20,3,12,34,5,26,25,59,11,32,9,16,,,,,,,
amt_gaming_vqa_dataset/0ucrLD3HRD4_StarCraft_15-15,36,35,1,unset,18,11,9,38,11,22,0,3,0,21,13,18,0,0,0,0,21,53,27,0,7,29,16,42,0,11,15,8,20,15,44,11,39,8,13,,,,,,,
amt_gaming_vqa_dataset/8cN8L9nNCYI_FallGuys_1-06_720p_600k_hevc_nvenc,36,36,0,54,31,23,92,47,31,72,30,22,30,52,39,36,37,45,44,46,50,97,43,51,50,7,31,45,12,40,24,6,56,50,82,30,60,21,17,,,,,,,
amt_gaming_vqa_dataset/8cN8L9nNCYI_FallGuys_1-06_720p_3500k_hevc_nvenc,36,36,0,77,80,50,94,42,47,78,71,78,59,81,74,76,97,71,82,56,89,97,42,100,50,87,62,63,54,97,78,19,87,86,87,64,71,41,36,,,,,,,
amt_gaming_vqa_dataset/8cN8L9nNCYI_FallGuys_1-06_720p_1500k_hevc_nvenc,36,36,0,78,68,54,96,46,45,93,52,68,73,73,79,47,65,100,50,64,88,97,27,100,58,52,35,70,49,80,46,80,96,96,92,39,73,50,22,,,,,,,
amt_gaming_vqa_dataset/8cN8L9nNCYI_FallGuys_1-06_720p_5000k_h264_nvenc,36,35,1,88,90,79,95,71,56,85,72,82,50,87,75,70,100,80,91,60,34,97,87,100,71,88,52,68,46,88,72,unset,40,36,86,71,71,58,61,,,,,,,
amt_gaming_vqa_dataset/8cN8L9nNCYI_FallGuys_1-06_720p_2500k_h264_nvenc,36,36,0,93,60,71,93,57,44,78,50,83,50,23,77,73,76,83,71,39,88,97,63,95,59,31,49,47,45,79,38,63,96,64,88,40,72,50,61,,,,,,,
amt_gaming_vqa_dataset/8cN8L9nNCYI_FallGuys_1-06_720p_1000k_h264_nvenc,36,36,0,44,45,20,93,41,30,50,50,8,59,56,54,30,28,58,70,1,70,66,30,15,39,33,22,76,19,48,20,24,48,21,62,28,42,31,10,,,,,,,
amt_gaming_vqa_dataset/VZdrzpg-Iok_Valheim_1-34-06_720p_600k_hevc_nvenc,36,36,0,59,56,67,92,85,30,82,30,43,30,81,86,38,23,46,50,29,29,63,21,51,51,47,27,43,55,59,44,8,49,36,43,13,83,29,36,,,,,,,
